Date,Open,High,Low,Close,Volume
2015-11-13,0.008158603683114052,0.008164464496076107,0.00814113486558199,0.008159268647432327,0
2015-11-16,0.008176547475159168,0.008176547475159168,0.00811918918043375,0.008172338828444481,0
2015-11-17,0.008112931624054909,0.008118201047182083,0.008098740130662918,0.008112536743283272,0
2015-11-18,0.008101101964712143,0.008115565404295921,0.008093299344182014,0.008100773207843304,0
2015-11-19,0.008096247911453247,0.008143388666212559,0.00809395406395197,0.008095527067780495,0
2015-11-20,0.008136696182191372,0.008147635497152805,0.008127570152282715,0.008135901764035225,0
2015-11-23,0.008135372772812843,0.008143322542309761,0.00811365619301796,0.00813517440110445,0
2015-11-24,0.008133718743920326,0.008171403780579567,0.008133718743920326,0.008135703392326832,0
2015-11-25,0.00816226564347744,0.008179958909749985,0.008136828429996967,0.008162932470440865,0
2015-11-26,0.00815161969512701,0.008163264952600002,0.00815068930387497,0.008151288144290447,0
2015-11-27,0.00815461203455925,0.008175612427294254,0.008145179599523544,0.00815434567630291,0
2015-11-30,0.008141996338963509,0.008151288144290447,0.008113458752632141,0.008141333237290382,0
2015-12-01,0.008116883225739002,0.008152617141604424,0.008112141862511635,0.008116224780678749,0
2015-12-02,0.00813603401184082,0.008141068741679192,0.008101035840809345,0.008135703392326832,0
2015-12-03,0.008115565404295921,0.008137689903378487,0.008093823678791523,0.008115170523524284,0
2015-12-04,0.0081539461389184,0.008165931329131126,0.00810707826167345,0.008153081871569157,0
2015-12-07,0.00811727810651064,0.008120178245007992,0.008099133148789406,0.008117541670799255,0
2015-12-08,0.008110299706459045,0.0081484979018569,0.00810911599546671,0.008111615665256977,0
2015-12-09,0.008134710602462292,0.008207215927541256,0.008127636276185513,0.008135901764035225,0
2015-12-10,0.00821753405034542,0.008246810175478458,0.008206676691770554,0.008216926828026772,0
2015-12-11,0.008216723799705505,0.008274652063846588,0.008182636462152004,0.008216251619160175,0
2015-12-14,0.008272393606603146,0.008288574405014515,0.008241509087383747,0.008271778002381325,0
2015-12-15,0.008256274275481701,0.008292148821055889,0.008215307258069515,0.008258320391178131,0
2015-12-16,0.008218885399401188,0.008224360644817352,0.008191014640033245,0.00821861531585455,0
2015-12-17,0.00816453155130148,0.008181431330740452,0.00814597588032484,0.008165732026100159,0
2015-12-18,0.008166264742612839,0.008258320391178131,0.008107735775411129,0.008166599087417126,0
2015-12-21,0.008244498632848263,0.008260366506874561,0.008230723440647125,0.008244022727012634,0
2015-12-22,0.008250348269939423,0.00828301440924406,0.008244022727012634,0.00825041625648737,0
2015-12-23,0.008262619376182556,0.008276775479316711,0.008261390961706638,0.00826241448521614,0
2015-12-24,0.008268563076853752,0.008316008374094963,0.008267947472631931,0.008268904872238636,0
2015-12-25,0.008310824632644653,0.008330625481903553,0.008310755714774132,0.008321544155478477,0
2015-12-28,0.008316284976899624,0.008316700346767902,0.008290155790746212,0.008317322470247746,0
2015-12-29,0.008310134522616863,0.008318083360791206,0.008299443870782852,0.00830909889191389,0
2015-12-30,0.008296758867800236,0.00830909889191389,0.008289812132716179,0.008296758867800236,0
2015-12-31,0.008302200585603714,0.008333055302500725,0.008299443870782852,0.008302200585603714,0
2016-01-01,0.008313381113111973,0.008313381113111973,0.008313381113111973,0.008313381113111973,0
2016-01-04,0.0083113769069314,0.00842318031936884,0.008302338421344757,0.008311792276799679,0
2016-01-05,0.008370022289454937,0.00841743778437376,0.008355614729225636,0.008370512165129185,0
2016-01-06,0.008396306075155735,0.008455944247543812,0.00839278195053339,0.008396164514124393,0
2016-01-07,0.008431063033640385,0.008520500734448433,0.00842083990573883,0.008430992253124714,0
2016-01-08,0.008508466184139252,0.008509769104421139,0.008423889987170696,0.0085077416151762,0
2016-01-11,0.008541679009795189,0.00854635052382946,0.008475150913000107,0.0085411686450243,0
2016-01-12,0.008497548289597034,0.008529512211680412,0.008471417240798473,0.00849978718906641,0
2016-01-13,0.008486730977892876,0.008490405976772308,0.008448585867881775,0.008486802689731121,0
2016-01-14,0.008517887443304062,0.008524422533810139,0.008463028818368912,0.008516074158251286,0
2016-01-15,0.008458591066300869,0.00857265293598175,0.008456231094896793,0.008460021577775478,0
2016-01-18,0.00854627788066864,0.008552052080631256,0.00851542130112648,0.008547739125788212,0
2016-01-19,0.008518105372786522,0.008527548052370548,0.008467400446534157,0.008519048802554607,0
2016-01-20,0.008506295271217823,0.008619426749646664,0.008506295271217823,0.008505932986736298,0
2016-01-21,0.008531840518116951,0.008585312403738499,0.008513681590557098,0.008537231013178825,0
2016-01-22,0.008479965850710869,0.008506295271217823,0.008429073728621006,0.008480037562549114,0
2016-01-25,0.008434548042714596,0.008461525663733482,0.008414391428232193,0.008433694019913673,0
2016-01-26,0.008457732386887074,0.008498631417751312,0.008432058617472649,0.008458233438432217,0
2016-01-27,0.008447087369859219,0.008470771834254265,0.00842183269560337,0.008447373285889626,0
2016-01-28,0.008440100587904453,0.008445232175290585,0.008404279127717018,0.008441168814897537,0
2016-01-29,0.00840830709785223,0.008437395095825195,0.008219560608267784,0.00840830709785223,0
2016-02-01,0.008241169154644012,0.00828507263213396,0.008237096481025219,0.008241306059062481,0
2016-02-02,0.008274447172880173,0.008319467306137085,0.00826446246355772,0.008275405503809452,0
2016-02-03,0.008343762718141079,0.008504919707775116,0.00833069533109665,0.008343345485627651,0
2016-02-04,0.00846281461417675,0.00856025144457817,0.008462385274469852,0.008465966209769249,0
2016-02-05,0.008557833731174469,0.008582217618823051,0.008520863018929958,0.008556809276342392,0
2016-02-08,0.008550736121833324,0.008651791140437126,0.008509189821779728,0.00855066254734993,0
2016-02-09,0.008646778762340546,0.008751126006245613,0.008646778762340546,0.008645433932542801,0
2016-02-10,0.008681686595082283,0.008750437758862972,0.008681686595082283,0.00868123397231102,0
2016-02-11,0.00883087981492281,0.009002439677715302,0.008813446387648582,0.008829866535961628,0
2016-02-12,0.00889023207128048,0.008948065340518951,0.008839935064315796,0.008889125660061836,0
2016-02-15,0.00879700854420662,0.00882783904671669,0.008730040863156319,0.00879739597439766,0
2016-02-16,0.008747528307139874,0.008798169903457165,0.008705644868314266,0.0087472228333354,0
2016-02-17,0.008761630393564701,0.008819197304546833,0.008734005503356457,0.008765778504312038,0
2016-02-18,0.008749594911932945,0.008801267482340336,0.008749594911932945,0.008750437758862972,0
2016-02-19,0.008828384801745415,0.008870674297213554,0.008828306570649147,0.008830022066831589,0
2016-02-22,0.008886834606528282,0.008886834606528282,0.008821064606308937,0.00888975802809,0
2016-02-23,0.008853239938616753,0.008945424109697342,0.00885182898491621,0.00885182898491621,0
2016-02-24,0.008935672231018543,0.008999927900731564,0.008911067619919777,0.008938148617744446,0
2016-02-25,0.008923392742872238,0.008929687552154064,0.008855748921632767,0.008920527063310146,0
2016-02-26,0.00883876346051693,0.00888415053486824,0.008777319453656673,0.008840326219797134,0
2016-02-29,0.008793605491518974,0.008873429149389267,0.008784104138612747,0.008798169903457165,0
2016-03-01,0.00889513548463583,0.00891480129212141,0.008787346072494984,0.008894423022866249,0
2016-03-02,0.00877808965742588,0.008792290464043617,0.008730498142540455,0.008777319453656673,0
2016-03-03,0.008811271749436855,0.008813679218292236,0.00875196885317564,0.008813212625682354,0
2016-03-04,0.008796622045338154,0.00883821677416563,0.008759635500609875,0.00879739597439766,0
2016-03-07,0.008785801939666271,0.008817875757813454,0.008785801939666271,0.008787114173173904,0
2016-03-08,0.008811970241367817,0.008891655132174492,0.008811970241367817,0.008814300410449505,0
2016-03-09,0.008874689228832722,0.008909479714930058,0.008838373236358166,0.008876265026628971,0
2016-03-10,0.008832361549139023,0.00883704423904419,0.008738813921809196,0.00882978830486536,0
2016-03-11,0.00886218436062336,0.008862891234457493,0.008778783492743969,0.008860534988343716,0
2016-03-14,0.008790204301476479,0.008809486404061317,0.00877231452614069,0.008789045736193657,0
2016-03-15,0.008785261772572994,0.008875477127730846,0.008777550421655178,0.008785029873251915,0
2016-03-16,0.00884165521711111,0.008847912773489952,0.00878665130585432,0.00884134229272604,0
2016-03-17,0.0088657196611166,0.009034239687025547,0.008854729123413563,0.008869022130966187,0
2016-03-18,0.008977949619293213,0.009023316204547882,0.00896025262773037,0.00898069143295288,0
2016-03-21,0.008973438292741776,0.008990379981696606,0.008940545842051506,0.008973035961389542,0
2016-03-22,0.008917107246816158,0.008975693956017494,0.008913768455386162,0.008917503990232944,0
2016-03-23,0.008907812647521496,0.008916867896914482,0.008858416229486465,0.008908526971936226,0
2016-03-24,0.008894897997379303,0.008904718793928623,0.008850811049342155,0.008896796964108944,0
2016-03-25,0.008862891234457493,0.00886446237564087,0.008826748467981815,0.008862891234457493,0
2016-03-28,0.00881282426416874,0.008837435394525528,0.008796622045338154,0.008814455941319466,0
2016-03-29,0.008821064606308937,0.008831270039081573,0.008788581937551498,0.008821142837405205,0
2016-03-30,0.008877288550138474,0.008926020935177803,0.00887350831180811,0.008874689228832722,0
2016-03-31,0.00890115275979042,0.008919810876250267,0.008877919986844063,0.008899489417672157,0
2016-04-01,0.008890469558537006,0.008939506486058235,0.008890469558537006,0.008890469558537006,0
2016-04-04,0.00895215105265379,0.008998065255582333,0.00894990749657154,0.008950788527727127,0
2016-04-05,0.008989248424768448,0.009087356738746166,0.008989248424768448,0.008988764137029648,0
2016-04-06,0.009060515090823174,0.009121257811784744,0.009039221331477165,0.009059776552021503,0
2016-04-07,0.009113028645515442,0.009279880672693253,0.009109624661505222,0.00911585334688425,0
2016-04-08,0.00921523105353117,0.009240350686013699,0.009166743606328964,0.009222795255482197,0
2016-04-11,0.009232587181031704,0.009288155473768711,0.009223390370607376,0.009232672862708569,0
2016-04-12,0.009263548068702221,0.00926749687641859,0.009203018620610237,0.009265264496207237,0
2016-04-13,0.009202087298035622,0.009213193319737911,0.009142355993390083,0.009204712696373463,0
2016-04-14,0.009139598347246647,0.009182652458548546,0.009129668585956097,0.009139097295701504,0
2016-04-15,0.00914687104523182,0.009206746704876423,0.009113277308642864,0.00914779119193554,0
2016-04-18,0.009250436909496784,0.009270504117012024,0.009179196320474148,0.009257801808416843,0
2016-04-19,0.009169264696538448,0.009191430173814297,0.009134923107922077,0.009168172255158424,0
2016-04-20,0.009159103035926819,0.009193711914122105,0.00913158617913723,0.009154155850410461,0
2016-04-21,0.009104980155825615,0.009145784191787243,0.009104731492698193,0.009104317054152489,0
2016-04-22,0.009134004823863506,0.009150804951786995,0.00896619725972414,0.00913767796009779,0
2016-04-25,0.008972391486167908,0.00902087427675724,0.008972391486167908,0.008973760530352592,0
2016-04-26,0.00900025200098753,0.009035545401275158,0.008984241634607315,0.008997984230518341,0
2016-04-27,0.008990056812763214,0.009006817825138569,0.008977788500487804,0.008990379981696606,0
2016-04-28,0.00896732322871685,0.009263548068702221,0.008940305560827255,0.008967001922428608,0
2016-04-29,0.00925154983997345,0.00937136821448803,0.00925154983997345,0.00925274845212698,0
2016-05-02,0.009392758831381798,0.009416550397872925,0.009364347904920578,0.009393816813826561,0
2016-05-03,0.009398231282830238,0.00947508029639721,0.009398231282830238,0.009398849681019783,0
2016-05-04,0.009372422471642494,0.009408754296600819,0.009315324015915394,0.009373827837407589,0
2016-05-05,0.009351037442684174,0.00936241913586855,0.009307953529059887,0.009352787397801876,0
2016-05-06,0.00931471586227417,0.009392140433192253,0.009309080429375172,0.009321835823357105,0
2016-05-09,0.009316365234553814,0.00932427030056715,0.009208442643284798,0.009314456023275852,0
2016-05-10,0.009227645583450794,0.00923216063529253,0.009152396582067013,0.009230967611074448,0
2016-05-11,0.009156670421361923,0.009221688844263554,0.009156670421361923,0.009158012457191944,0
2016-05-12,0.009221688844263554,0.009238557890057564,0.009142606519162655,0.009223815985023975,0
2016-05-13,0.00916405487805605,0.00921540055423975,0.009136257693171501,0.009165902622044086,0
2016-05-16,0.009202087298035622,0.009205305948853493,0.009176837280392647,0.009202933870255947,0
2016-05-17,0.00916842371225357,0.00918687041848898,0.009120592847466469,0.009167583659291267,0
2016-05-18,0.009172123856842518,0.009195148944854736,0.009105892851948738,0.0091785229742527,0
2016-05-19,0.00907432846724987,0.009115355089306831,0.009061582386493683,0.009079353883862495,0
2016-05-20,0.00909818708896637,0.009102742187678814,0.009043553844094276,0.009100754745304585,0
2016-05-23,0.009085457772016525,0.009145784191787243,0.009085457772016525,0.00908677838742733,0
2016-05-24,0.009145532734692097,0.009160025976598263,0.009087109006941319,0.009142940863966942,0
2016-05-25,0.009077704511582851,0.009102494455873966,0.00905444473028183,0.009076881222426891,0
2016-05-26,0.00908273458480835,0.009138679131865501,0.009080507792532444,0.009081744588911533,0
2016-05-27,0.009117432869970798,0.009133420884609222,0.009091735817492008,0.009114690124988556,0
2016-05-30,0.009028366766870022,0.009031792171299458,0.00897504948079586,0.009027715772390366,0
2016-05-31,0.00902087427675724,0.009027144871652126,0.008982304483652115,0.009021932259202003,0
2016-06-01,0.009037505835294724,0.009169264696538448,0.009023316204547882,0.009035872295498848,0
2016-06-02,0.009140684269368649,0.00921429693698883,0.009137259796261787,0.009134339168667793,0
2016-06-03,0.009181134402751923,0.009377608075737953,0.009163551032543182,0.009186110459268093,0
2016-06-06,0.009372510015964508,0.009384824894368649,0.009309080429375172,0.009370227344334126,0
2016-06-07,0.00931098684668541,0.009329228661954403,0.00927016045898199,0.00930769369006157,0
2016-06-08,0.009324705228209496,0.009380334988236427,0.009323053061962128,0.009323662146925926,0
2016-06-09,0.009362945333123207,0.00940928515046835,0.009357688017189503,0.009365050122141838,0
2016-06-10,0.00933898612856865,0.009372510015964508,0.009326618164777756,0.009337940253317356,0
2016-06-13,0.009391258470714092,0.009456711821258068,0.009378575719892979,0.009389318525791168,0
2016-06-14,0.009416196495294571,0.009465394541621208,0.00939814280718565,0.009413891471922398,0
2016-06-15,0.009428269229829311,0.009453046135604382,0.009401146322488785,0.009426225908100605,0
2016-06-16,0.009446438401937485,0.009649715386331081,0.009446438401937485,0.009447331540286541,0
2016-06-17,0.00954444333910942,0.00960614811629057,0.009541438892483711,0.009547177702188492,0
2016-06-20,0.009554840624332428,0.00958772748708725,0.009538981132209301,0.009555843658745289,0
2016-06-21,0.009634560905396938,0.009651112370193005,0.009547450579702854,0.009631684981286526,0
2016-06-22,0.009553835727274418,0.009584695100784302,0.009545172564685345,0.009553835727274418,0
2016-06-23,0.009561601094901562,0.009592050686478615,0.009433962404727936,0.009555662050843239,0
2016-06-24,0.009532615542411804,0.010002700611948967,0.009478852152824402,0.009533251635730267,0
2016-06-27,0.0097828209400177,0.009857072494924068,0.009765815921127796,0.009791729971766472,0
2016-06-28,0.009828106500208378,0.009843973442912102,0.009728100150823593,0.009822024963796139,0
2016-06-29,0.009738046675920486,0.009785693138837814,0.009728951379656792,0.009737003594636917,0
2016-06-30,0.009733875282108784,0.009766197763383389,0.009714490734040737,0.009729708544909954,0
2016-07-01,0.00970374420285225,0.009760287590324879,0.009694807231426239,0.009701861999928951,0
2016-07-04,0.009759430773556232,0.009759906679391861,0.009728005155920982,0.009757240302860737,0
2016-07-05,0.009754194878041744,0.009856101125478745,0.009754098951816559,0.009754384867846966,0
2016-07-06,0.009885329753160477,0.009978546760976315,0.009874300099909306,0.009887187741696835,0
2016-07-07,0.009891686029732227,0.00993936974555254,0.009878493845462799,0.009886307641863823,0
2016-07-08,0.009920930489897728,0.009990409016609192,0.009886014275252819,0.009921618737280369,0
2016-07-11,0.009932853281497955,0.009944312274456024,0.009738046675920486,0.009931275621056557,0
2016-07-12,0.009755812585353851,0.009759430773556232,0.009542622603476048,0.009753813967108727,0
2016-07-13,0.009548179805278778,0.009618806652724743,0.00953779835253954,0.009545993059873581,0
2016-07-14,0.009612057358026505,0.009612057358026505,0.009442068636417389,0.00960836373269558,0
2016-07-15,0.009509318508207798,0.009510223753750324,0.009406895376741886,0.00950651615858078,0
2016-07-18,0.00948442704975605,0.009496405720710754,0.009418323636054993,0.009482357650995255,0
2016-07-19,0.009421695955097675,0.009463065303862095,0.009386938996613026,0.009420986287295818,0
2016-07-20,0.009421873837709427,0.009447242133319378,0.009364786557853222,0.009421785362064838,0
2016-07-21,0.00933140516281128,0.009483796544373035,0.009303710423409939,0.009328009560704231,0
2016-07-22,0.009452242404222488,0.009469517506659031,0.009399909526109695,0.009450813755393028,0
2016-07-25,0.009410524740815163,0.009438681416213512,0.00937171932309866,0.009405037388205528,0
2016-07-26,0.009470773860812187,0.009612704627215862,0.009466649033129215,0.009471669793128967,0
2016-07-27,0.009538981132209301,0.009538981132209301,0.009388789534568787,0.009537525475025177,0
2016-07-28,0.009529618546366692,0.009567455388605595,0.009510314092040062,0.00952825602144003,0
2016-07-29,0.009544534608721733,0.00977727398276329,0.009541438892483711,0.009546995162963867,0
2016-08-01,0.009770682081580162,0.009790675714612007,0.009738994762301445,0.00977211445569992,0
2016-08-02,0.009774502366781235,0.009919256903231144,0.009728100150823593,0.009769536554813385,0
2016-08-03,0.00989334937185049,0.00992575567215681,0.009847753681242466,0.009894328191876411,0
2016-08-04,0.009869816713035107,0.009914045222103596,0.00983642041683197,0.00986806396394968,0
2016-08-05,0.009878787212073803,0.009911981411278248,0.009800942614674568,0.0098815206438303,0
2016-08-08,0.009800270199775696,0.009812579490244389,0.009744024835526943,0.009790005162358284,0
2016-08-09,0.009776796214282513,0.009823182597756386,0.009754479862749577,0.00977631751447916,0
2016-08-10,0.009811424650251865,0.009904029779136181,0.009811424650251865,0.009812097996473312,0
2016-08-11,0.009887675754725933,0.009898539632558823,0.009852701798081398,0.009887969121336937,0
2016-08-12,0.009822024963796139,0.009914536960422993,0.009778134524822235,0.00982241053134203,0
2016-08-15,0.009875177405774593,0.009912080131471157,0.009857267141342163,0.009873325936496258,0
2016-08-16,0.00987644586712122,0.010042883455753326,0.00987644586712122,0.009877518750727177,0
2016-08-17,0.009978844784200191,0.009983128868043423,0.009888947010040283,0.009980040602385998,0
2016-08-18,0.01001071184873581,0.010034921579062939,0.009953022003173828,0.010009408928453922,0
2016-08-19,0.009985920041799545,0.00999540276825428,0.009957282803952694,0.009988812729716301,0
2016-08-22,0.009946190752089024,0.009977550245821476,0.009908249601721764,0.009944905526936054,0
2016-08-23,0.009969989769160748,0.01000440213829279,0.009962144307792187,0.009974963031709194,0
2016-08-24,0.0099653210490942,0.009990209713578224,0.00994253158569336,0.009968996979296207,0
2016-08-25,0.0099453991279006,0.009969295002520084,0.009940851479768753,0.009945102967321873,0
2016-08-26,0.009944608435034752,0.009991208091378212,0.009872740134596825,0.00994480587542057,0
2016-08-29,0.009807671420276165,0.009817010723054409,0.009767341427505016,0.00981161743402481,0
2016-08-30,0.009822024963796139,0.009827430360019207,0.009713642299175262,0.009822314605116844,0
2016-08-31,0.009720723144710064,0.009720723144710064,0.009659969247877598,0.009721196256577969,0
2016-09-01,0.009679886512458324,0.009701014496386051,0.009615939110517502,0.009680354967713356,0
2016-09-02,0.00968532357364893,0.009723559021949768,0.009589106775820255,0.009684479795396328,0
2016-09-05,0.009619269520044327,0.009694243781268597,0.009614367969334126,0.009621490724384785,0
2016-09-06,0.009659315459430218,0.009799310006201267,0.009633354842662811,0.009660902433097363,0
2016-09-07,0.00984804518520832,0.009878592565655708,0.009827430360019207,0.00984979048371315,0
2016-09-08,0.009821542538702488,0.009857267141342163,0.009776700288057327,0.009820384904742241,0
2016-09-09,0.009774597361683846,0.009805074892938137,0.00970675889402628,0.009774597361683846,0
2016-09-12,0.009759238921105862,0.009825981222093105,0.00974184088408947,0.009762002155184746,0
2016-09-13,0.009827430360019207,0.009854935109615326,0.009764671325683594,0.009827913716435432,0
2016-09-14,0.009752863086760044,0.00977211445569992,0.009677169844508171,0.009755716659128666,0
2016-09-15,0.00975362304598093,0.00980786420404911,0.009734160266816616,0.009751531295478344,0
2016-09-16,0.009805459529161453,0.0098256915807724,0.009766101837158203,0.00980315264314413,0
2016-09-19,0.009772209450602531,0.009844360873103142,0.009769154712557793,0.009774502366781235,0
2016-09-20,0.009813060984015465,0.009845136664807796,0.009799310006201267,0.009818745777010918,0
2016-09-21,0.009843100793659687,0.009944015182554722,0.009729803539812565,0.009847656823694706,0
2016-09-22,0.009959961287677288,0.009989910759031773,0.00991158839315176,0.009960854426026344,0
2016-09-23,0.009920339100062847,0.00993157085031271,0.009878493845462799,0.00991758517920971,0
2016-09-26,0.009909819811582565,0.009970488026738167,0.009893545880913734,0.009911883622407913,0
2016-09-27,0.009961746633052826,0.009985920041799545,0.00990334339439869,0.009964228607714176,0
2016-09-28,0.009952724911272526,0.009957878850400448,0.009919454343616962,0.00995341781526804,0
2016-09-29,0.009906482882797718,0.009908740408718586,0.009822217747569084,0.009907366707921028,0
2016-09-30,0.00988269317895174,0.009924967773258686,0.009834099560976028,0.0098815206438303,0
2016-10-03,0.00984843261539936,0.00987995881587267,0.009837484918534756,0.009846105240285397,0
2016-10-04,0.00981971062719822,0.00982009619474411,0.009721668437123299,0.009821542538702488,0
2016-10-05,0.009723653085529804,0.009738805703818798,0.009654093533754349,0.009720062837004662,0
2016-10-06,0.009666599333286285,0.009676139801740646,0.009601905010640621,0.00966557115316391,0
2016-10-07,0.00963827595114708,0.009720912203192711,0.009617418982088566,0.009637161158025265,0
2016-10-10,0.009703273884952068,0.009725923649966717,0.00963911134749651,0.009707042016088963,0
2016-10-11,0.009639855474233627,0.009679042734205723,0.009609471075236797,0.009643481113016605,0
2016-10-12,0.009679979644715786,0.009680542163550854,0.00957185123115778,0.009676607325673103,0
2016-10-13,0.009586164727807045,0.009675015695393085,0.009559224359691143,0.009587359614670277,0
2016-10-14,0.00963827595114708,0.009646457619965076,0.009573133662343025,0.009641156531870365,0
2016-10-17,0.009607993997633457,0.009624454192817211,0.009582949802279472,0.009611779823899269,0
2016-10-18,0.009628438390791416,0.009644224308431149,0.009597850032150745,0.009629180654883385,0
2016-10-19,0.009627047926187515,0.009691518731415272,0.009621305391192436,0.00962788239121437,0
2016-10-20,0.009667533449828625,0.009669683873653412,0.009608548134565353,0.009672021493315697,0
2016-10-21,0.009603380225598812,0.009659595787525177,0.009597021155059338,0.009605317376554012,0
2016-10-24,0.009623991325497627,0.009641341865062714,0.009587819688022137,0.009623064659535885,0
2016-10-25,0.009588646702468395,0.009592326357960701,0.009536070749163628,0.009585797786712646,0
2016-10-26,0.009602089412510395,0.009613165631890297,0.009572217240929604,0.009601167403161526,0
2016-10-27,0.009562789462506771,0.009585338644683361,0.009509771130979061,0.009563611820340157,0
2016-10-28,0.009502542205154896,0.009517827071249485,0.00947912223637104,0.009504890069365501,0
2016-10-31,0.009563246741890907,0.009565625339746475,0.0095041673630476,0.009563429281115532,0
2016-11-01,0.009539344348013401,0.009573317132890224,0.009512937627732754,0.009540163911879063,0
2016-11-02,0.009607716463506222,0.009698567911982536,0.009600983001291752,0.009606885723769665,0
2016-11-03,0.009671835228800774,0.009748869575560093,0.009667813777923584,0.009673237800598145,0
2016-11-04,0.009704498574137688,0.009723653085529804,0.009676514193415642,0.009703838266432285,0
2016-11-07,0.00959877111017704,0.009629551321268082,0.009557944722473621,0.009597389958798885,0
2016-11-08,0.009573500603437424,0.00958754401654005,0.009540073573589325,0.009575058706104755,0
2016-11-09,0.009524445049464703,0.009880837053060532,0.009485776536166668,0.009521089494228363,0
2016-11-10,0.009447331540286541,0.009521723724901676,0.009351475164294243,0.009447063319385052,0
2016-11-11,0.00936277024447918,0.00942915864288807,0.009353136643767357,0.009358388371765614,0
2016-11-14,0.009357775561511517,0.009357775561511517,0.009219394065439701,0.009357075206935406,0
2016-11-15,0.009240265004336834,0.009277298115193844,0.00917641632258892,0.009241973049938679,0
2016-11-16,0.009173807688057423,0.00919041596353054,0.009111866354942322,0.009171114303171635,0
2016-11-17,0.009192697703838348,0.009210392832756042,0.009123005904257298,0.009192443452775478,0
2016-11-18,0.00907136406749487,0.009106223471462727,0.009019003249704838,0.009069801308214664,0
2016-11-21,0.009014775045216084,0.009049282409250736,0.008995718322694302,0.00901120062917471,0
2016-11-22,0.009035300463438034,0.009067416191101074,0.008980369195342064,0.009037505835294724,0
2016-11-23,0.00900909025222063,0.009020142257213593,0.008854024112224579,0.009008522145450115,0
2016-11-24,0.008887941017746925,0.008894660510122776,0.008809718303382397,0.008882414549589157,0
2016-11-25,0.008828229270875454,0.008880206383764744,0.00878040213137865,0.008826748467981815,0
2016-11-28,0.008877052925527096,0.008977063931524754,0.008867763914167881,0.008876895532011986,0
2016-11-29,0.00895215105265379,0.00895215105265379,0.008826125413179398,0.008953352458775043,0
2016-11-30,0.00888857338577509,0.008923312649130821,0.00877639465034008,0.008891260251402855,0
2016-12-01,0.008720600977540016,0.00878418143838644,0.008717408403754234,0.008718851953744888,0
2016-12-02,0.008779477328062057,0.008823477663099766,0.008759789168834686,0.008778938092291355,0
2016-12-05,0.008808632381260395,0.008823399432003498,0.008713002316653728,0.008810184895992279,0
2016-12-06,0.008781018666923046,0.00880940817296505,0.008759098127484322,0.008782484568655491,0
2016-12-07,0.008765624836087227,0.008809098042547703,0.008742481470108032,0.0087679298594594,0
2016-12-08,0.00878950860351324,0.008833765983581543,0.008744239807128906,0.008794069290161133,0
2016-12-09,0.00876708421856165,0.008770391345024109,0.008675585500895977,0.008766163140535355,0
2016-12-12,0.008662508800625801,0.008683796972036362,0.008614822290837765,0.008664609864354134,0
2016-12-13,0.008696181699633598,0.008712546899914742,0.008660407736897469,0.008695500902831554,0
2016-12-14,0.008680932223796844,0.008712243288755417,0.008672726340591908,0.008678747341036797,0
2016-12-15,0.008530094288289547,0.00853249616920948,0.008428363129496574,0.008531622588634491,0
2016-12-16,0.008455372415482998,0.008479858748614788,0.008446088060736656,0.008457303047180176,0
2016-12-19,0.008487739600241184,0.008558199740946293,0.00848658662289381,0.008489612489938736,0
2016-12-20,0.00854379590600729,0.008547008968889713,0.00845801830291748,0.00854430627077818,0
2016-12-21,0.008488532155752182,0.008538762107491493,0.008471130393445492,0.008483563549816608,0
2016-12-22,0.008502100594341755,0.008523914031684399,0.00848529115319252,0.008503112010657787,0
2016-12-23,0.008506295271217823,0.008534170687198639,0.008506295271217823,0.008507597260177135,0
2016-12-26,0.008524204604327679,0.008546935394406319,0.008524204604327679,0.008524422533810139,0
2016-12-27,0.008533661253750324,0.008533661253750324,0.008503329008817673,0.008533005602657795,0
2016-12-28,0.008511579595506191,0.008519483730196953,0.008488603867590427,0.008512087166309357,0
2016-12-29,0.008543577045202255,0.008603482507169247,0.008543577045202255,0.00854065828025341,0
2016-12-30,0.008597343228757381,0.008611632511019707,0.008533150888979435,0.008600892499089241,0
2017-01-02,0.008560910820960999,0.008567145094275475,0.008511724881827831,0.00856201071292162,0
2017-01-03,0.008511507883667946,0.008526166900992393,0.008432201109826565,0.00851100031286478,0
2017-01-04,0.00849776528775692,0.008542044088244438,0.00846195500344038,0.008499137125909328,0
2017-01-05,0.008542919531464577,0.008673553355038166,0.00854080356657505,0.008538762107491493,0
2017-01-06,0.008671673014760017,0.008675810880959034,0.008565750904381275,0.008675660938024521,0
2017-01-09,0.008535409346222878,0.008607110939919949,0.008508900180459023,0.008536064997315407,0
2017-01-10,0.008620986714959145,0.008680329658091068,0.00859601330012083,0.008621804416179657,0
2017-01-11,0.008629988878965378,0.008644461631774902,0.00855907890945673,0.008630212396383286,0
2017-01-12,0.008691495284438133,0.008790436200797558,0.008679123595356941,0.008688248693943024,0
2017-01-13,0.008718700148165226,0.008750131353735924,0.008666411973536015,0.008721132762730122,0
2017-01-16,0.008751816116273403,0.00879538431763649,0.008737516589462757,0.008754497393965721,0
2017-01-17,0.008762245066463947,0.008869966492056847,0.00875074416399002,0.008760249242186546,0
2017-01-18,0.00885676871985197,0.008877446874976158,0.008806305006146431,0.008859122171998024,0
2017-01-19,0.008715508505702019,0.008739502169191837,0.008656434714794159,0.008713685907423496,0
2017-01-20,0.008703675121068954,0.008730117231607437,0.008667764253914356,0.008697164244949818,0
2017-01-23,0.008783255703747272,0.00885151606053114,0.008769160136580467,0.008786574006080627,0
2017-01-24,0.008862262591719627,0.008882571943104267,0.008813057094812393,0.008866820484399796,0
2017-01-25,0.008779400028288364,0.008843062445521355,0.008774855174124241,0.008784258738160133,0
2017-01-26,0.00883454643189907,0.008844313211739063,0.00871323049068451,0.008826671168208122,0
2017-01-27,0.008739348500967026,0.008741182275116444,0.008670319803059101,0.008737058378756046,0
2017-01-30,0.008719688281416893,0.008790127001702785,0.008702084422111511,0.008720829151570797,0
2017-01-31,0.008795538917183876,0.008921959437429905,0.008777165785431862,0.00879894383251667,0
2017-02-01,0.008867763914167881,0.008867763914167881,0.008778475224971771,0.008869730867445469,0
2017-02-02,0.008830567821860313,0.008922437205910683,0.008830567821860313,0.008825268596410751,0
2017-02-03,0.008866898715496063,0.008902856148779392,0.008831425569951534,0.008866112679243088,0
2017-02-06,0.008877288550138474,0.008926339447498322,0.008867527358233929,0.008877919986844063,0
2017-02-07,0.008944704197347164,0.008960654027760029,0.008884229697287083,0.008942384272813797,0
2017-02-08,0.00889663863927126,0.00895664095878601,0.008887309581041336,0.008897826075553894,0
2017-02-09,0.008932160213589668,0.00893631111830473,0.008835561573505402,0.008932399563491344,0
2017-02-10,0.008815466426312923,0.008820364251732826,0.008784258738160133,0.008815699256956577,0
2017-02-13,0.008774238638579845,0.008814300410449505,0.008761554025113583,0.008778552524745464,0
2017-02-14,0.00879716407507658,0.008828384801745415,0.008738738484680653,0.008794687688350677,0
2017-02-15,0.008749977685511112,0.008753425441682339,0.008700115606188774,0.008748829364776611,0
2017-02-16,0.008761477656662464,0.00883173756301403,0.008761477656662464,0.008763320744037628,0
2017-02-17,0.008822076953947544,0.008878707885742188,0.00881189201027155,0.008825736120343208,0
2017-02-20,0.008857395499944687,0.00886234175413847,0.008831425569951534,0.008856533095240593,0
2017-02-21,0.008830567821860313,0.008830567821860313,0.008790899999439716,0.00882768351584673,0
2017-02-22,0.008798634633421898,0.008856375701725483,0.008798634633421898,0.008797473274171352,0
2017-02-23,0.008820286951959133,0.00888280849903822,0.00881857518106699,0.008817020803689957,0
2017-02-24,0.008875004015862942,0.00892347190529108,0.00885347556322813,0.008874531835317612,0
2017-02-27,0.008914721198379993,0.00893375650048256,0.008891417644917965,0.008913609199225903,0
2017-02-28,0.008870438672602177,0.00894586369395256,0.008865484036505222,0.008869572542607784,0
2017-03-01,0.008846895769238472,0.008864147588610649,0.008769006468355656,0.008843530900776386,0
2017-03-02,0.008764472790062428,0.008783718571066856,0.008730879053473473,0.008762628771364689,0
2017-03-03,0.008747146464884281,0.008766163140535355,0.008731793612241745,0.008745692670345306,0
2017-03-06,0.008785493671894073,0.008805878460407257,0.008778628893196583,0.008783718571066856,0
2017-03-07,0.008778397925198078,0.008792059496045113,0.008761093951761723,0.008778320625424385,0
2017-03-08,0.008777781389653683,0.008801423013210297,0.008717179298400879,0.008777627721428871,0
2017-03-09,0.008740800432860851,0.008743781596422195,0.008699585683643818,0.008740417659282684,0
2017-03-10,0.008685154840350151,0.008709663525223732,0.008658908307552338,0.008684400469064713,0
2017-03-13,0.008712698705494404,0.008734920993447304,0.008702310733497143,0.008715963922441006,0
2017-03-14,0.008702235296368599,0.008728974498808384,0.008682364597916603,0.008702084422111511,0
2017-03-15,0.008721970021724701,0.008728783577680588,0.008704659529030323,0.00872151367366314,0
2017-03-16,0.008818342350423336,0.008855827152729034,0.008808399550616741,0.008818186819553375,0
2017-03-17,0.008822388015687466,0.008884822018444538,0.008811349049210548,0.008823011070489883,0
2017-03-20,0.008875871077179909,0.008891496807336807,0.008858650922775269,0.008875161409378052,0
2017-03-21,0.008883045986294746,0.008941824547946453,0.008860692381858826,0.008883125148713589,0
2017-03-22,0.008963544853031635,0.009028122760355473,0.008948225528001785,0.008966037072241306,0
2017-03-23,0.008981982246041298,0.009038975462317467,0.00896394718438387,0.008979159407317638,0
2017-03-24,0.009009658358991146,0.009018759243190289,0.008970540948212147,0.009008684195578098,0
2017-03-27,0.009046253748238087,0.009080919437110424,0.009043226018548012,0.009045517072081566,0
2017-03-28,0.009029589593410492,0.00907383393496275,0.009024212136864662,0.009027632884681225,0
2017-03-29,0.008993775583803654,0.009028937667608261,0.008985049091279507,0.008990704081952572,0
2017-03-30,0.008999360725283623,0.009011850692331791,0.008970138616859913,0.008996527642011642,0
2017-03-31,0.008949266746640205,0.008977225050330162,0.008914165198802948,0.008946464397013187,0
2017-04-03,0.008983676321804523,0.009015263058245182,0.0089626619592309,0.008987552486360073,0
2017-04-04,0.009033342823386192,0.009068320505321026,0.009025189094245434,0.009032689034938812,0
2017-04-05,0.009023071266710758,0.009046089835464954,0.008975371718406677,0.00902087427675724,0
2017-04-06,0.00905838143080473,0.009066511876881123,0.00900025200098753,0.009059530682861805,0
2017-04-07,0.0090177021920681,0.009078364819288254,0.009009821340441704,0.009017376229166985,0
2017-04-10,0.008990784175693989,0.009013962000608444,0.008962822146713734,0.008990784175693989,0
2017-04-11,0.009034402668476105,0.009121091105043888,0.00902258325368166,0.009032036177814007,0
2017-04-12,0.00912533700466156,0.009143609553575516,0.009111202321946621,0.009125170297920704,0
2017-04-13,0.009185013361275196,0.009196163155138493,0.009143191389739513,0.009182567708194256,0
2017-04-14,0.009164727292954922,0.009211241267621517,0.009155916050076485,0.009165818803012371,0
2017-04-17,0.009233951568603516,0.009247100912034512,0.009205899201333523,0.00923165027052164,0
2017-04-18,0.009161620400846004,0.009223900735378265,0.009156502783298492,0.009164894931018353,0
2017-04-19,0.009212599135935307,0.009222964756190777,0.009160277433693409,0.009213617071509361,0
2017-04-20,0.009187714196741581,0.009197939187288284,0.009139848873019218,0.009188305586576462,0
2017-04-21,0.00914344284683466,0.009179111570119858,0.009142188355326653,0.009142857044935226,0
2017-04-24,0.00909148808568716,0.00911402516067028,0.009064046666026115,0.009092727676033974,0
2017-04-25,0.009121923707425594,0.009121923707425594,0.009009577333927155,0.00912067573517561,0
2017-04-26,0.009003980085253716,0.009005601517856121,0.008950628340244293,0.009005277417600155,0
2017-04-27,0.00899482797831297,0.009004750289022923,0.008961295709013939,0.008993533439934254,0
2017-04-28,0.00899159349501133,0.009002520702779293,0.008953593671321869,0.008990704081952572,0
2017-05-01,0.008984483778476715,0.008984483778476715,0.008936550468206406,0.008984564803540707,0
2017-05-02,0.008942943997681141,0.008942943997681141,0.008905195631086826,0.008943583816289902,0
2017-05-03,0.008930644951760769,0.008930804207921028,0.008889678865671158,0.008931043557822704,0
2017-05-04,0.008865326642990112,0.008875949308276176,0.008846582844853401,0.008866584859788418,0
2017-05-05,0.00888644065707922,0.008921004831790924,0.008870123885571957,0.00888596661388874,0
2017-05-08,0.008873743936419487,0.008896559476852417,0.008859514258801937,0.008874374441802502,0
2017-05-09,0.00883314199745655,0.008838528767228127,0.00875618401914835,0.008831581100821495,0
2017-05-10,0.008795925416052341,0.00879917573183775,0.008760479278862476,0.008795229718089104,0
2017-05-11,0.008748676627874374,0.008812124840915203,0.008746151812374592,0.008746763691306114,0
2017-05-12,0.008786264806985855,0.008832908235490322,0.008776087313890457,0.00878665130585432,0
2017-05-15,0.008828852325677872,0.008829554542899132,0.008793373592197895,0.008828384801745415,0
2017-05-16,0.008799098432064056,0.008851045742630959,0.008790667168796062,0.008799564093351364,0
2017-05-17,0.008871696889400482,0.008989652618765831,0.008871540427207947,0.008877367712557316,0
2017-05-18,0.008999684825539589,0.009072228334844112,0.008975371718406677,0.008998794481158257,0
2017-05-19,0.008974888361990452,0.0090034119784832,0.008953914046287537,0.008976579643785954,0
2017-05-22,0.008987310342490673,0.009012175723910332,0.00896137673407793,0.008986017666757107,0
2017-05-23,0.009013150818645954,0.009016319178044796,0.008953112177550793,0.009017864242196083,0
2017-05-24,0.008933676406741142,0.008951990865170956,0.008919731713831425,0.008932000957429409,0
2017-05-25,0.008967001922428608,0.008967001922428608,0.00893375650048256,0.008966679684817791,0
2017-05-26,0.008951269090175629,0.009018189273774624,0.008945023640990257,0.008950147777795792,0
2017-05-29,0.00898739043623209,0.008991996757686138,0.008972070179879665,0.008988279849290848,0
2017-05-30,0.008993695490062237,0.00903628021478653,0.008991754613816738,0.00899490900337696,0
2017-05-31,0.009019165299832821,0.009050101041793823,0.008993533439934254,0.009022095240652561,0
2017-06-01,0.009027796797454357,0.009027796797454357,0.008972955867648125,0.009025597013533115,0
2017-06-02,0.00897182896733284,0.009062731638550758,0.008952631615102291,0.008973680436611176,0
2017-06-05,0.009051084518432617,0.00906248576939106,0.009031792171299458,0.009052805602550507,0
2017-06-06,0.009059612639248371,0.00915398821234703,0.009054936468601227,0.009059530682861805,0
2017-06-07,0.009132836945354939,0.009163551032543182,0.009121757000684738,0.00913166906684637,0
2017-06-08,0.0090976906940341,0.00913993176072836,0.009060515090823174,0.009099180810153484,0
2017-06-09,0.00909818708896637,0.00909818708896637,0.009026329964399338,0.009102576412260532,0
2017-06-12,0.009065525606274605,0.009117764420807362,0.009064868092536926,0.009067169390618801,0
2017-06-13,0.009097856469452381,0.009097856469452381,0.009068978950381279,0.009097442962229252,0
2017-06-14,0.00908719189465046,0.009179027751088142,0.009063143283128738,0.009086365811526775,0
2017-06-15,0.009140850976109505,0.009140850976109505,0.009028692729771137,0.009136926382780075,0
2017-06-16,0.009005196392536163,0.00903660710901022,0.008976338431239128,0.00901290588080883,0
2017-06-19,0.009010795503854752,0.009016401134431362,0.008978514932096004,0.009012743830680847,0
2017-06-20,0.00894942693412304,0.008982546627521515,0.00894718524068594,0.00895471591502428,0
2017-06-21,0.008981255814433098,0.009003696031868458,0.008951510302722454,0.008981982246041298,0
2017-06-22,0.008981982246041298,0.009012581780552864,0.008974002674221992,0.008983919396996498,0
2017-06-23,0.008983919396996498,0.008996203541755676,0.008975371718406677,0.008985533379018307,0
2017-06-26,0.008988359943032265,0.008991027250885963,0.008951670490205288,0.008989652618765831,0
2017-06-27,0.00893631111830473,0.008971184492111206,0.00889378972351551,0.008939906023442745,0
2017-06-28,0.008914721198379993,0.008939506486058235,0.008896876126527786,0.008913609199225903,0
2017-06-29,0.008899410255253315,0.008916311897337437,0.008855827152729034,0.00890044029802084,0
2017-06-30,0.008930804207921028,0.00894862599670887,0.00889766775071621,0.008927853778004646,0
2017-07-03,0.00890924222767353,0.008912337943911552,0.008817020803689957,0.008907733485102654,0
2017-07-04,0.008820753544569016,0.008866898715496063,0.008820675313472748,0.008819431066513062,0
2017-07-05,0.008852299302816391,0.008862655609846115,0.00879739597439766,0.008852534927427769,0
2017-07-06,0.008832049556076527,0.008857709355652332,0.008814378641545773,0.00883493758738041,0
2017-07-07,0.008836654014885426,0.008836654014885426,0.008759021759033203,0.00883790384978056,0
2017-07-10,0.008776318281888962,0.008777627721428871,0.008749442175030708,0.008773083798587322,0
2017-07-12,0.008789817802608013,0.008854297921061516,0.008787964470684528,0.0087913628667593,0
2017-07-13,0.008825813420116901,0.00885943602770567,0.008809486404061317,0.008823399432003498,0
2017-07-14,0.008818342350423336,0.00890709925442934,0.008805451914668083,0.008816942572593689,0
2017-07-17,0.008895056322216988,0.008901390247046947,0.008861477486789227,0.008897034451365471,0
2017-07-18,0.008880995213985443,0.008952471427619457,0.008879654109477997,0.008882493712008,0
2017-07-19,0.008930644951760769,0.00896378606557846,0.008911305107176304,0.008928969502449036,0
2017-07-20,0.008940145373344421,0.008969333954155445,0.008896243758499622,0.008938387967646122,0
2017-07-21,0.008937189355492592,0.00900130532681942,0.008923551999032497,0.008937748149037361,0
2017-07-24,0.009013555943965912,0.009039303287863731,0.00899636559188366,0.00901347491890192,0
2017-07-25,0.00899086520075798,0.009022746235132217,0.008955597877502441,0.008990218862891197,0
2017-07-26,0.00892721675336361,0.008950628340244293,0.008917186409235,0.008928332477807999,0
2017-07-27,0.008998308330774307,0.009026085026562214,0.008955919183790684,0.008998632431030273,0
2017-07-28,0.009003574028611183,0.009036566130816936,0.00898642186075449,0.009001143276691437,0
2017-07-31,0.009047972038388252,0.009061829186975956,0.009029100649058819,0.009048954583704472,0
2017-08-01,0.009061911143362522,0.00909429881721735,0.009045271202921867,0.009061336517333984,0
2017-08-02,0.009053214453160763,0.009067169390618801,0.009012256748974323,0.009055346250534058,0
2017-08-03,0.009028203785419464,0.009092645719647408,0.00902461912482977,0.009028774686157703,0
2017-08-04,0.009101665578782558,0.009102162905037403,0.009007385931909084,0.009099180810153484,0
2017-08-07,0.00902437511831522,0.009037750773131847,0.009016888216137886,0.00902641098946333,0
2017-08-08,0.009029019623994827,0.009070212952792645,0.009023560211062431,0.009029345586895943,0
2017-08-09,0.009083064272999763,0.00912666879594326,0.009079270996153355,0.009082487784326077,0
2017-08-10,0.009087273851037025,0.009152061305940151,0.009077457711100578,0.00908686127513647,0
2017-08-11,0.009166743606328964,0.009191430173814297,0.00914252270013094,0.00916539877653122,0
2017-08-14,0.009153317660093307,0.009156838059425354,0.0091087119653821,0.009154994040727615,0
2017-08-15,0.009095456451177597,0.009095952846109867,0.00902201421558857,0.009096532128751278,0
2017-08-16,0.009043799713253975,0.009043799713253975,0.009013799950480461,0.009041918441653252,0
2017-08-17,0.009092314168810844,0.009121257811784744,0.009065196849405766,0.00909099169075489,0
2017-08-18,0.009145699441432953,0.009207678958773613,0.009130919352173805,0.009146787226200104,0
2017-08-21,0.009147122502326965,0.009205305948853493,0.009143777191638947,0.009147456847131252,0
2017-08-22,0.009168087504804134,0.00916993711143732,0.009129919111728668,0.009179027751088142,0
2017-08-23,0.00911111943423748,0.00917439628392458,0.009106970392167568,0.009113194420933723,0
2017-08-24,0.009180965833365917,0.009180965833365917,0.009136341512203217,0.009181893430650234,0
2017-08-25,0.00913241971284151,0.009163971059024334,0.00910771731287241,0.009131252765655518,0
2017-08-28,0.0091435257345438,0.009170358069241047,0.009141436778008938,0.009145282208919525,0
2017-08-29,0.009197008796036243,0.009231223724782467,0.009169264696538448,0.009196502156555653,0
2017-08-30,0.009110122919082642,0.009118347428739071,0.009056986309587955,0.009108297526836395,0
2017-08-31,0.009052394889295101,0.009094877168536186,0.00903791468590498,0.00905305054038763,0
2017-09-01,0.009081250056624413,0.009125752374529839,0.009060515090823174,0.009080260992050171,0
2017-09-04,0.0091093759983778,0.009141018614172935,0.009098518639802933,0.009107883088290691,0
2017-09-05,0.009109127335250378,0.009188642725348473,0.009109127335250378,0.009106638841331005,0
2017-09-06,0.009208357892930508,0.009218034334480762,0.009166238829493523,0.009207934141159058,0
2017-09-07,0.009160696528851986,0.009253090247511864,0.009157677181065083,0.009163047187030315,0
2017-09-08,0.009233866818249226,0.009317753836512566,0.009219394065439701,0.009236169047653675,0
2017-09-11,0.009234889410436153,0.009239326231181622,0.009166658855974674,0.009239496663212776,0
2017-09-12,0.009139681234955788,0.009149633347988129,0.009086036123335361,0.009141186252236366,0
2017-09-13,0.009073915891349316,0.009097608737647533,0.009035300463438034,0.00907227024435997,0
2017-09-14,0.009049118496477604,0.009061253629624844,0.009009658358991146,0.009048545733094215,0
2017-09-15,0.009097608737647533,0.009097608737647533,0.008983030915260315,0.009097608737647533,0
2017-09-18,0.008996608667075634,0.00899895653128624,0.008962099440395832,0.008993048220872879,0
2017-09-19,0.008969655260443687,0.008986986242234707,0.008939586579799652,0.008968931622803211,0
2017-09-20,0.008962581865489483,0.008990420959889889,0.008957442827522755,0.008962339721620083,0
2017-09-21,0.008883125148713589,0.008917265571653843,0.008872563019394875,0.008885256014764309,0
2017-09-22,0.008893078193068504,0.008954555727541447,0.008886203169822693,0.008892682380974293,0
2017-09-25,0.008893157355487347,0.008963143453001976,0.008888968266546726,0.008893315680325031,0
2017-09-26,0.008948465809226036,0.008968690410256386,0.008905909024178982,0.008947664871811867,0
2017-09-27,0.008894107304513454,0.00890582986176014,0.008831036277115345,0.008898617699742317,0
2017-09-28,0.008861006237566471,0.008890390396118164,0.008834702894091606,0.008860534988343716,0
2017-09-29,0.008888177573680878,0.008909876458346844,0.008871934376657009,0.008891496807336807,0
2017-10-02,0.008874453604221344,0.008886005729436874,0.008845800533890724,0.00887799821794033,0
2017-10-03,0.008867134340107441,0.008874138817191124,0.00883493758738041,0.008867606520652771,0
2017-10-04,0.008861633948981762,0.008902658708393574,0.008859043940901756,0.008861477486789227,0
2017-10-05,0.008863206021487713,0.008895056322216988,0.008857082575559616,0.008863440714776516,0
2017-10-06,0.008867606520652771,0.008876973763108253,0.008815932087600231,0.008867291733622551,0
2017-10-09,0.008885650895535946,0.008886203169822693,0.008869730867445469,0.008884861133992672,0
2017-10-10,0.008874374441802502,0.008928252384066582,0.008863598108291626,0.008876422420144081,0
2017-10-11,0.008900994434952736,0.008921163156628609,0.008883913978934288,0.00890115275979042,0
2017-10-12,0.008896559476852417,0.008911862038075924,0.008892208337783813,0.008894107304513454,0
2017-10-13,0.008909162133932114,0.008952631615102291,0.008908765390515327,0.0089095588773489,0
2017-10-16,0.008938387967646122,0.008956480771303177,0.0089225172996521,0.008937987498939037,0
2017-10-17,0.008913768455386162,0.008925622329115868,0.008891496807336807,0.008913053199648857,0
2017-10-18,0.008912417106330395,0.00891734566539526,0.008846582844853401,0.008911623619496822,0
2017-10-19,0.008849479258060455,0.008902420289814472,0.008838528767228127,0.008848539553582668,0
2017-10-20,0.008877446874976158,0.008880521170794964,0.008805994875729084,0.008874689228832722,0
2017-10-23,0.0087679298594594,0.008801034651696682,0.008767392486333847,0.008768238127231598,0
2017-10-24,0.008824567310512066,0.0088290860876441,0.008772853761911392,0.008823011070489883,0
2017-10-25,0.008776857517659664,0.008804677054286003,0.008753501810133457,0.008776087313890457,0
2017-10-26,0.008807546459138393,0.008822854608297348,0.008769545704126358,0.008806073106825352,0
2017-10-27,0.00876232236623764,0.008793682791292667,0.008738509379327297,0.008762398734688759,0
2017-10-30,0.008796853944659233,0.008836654014885426,0.008785493671894073,0.008792059496045113,0
2017-10-31,0.008846582844853401,0.008851594291627407,0.00879933126270771,0.008849870413541794,0
2017-11-01,0.008799408562481403,0.008800182491540909,0.008751356974244118,0.00879894383251667,0
2017-11-02,0.008758791722357273,0.008806770667433739,0.00875595398247242,0.008760249242186546,0
2017-11-03,0.008770852349698544,0.008796390146017075,0.008740724064409733,0.008770698681473732,0
2017-11-06,0.008757334202528,0.008788195438683033,0.008716495707631111,0.00875825434923172,0
2017-11-07,0.008789585903286934,0.008793296292424202,0.008746457286179066,0.008789585903286934,0
2017-11-08,0.00879259966313839,0.008818108588457108,0.008778628893196583,0.008790358901023865,0
2017-11-09,0.008777550421655178,0.008830762468278408,0.00876708421856165,0.008777550421655178,0
2017-11-10,0.008820753544569016,0.008831113576889038,0.008800957351922989,0.008820286951959133,0
2017-11-13,0.008795848116278648,0.008830334059894085,0.008794687688350677,0.008796158246695995,0
2017-11-14,0.008802817203104496,0.008825346827507019,0.008779091760516167,0.008803979493677616,0
2017-11-15,0.008817875757813454,0.00888778269290924,0.00881150458008051,0.008818186819553375,0
2017-11-17,0.008846035227179527,0.008930724114179611,0.008846035227179527,0.008847365155816078,0
2017-11-20,0.00892705749720335,0.008931681513786316,0.00888659805059433,0.008925543166697025,0
2017-11-21,0.008885098621249199,0.008913927711546421,0.008873114362359047,0.008884861133992672,0
2017-11-22,0.00890234112739563,0.008967805653810501,0.008901311084628105,0.00890146940946579,0
2017-11-23,0.008985936641693115,0.009003249928355217,0.008978514932096004,0.008983676321804523,0
2017-11-24,0.008988036774098873,0.008988036774098873,0.008962822146713734,0.008988440968096256,0
2017-11-27,0.00895664095878601,0.009021444246172905,0.00895664095878601,0.008954877033829689,0
2017-11-28,0.00899636559188366,0.009014450013637543,0.008972070179879665,0.008995233103632927,0
2017-11-29,0.008959690108895302,0.008977869525551796,0.008918141014873981,0.008956721052527428,0
2017-11-30,0.008926339447498322,0.008949106559157372,0.008890786208212376,0.008928411640226841,0
2017-12-01,0.008884545415639877,0.0089722303673625,0.008861163631081581,0.008884466253221035,0
2017-12-04,0.00886218436062336,0.008875949308276176,0.008843610063195229,0.00886022113263607,0
2017-12-05,0.00888825673609972,0.008898617699742317,0.008860692381858826,0.008888968266546726,0
2017-12-06,0.008891338482499123,0.008928013034164906,0.008887387812137604,0.008891734294593334,0
2017-12-07,0.008902975358068943,0.008902975358068943,0.0088657196611166,0.008905433118343353,0
2017-12-08,0.008834156207740307,0.008839935064315796,0.008803979493677616,0.008836030028760433,0
2017-12-11,0.008808476850390434,0.008830724284052849,0.00879654474556446,0.008807236328721046,0
2017-12-12,0.008806692436337471,0.008820364251732826,0.008792059496045113,0.008807468228042126,0
2017-12-13,0.00880956370383501,0.008852221071720123,0.008808476850390434,0.008807080797851086,0
2017-12-14,0.008869494311511517,0.008891022764146328,0.008859514258801937,0.008866663090884686,0
2017-12-15,0.008897746913135052,0.00892514456063509,0.008870989084243774,0.008897113613784313,0
2017-12-18,0.008870752528309822,0.008902420289814472,0.008863598108291626,0.008871854282915592,0
2017-12-19,0.008881784044206142,0.008888019248843193,0.008847521618008614,0.008883519098162651,0
2017-12-20,0.00884932279586792,0.00886037852615118,0.008822388015687466,0.008850889280438423,0
2017-12-21,0.00883087981492281,0.008830958046019077,0.008801654912531376,0.008830724284052849,0
2017-12-22,0.008826671168208122,0.00882768351584673,0.008815232664346695,0.008824334479868412,0
2017-12-25,0.008826514706015587,0.008833063766360283,0.00882262084633112,0.00882550235837698,0
2017-12-26,0.008825424127280712,0.0088347801938653,0.008822699077427387,0.008825891651213169,0
2017-12-27,0.00883384421467781,0.008837435394525528,0.008822154253721237,0.008833687752485275,0
2017-12-28,0.008832206018269062,0.008875713683664799,0.00882893055677414,0.008832595311105251,0
2017-12-29,0.008859279565513134,0.008891417644917965,0.008852221071720123,0.008859357796609402,0
2018-01-01,0.008874689228832722,0.008875477127730846,0.008873901329934597,0.008875791914761066,0
2018-01-02,0.008867606520652771,0.008922596462070942,0.008866190910339355,0.008867606520652771,0
2018-01-03,0.008907575160264969,0.008913212455809116,0.008890073746442795,0.008909162133932114,0
2018-01-04,0.008880521170794964,0.008888335898518562,0.008861006237566471,0.008880442008376122,0
2018-01-05,0.00886603444814682,0.008870674297213554,0.008826982229948044,0.008866584859788418,0
2018-01-08,0.008837747387588024,0.00885794498026371,0.008820675313472748,0.008837513625621796,0
2018-01-09,0.008835951797664165,0.008899171836674213,0.008835951797664165,0.008838528767228127,0
2018-01-10,0.008867606520652771,0.008986259810626507,0.008867606520652771,0.008868786506354809,0
2018-01-11,0.008974566124379635,0.008981982246041298,0.008938866667449474,0.008973116986453533,0
2018-01-12,0.008985613472759724,0.00900876522064209,0.008954957127571106,0.008985210210084915,0
2018-01-15,0.008995233103632927,0.009050347842276096,0.008995233103632927,0.009000900201499462,0
2018-01-16,0.009039303287863731,0.00904142763465643,0.00901120062917471,0.00904314499348402,0
2018-01-17,0.009062321856617928,0.009073751047253609,0.009016401134431362,0.009058956056833267,0
2018-01-18,0.008981416933238506,0.009030486457049847,0.008970702067017555,0.008978595025837421,0
2018-01-19,0.009008603170514107,0.009049364365637302,0.009000414051115513,0.00900689885020256,0
2018-01-22,0.009033668786287308,0.00904044695198536,0.008997012861073017,0.009034729562699795,0
2018-01-23,0.009011119604110718,0.009069801308214664,0.008996041491627693,0.009011768735945225,0
2018-01-24,0.009080755524337292,0.009173554368317127,0.009066840633749962,0.009082074277102947,0
2018-01-25,0.009148628450930119,0.009208951145410538,0.009135590866208076,0.009146954864263535,0
2018-01-26,0.009118928574025631,0.009230541996657848,0.009111202321946621,0.009115437977015972,0
2018-01-29,0.009204034693539143,0.009215655736625195,0.009158431552350521,0.009204797446727753,0
2018-01-30,0.00917784869670868,0.009222964756190777,0.009157928638160229,0.009180543944239616,0
2018-01-31,0.009194895625114441,0.009208103641867638,0.009139013476669788,0.009196924045681953,0
2018-02-01,0.00915927067399025,0.009164727292954922,0.009112115018069744,0.009157425723969936,0
2018-02-02,0.009141854010522366,0.00914879608899355,0.009052476845681667,0.00914026703685522,0
2018-02-05,0.0090890908613801,0.009118347428739071,0.009069966152310371,0.009088017046451569,0
2018-02-06,0.009173218160867691,0.009219054132699966,0.009121923707425594,0.009166322648525238,0
2018-02-07,0.009122505784034729,0.009180543944239616,0.009119844064116478,0.009121840819716454,0
2018-02-08,0.009163299575448036,0.009182989597320557,0.00910945888608694,0.009157844819128513,0
2018-02-09,0.009210053831338882,0.009221348911523819,0.009150302968919277,0.00921412743628025,0
2018-02-12,0.009192358702421188,0.009220413863658905,0.009192358702421188,0.009191175922751427,0
2018-02-13,0.009201833046972752,0.009308040142059326,0.009195148944854736,0.009200477972626686,0
2018-02-14,0.009279967285692692,0.00936996378004551,0.009269042871892452,0.00927953701466322,0
2018-02-15,0.009381567128002644,0.009416728280484676,0.009356812573969364,0.009382007643580437,0
2018-02-16,0.009428625926375389,0.009473465383052826,0.009401146322488785,0.009424093179404736,0
2018-02-19,0.009409993886947632,0.009425248019397259,0.009370929561555386,0.009410790167748928,0
2018-02-20,0.00936996378004551,0.009376904927194118,0.00931567046791315,0.009371280670166016,0
2018-02-21,0.009313328191637993,0.009319404140114784,0.009268785826861858,0.009312634356319904,0
2018-02-22,0.009291090071201324,0.009376552887260914,0.009280139580368996,0.00929756835103035,0
2018-02-23,0.00935935229063034,0.00938764400780201,0.009335847571492195,0.00936206802725792,0
2018-02-26,0.009341254830360413,0.009399998001754284,0.009340294636785984,0.00933933537453413,0
2018-02-27,0.009338288567960262,0.009363734163343906,0.009290226735174656,0.00933977123349905,0
2018-02-28,0.009305441752076149,0.009382359683513641,0.009300421923398972,0.00930873304605484,0
2018-03-01,0.00937708094716072,0.00938376784324646,0.009328966960310936,0.009377344511449337,0
2018-03-02,0.009418413043022156,0.009499969892203808,0.009408842772245407,0.009419477544724941,0
2018-03-05,0.009473285637795925,0.009492259472608566,0.009435475803911686,0.009473644196987152,0
2018-03-06,0.009409462101757526,0.009447063319385052,0.009393816813826561,0.009411764331161976,0
2018-03-07,0.00946844182908535,0.009477684274315834,0.009417969733476639,0.009475349448621273,0
2018-03-08,0.009418945759534836,0.009443048387765884,0.009411410428583622,0.009417437948286533,0
2018-03-09,0.009398231282830238,0.009402119554579258,0.009343261830508709,0.009397966787219048,0
2018-03-12,0.009355762042105198,0.009400793351233006,0.009348765015602112,0.009355324320495129,0
2018-03-13,0.009405745193362236,0.009410613216459751,0.009321835823357105,0.009410878643393517,0
2018-03-14,0.009385352954268456,0.009426492266356945,0.009369085542857647,0.009388965554535389,0
2018-03-15,0.009420276619493961,0.009452689439058304,0.009418679401278496,0.009420187212526798,0
2018-03-16,0.009404860436916351,0.009469069540500641,0.009404860436916351,0.009406541474163532,0
2018-03-19,0.009436811320483685,0.009462438523769379,0.009407514706254005,0.009436721913516521,0
2018-03-20,0.009430581703782082,0.009435386396944523,0.009382359683513641,0.009434318169951439,0
2018-03-21,0.009391434490680695,0.009421607479453087,0.009388613514602184,0.009392404928803444,0
2018-03-22,0.009441355243325233,0.009498209692537785,0.009437434375286102,0.009440285153687,0
2018-03-23,0.009525715373456478,0.009554109536111355,0.00949857011437416,0.009526712819933891,0
2018-03-26,0.009538344107568264,0.009547815658152103,0.009501729160547256,0.009536615572869778,0
2018-03-27,0.009474541991949081,0.009482357650995255,0.009443940594792366,0.009478673338890076,0
2018-03-28,0.009476696141064167,0.009484875947237015,0.009405214339494705,0.009479301981627941,0
2018-03-29,0.009363383054733276,0.009410923346877098,0.009352262131869793,0.009362244047224522,0
2018-03-30,0.00939196441322565,0.009423649869859219,0.009389318525791168,0.009391523897647858,0
2018-04-02,0.009405745193362236,0.009437345899641514,0.009394435212016106,0.009406276047229767,0
2018-04-03,0.009451349265873432,0.00946118589490652,0.009381743147969246,0.009451884776353836,0
2018-04-04,0.009395935572683811,0.009434406645596027,0.009373827837407589,0.009395317174494267,0
2018-04-05,0.009364699013531208,0.00937066599726677,0.009303969331085682,0.009365575388073921,0
2018-04-06,0.009338724426925182,0.00934850238263607,0.009306307882070541,0.009341254830360413,0
2018-04-09,0.009350163862109184,0.00935865193605423,0.009328445419669151,0.009348589926958084,0
2018-04-10,0.00937031488865614,0.009378312155604362,0.009311594069004059,0.009367769584059715,0
2018-04-11,0.009336109273135662,0.009376113303005695,0.009332798421382904,0.009335935115814209,0
2018-04-12,0.00936206802725792,0.009371807798743248,0.009309946559369564,0.009360753931105137,0
2018-04-13,0.009321401827037334,0.009323226287961006,0.0092786755412817,0.009326444007456303,0
2018-04-16,0.009303363971412182,0.009333930909633636,0.009301893413066864,0.009302498772740364,0
2018-04-17,0.009345095604658127,0.009355937130749226,0.009328706189990044,0.009341778233647346,0
2018-04-18,0.009343349374830723,0.00934518314898014,0.009312895126640797,0.009344397112727165,0
2018-04-19,0.009314282797276974,0.00932227075099945,0.009301373735070229,0.00931567046791315,0
2018-04-20,0.00930752046406269,0.009310553781688213,0.009272309020161629,0.009308213368058205,0
2018-04-23,0.009272739291191101,0.009282207116484642,0.009205560199916363,0.009270504117012024,0
2018-04-24,0.009195571765303612,0.009199462831020355,0.009158515371382236,0.009194471873342991,0
2018-04-25,0.009191007353365421,0.009192105382680893,0.009142940863966942,0.009190922603011131,0
2018-04-26,0.0091435257345438,0.009168172255158424,0.009136758744716644,0.009143777191638947,0
2018-04-27,0.009147875010967255,0.009175995364785194,0.009129668585956097,0.009149130433797836,0
2018-04-30,0.009166322648525238,0.009172629565000534,0.009137468412518501,0.009166071191430092,0
2018-05-01,0.009148628450930119,0.009152648039162159,0.009108546189963818,0.00914720632135868,0
2018-05-02,0.009103653952479362,0.009119760245084763,0.009091074578464031,0.009101499803364277,0
2018-05-03,0.009105644188821316,0.00918020773679018,0.009103819727897644,0.009105228818953037,0
2018-05-04,0.009164306335151196,0.009203949943184853,0.009152396582067013,0.009166238829493523,0
2018-05-07,0.009162627160549164,0.009194809943437576,0.009142272174358368,0.009162039496004581,0
2018-05-08,0.009179364889860153,0.009186279028654099,0.009146536700427532,0.009179111570119858,0
2018-05-09,0.00917103048413992,0.009174227714538574,0.009105727076530457,0.009172292426228523,0
2018-05-10,0.009105312637984753,0.009146452881395817,0.009091983549296856,0.009103571064770222,0
2018-05-11,0.00913542415946722,0.009160780347883701,0.009127252735197544,0.00913776084780693,0
2018-05-14,0.009146954864263535,0.009156670421361923,0.009121174924075603,0.009145950898528099,0
2018-05-15,0.00911336112767458,0.009118014946579933,0.009061089716851711,0.009113194420933723,0
2018-05-16,0.009067581035196781,0.009087356738746166,0.009059694595634937,0.009066429920494556,0
2018-05-17,0.009059612639248371,0.009083064272999763,0.009020548313856125,0.009061336517333984,0
2018-05-18,0.009021688252687454,0.009037015959620476,0.009003168903291225,0.009022990241646767,0
2018-05-21,0.009015669114887714,0.009016645140945911,0.008977869525551796,0.009018759243190289,0
2018-05-22,0.009008440189063549,0.009025189094245434,0.008995152078568935,0.009010795503854752,0
2018-05-23,0.009030976332724094,0.009127502329647541,0.009019247256219387,0.00903130229562521,0
2018-05-24,0.009098436683416367,0.009176332503557205,0.009098105132579803,0.0091017484664917,0
2018-05-25,0.009146620519459248,0.009164306335151196,0.00911402516067028,0.0091481264680624,0
2018-05-28,0.009121008217334747,0.009153234772384167,0.009113194420933723,0.009122173301875591,0
2018-05-29,0.009141854010522366,0.009218629449605942,0.009141854010522366,0.00914168730378151,0
2018-05-30,0.009220924228429794,0.009225177578628063,0.009169264696538448,0.009225603193044662,0
2018-05-31,0.009197601117193699,0.009225091896951199,0.009175659157335758,0.00919861625880003,0
2018-06-01,0.009194133803248405,0.009194388054311275,0.009114108979701996,0.009195487014949322,0
2018-06-04,0.009124253876507282,0.009143024682998657,0.00911170057952404,0.009124253876507282,0
2018-06-05,0.009093141183257103,0.009124670177698135,0.009092066437005997,0.009093968197703362,0
2018-06-06,0.009101416915655136,0.009107384830713272,0.009073175489902496,0.009102576412260532,0
2018-06-07,0.009081250056624413,0.0091033224016428,0.009073175489902496,0.009080590680241585,0
2018-06-08,0.00911394227296114,0.009157593362033367,0.009103736840188503,0.00911626871675253,0
2018-06-11,0.00913158617913723,0.009140850976109505,0.009087027050554752,0.009137175977230072,0
2018-06-12,0.009061089716851711,0.009082652628421783,0.009052230976521969,0.0090591199696064,0
2018-06-13,0.009052558802068233,0.009062649682164192,0.009033096954226494,0.00905370619148016,0
2018-06-14,0.009070788510143757,0.009097608737647533,0.009053296409547329,0.009070953354239464,0
2018-06-15,0.00903660710901022,0.009058627299964428,0.009017376229166985,0.00903791468590498,0
2018-06-18,0.009039711207151413,0.009065525606274605,0.009037586860358715,0.009040202014148235,0
2018-06-19,0.009076964110136032,0.009127502329647541,0.009074986912310123,0.009079518727958202,0
2018-06-20,0.009084220044314861,0.009101665578782558,0.009070788510143757,0.00908504519611597,0
2018-06-21,0.009062567725777626,0.00910034030675888,0.009029426611959934,0.009061911143362522,0
2018-06-22,0.00909620150923729,0.009107301943004131,0.009073669090867043,0.009094877168536186,0
2018-06-25,0.00909628439694643,0.009142355993390083,0.00909628439694643,0.009096118621528149,0
2018-06-26,0.009121340699493885,0.00914168730378151,0.00908958725631237,0.009120509028434753,0
2018-06-27,0.00908017810434103,0.009116766974329948,0.009051494300365448,0.009082899428904057,0
2018-06-28,0.009072023443877697,0.009093058295547962,0.009057068265974522,0.009073175489902496,0
2018-06-29,0.009054526686668396,0.009058956056833267,0.009019491262733936,0.009050920605659485,0
2018-07-02,0.00902975257486105,0.00904110074043274,0.00900470931082964,0.00903260800987482,0
2018-07-03,0.009018189273774624,0.009048954583704472,0.008998794481158257,0.009019491262733936,0
2018-07-04,0.009057970717549324,0.009067662991583347,0.009046007879078388,0.009057315066456795,0
2018-07-05,0.009050019085407257,0.009066593833267689,0.00903317891061306,0.009049610234797001,0
2018-07-06,0.009045271202921867,0.009059283882379532,0.00902706291526556,0.009043307974934578,0
2018-07-09,0.009056084789335728,0.009061253629624844,0.009027225896716118,0.009056166745722294,0
2018-07-10,0.009013799950480461,0.009015181101858616,0.008981255814433098,0.009012824855744839,0
2018-07-11,0.009019165299832821,0.009027388878166676,0.0089589674025774,0.009022746235132217,0
2018-07-12,0.008929687552154064,0.008929687552154064,0.00887973327189684,0.008931920863687992,0
2018-07-13,0.008876658976078033,0.008899250999093056,0.008865798823535442,0.008875871077179909,0
2018-07-16,0.008896559476852417,0.008908607065677643,0.008885018527507782,0.008896876126527786,0
2018-07-17,0.008899726904928684,0.008909876458346844,0.00885747466236353,0.008898855186998844,0
2018-07-18,0.008850262500345707,0.008871540427207947,0.008839466609060764,0.008848617784678936,0
2018-07-19,0.008865091018378735,0.008876738138496876,0.008838060311973095,0.008865955285727978,0
2018-07-20,0.008899013511836529,0.008956881240010262,0.008879969827830791,0.008899726904928684,0
2018-07-23,0.009004304185509682,0.009026981890201569,0.008974969387054443,0.00900470931082964,0
2018-07-24,0.008972633630037308,0.009010957553982735,0.008972633630037308,0.00897182896733284,0
2018-07-25,0.008987310342490673,0.009016726166009903,0.008979884907603264,0.008989491499960423,0
2018-07-26,0.00901908427476883,0.009041346609592438,0.00899288710206747,0.009021606296300888,0
2018-07-27,0.008997741155326366,0.009016726166009903,0.008991511538624763,0.008997174911201,0
2018-07-30,0.009015344083309174,0.009017620235681534,0.00899636559188366,0.009014368988573551,0
2018-07-31,0.009009902365505695,0.009020467288792133,0.008932319469749928,0.009009495377540588,0
2018-08-01,0.008944944478571415,0.008952551521360874,0.008917663246393204,0.00894390419125557,0
2018-08-02,0.008957603946328163,0.008982304483652115,0.008950628340244293,0.0089589674025774,0
2018-08-03,0.008952631615102291,0.009000900201499462,0.008945904672145844,0.008953352458775043,0
2018-08-06,0.008991430513560772,0.008995475247502327,0.0089668408036232,0.008990056812763214,0
2018-08-07,0.008982465602457523,0.00900909025222063,0.008979562669992447,0.008981497958302498,0
2018-08-08,0.008980933576822281,0.00902201421558857,0.00897504948079586,0.00898109469562769,0
2018-08-09,0.009016888216137886,0.00903260800987482,0.008994584903120995,0.009017783217132092,0
2018-08-10,0.009003817103803158,0.009048299863934517,0.008998632431030273,0.009001629427075386,0
2018-08-13,0.009037586860358715,0.00908141490072012,0.009014938026666641,0.009039221331477165,0
2018-08-14,0.00904175452888012,0.00904175452888012,0.008999036625027657,0.00903660710901022,0
2018-08-15,0.008988521993160248,0.009055018424987793,0.008975210599601269,0.00898908730596304,0
2018-08-16,0.00904281809926033,0.009052067063748837,0.009016319178044796,0.009043553844094276,0
2018-08-17,0.009009577333927155,0.009064293466508389,0.009006168693304062,0.009008684195578098,0
2018-08-20,0.00905165821313858,0.009065361693501472,0.009035464376211166,0.009051822125911713,0
2018-08-21,0.00909620150923729,0.00910945888608694,0.009050674736499786,0.00909520871937275,0
2018-08-22,0.009082569740712643,0.009088430553674698,0.009040855802595615,0.009079848416149616,0
2018-08-23,0.009044862352311611,0.009045517072081566,0.008985936641693115,0.009042572230100632,0
2018-08-24,0.008981660008430481,0.008997580036520958,0.008970138616859913,0.008979320526123047,0
2018-08-27,0.008985613472759724,0.009013555943965912,0.008981660008430481,0.00898617971688509,0
2018-08-28,0.008998794481158257,0.009013880975544453,0.008980611339211464,0.00899790320545435,0
2018-08-29,0.008995960466563702,0.008998551405966282,0.008943583816289902,0.00899587944149971,0
2018-08-30,0.008953272365033627,0.008997984230518341,0.00894886627793312,0.008951590396463871,0
2018-08-31,0.009009171277284622,0.009034566581249237,0.009002034552395344,0.00900909025222063,0
2018-09-03,0.008997580036520958,0.00902111828327179,0.008995556272566319,0.008997336961328983,0
2018-09-04,0.009004061110317707,0.009015750139951706,0.008966599591076374,0.00900187250226736,0
2018-09-05,0.008972955867648125,0.008976258337497711,0.00894838571548462,0.008971747942268848,0
2018-09-06,0.008974163793027401,0.009021444246172905,0.008974163793027401,0.008972713723778725,0
2018-09-07,0.009050920605659485,0.00905838143080473,0.008990137837827206,0.00905018299818039,0
2018-09-10,0.009015994146466255,0.009019165299832821,0.008994019590318203,0.009015507064759731,0
2018-09-11,0.008996122516691685,0.008996769785881042,0.008961215615272522,0.008997012861073017,0
2018-09-12,0.008960734121501446,0.008991269394755363,0.008960412815213203,0.008960011415183544,0
2018-09-13,0.008995071053504944,0.008995071053504944,0.008932958357036114,0.008991188369691372,0
2018-09-14,0.008924826048314571,0.008948225528001785,0.008915437385439873,0.00892761442810297,0
2018-09-17,0.008932479657232761,0.008939986117184162,0.008919253945350647,0.008932319469749928,0
2018-09-18,0.008955197408795357,0.008955197408795357,0.008898776024580002,0.008953352458775043,0
2018-09-19,0.008905750699341297,0.008913449943065643,0.008894739672541618,0.008906543254852295,0
2018-09-20,0.008903371170163155,0.008923791348934174,0.008882966823875904,0.008903371170163155,0
2018-09-21,0.00889023207128048,0.008891734294593334,0.008859671652317047,0.008889283984899521,0
2018-09-24,0.008886913768947124,0.008893315680325031,0.008874374441802502,0.008886992931365967,0
2018-09-25,0.008865641430020332,0.008869966492056847,0.008852926082909107,0.008866348303854465,0
2018-09-26,0.008851359598338604,0.008867606520652771,0.00884595699608326,0.008851985447108746,0
2018-09-27,0.008873114362359047,0.008883361704647541,0.008818731643259525,0.008872799575328827,0
2018-09-28,0.008819197304546833,0.008823788724839687,0.008799021132290363,0.00882168672978878,0
2018-10-01,0.008788581937551498,0.008792136795818806,0.008767776191234589,0.008787655271589756,0
2018-10-02,0.008775162510573864,0.008808399550616741,0.008771390654146671,0.008776087313890457,0
2018-10-03,0.008804832585155964,0.00880917627364397,0.008754727430641651,0.008804598823189735,0
2018-10-04,0.008734463714063168,0.008798015303909779,0.00873278547078371,0.008734692819416523,0
2018-10-05,0.008779708296060562,0.008805607445538044,0.008765317499637604,0.008780093863606453,0
2018-10-08,0.00879538431763649,0.008849401026964188,0.008776549249887466,0.008793914690613747,0
2018-10-09,0.008842280134558678,0.008854258805513382,0.008819897659122944,0.008841967210173607,0
2018-10-10,0.00884963572025299,0.008880600333213806,0.008828306570649147,0.008849713951349258,0
2018-10-11,0.008918935433030128,0.008929608389735222,0.008887466974556446,0.008921243250370026,0
2018-10-12,0.008920447900891304,0.008928013034164906,0.008889678865671158,0.008922197856009007,0
2018-10-15,0.00891114678233862,0.00895872712135315,0.00891114678233862,0.008913291618227959,0
2018-10-16,0.008940785191953182,0.008943503722548485,0.008905909024178982,0.00894126482307911,0
2018-10-17,0.008903609588742256,0.008927136659622192,0.008895688690245152,0.008901390247046947,0
2018-10-18,0.008879575878381729,0.008921402506530285,0.008871146477758884,0.00887878704816103,0
2018-10-19,0.008911781944334507,0.008912735618650913,0.008879180997610092,0.008913847617805004,0
2018-10-22,0.00889276247471571,0.008900598622858524,0.00885943602770567,0.008890469558537006,0
2018-10-23,0.008869888260960579,0.008931602351367474,0.008865641430020332,0.008868629112839699,0
2018-10-24,0.008893078193068504,0.008902261964976788,0.008870202116668224,0.008893315680325031,0
2018-10-25,0.00892626028507948,0.00894254446029663,0.008878550492227077,0.00892761442810297,0
2018-10-26,0.008903688751161098,0.008977869525551796,0.008894107304513454,0.008900756947696209,0
2018-10-29,0.008935592137277126,0.008945344015955925,0.008884861133992672,0.00893591158092022,0
2018-10-30,0.008904164656996727,0.008904164656996727,0.008851672522723675,0.008902817033231258,0
2018-10-31,0.00884509552270174,0.008863047696650028,0.008820286951959133,0.008845486678183079,0
2018-11-01,0.008861633948981762,0.00887768343091011,0.008849948644638062,0.008861241862177849,0
2018-11-02,0.008871303871273994,0.008876185864210129,0.008841498754918575,0.008871934376657009,0
2018-11-05,0.008839153684675694,0.008843688294291496,0.008824490010738373,0.008838685229420662,0
2018-11-06,0.008828229270875454,0.008841107599437237,0.008815543726086617,0.008830334059894085,0
2018-11-07,0.008822076953947544,0.00885347556322813,0.008786728605628014,0.008821220137178898,0
2018-11-08,0.008805451914668083,0.008806615136563778,0.008781558834016323,0.0088069261983037,0
2018-11-09,0.008775086142122746,0.008798480033874512,0.008771776221692562,0.00877554714679718,0
2018-11-12,0.00878441333770752,0.008798169903457165,0.00875779427587986,0.00878379587084055,0
2018-11-13,0.008798169903457165,0.008803436532616615,0.008761170320212841,0.00879538431763649,0
2018-11-14,0.008787887170910835,0.008798557333648205,0.008772237226366997,0.008788195438683033,0
2018-11-15,0.008805994875729084,0.00884165521711111,0.00879894383251667,0.008805607445538044,0
2018-11-16,0.008805994875729084,0.008874768391251564,0.008802661672234535,0.008806305006146431,0
2018-11-19,0.008870989084243774,0.008892920799553394,0.008860142901539803,0.008870752528309822,0
2018-11-20,0.008892366662621498,0.008904718793928623,0.008870674297213554,0.008893394842743874,0
2018-11-21,0.008872170001268387,0.008872956968843937,0.008838450536131859,0.008872877806425095,0
2018-11-22,0.008847912773489952,0.008858965709805489,0.008839935064315796,0.008847912773489952,0
2018-11-23,0.008849713951349258,0.008875949308276176,0.008849166333675385,0.008851281367242336,0
2018-11-26,0.008855513297021389,0.008857082575559616,0.008803746663033962,0.008855905383825302,0
2018-11-27,0.00880940817296505,0.008817875757813454,0.008784876205027103,0.008810262195765972,0
2018-11-28,0.008789122104644775,0.008794301189482212,0.008770775981247425,0.008789895102381706,0
2018-11-29,0.008805141784250736,0.00883384421467781,0.008802196942269802,0.008806305006146431,0
2018-11-30,0.008817409165203571,0.008823166601359844,0.008803126402199268,0.008817486464977264,0
2018-12-03,0.00879058986902237,0.008820442482829094,0.00879058986902237,0.008790204301476479,0
2018-12-04,0.00880366936326027,0.008871540427207947,0.008801732212305069,0.00880382489413023,0
2018-12-05,0.008873350918293,0.008874453604221344,0.008831894025206566,0.00887319352477789,0
2018-12-06,0.008844705298542976,0.008909479714930058,0.008837591856718063,0.008845564909279346,0
2018-12-07,0.008870674297213554,0.008883913978934288,0.008855435065925121,0.00887398049235344,0
2018-12-10,0.008888415060937405,0.008908765390515327,0.008845721371471882,0.0088887307792902,0
2018-12-11,0.008833922445774078,0.008849088102579117,0.008814222179353237,0.008835405111312866,0
2018-12-12,0.008819586597383022,0.00883704423904419,0.008809641003608704,0.008819586597383022,0
2018-12-13,0.008827137760818005,0.008827137760818005,0.008794919587671757,0.008827293291687965,0
2018-12-14,0.008804909884929657,0.008824645541608334,0.008797550573945045,0.008805917575955391,0
2018-12-17,0.008819041773676872,0.008859200403094292,0.008809253573417664,0.00881912000477314,0
2018-12-18,0.008862733840942383,0.008908686228096485,0.008862733840942383,0.00886296946555376,0
2018-12-19,0.008889125660061836,0.008917980827391148,0.008882257156074047,0.008886992931365967,0
2018-12-20,0.008895056322216988,0.008982224389910698,0.00888107344508171,0.00889600533992052,0
2018-12-21,0.008992967195808887,0.009013962000608444,0.008972633630037308,0.008995152078568935,0
2018-12-24,0.009000900201499462,0.009068896993994713,0.00899766106158495,0.009004628285765648,0
2018-12-25,0.009065032005310059,0.009091652929782867,0.009062567725777626,0.009065279737114906,0
2018-12-26,0.009055428206920624,0.009067333303391933,0.009033586829900742,0.009057806804776192,0
2018-12-27,0.00899110734462738,0.0090372608974576,0.008991027250885963,0.008992320857942104,0
2018-12-28,0.009020386263728142,0.00907259900122881,0.009014694020152092,0.009020792320370674,0
2018-12-31,0.009064211510121822,0.009119179099798203,0.009052394889295101,0.009063717909157276,0
2019-01-01,0.009121591225266457,0.009124920703470707,0.009121257811784744,0.009121591225266457,0
2019-01-02,0.009119095280766487,0.009197093546390533,0.009117931127548218,0.009118430316448212,0
2019-01-03,0.009306654334068298,0.009365400299429893,0.00923608336597681,0.009307433851063251,0
2019-01-04,0.009270762093365192,0.00930120050907135,0.009209544397890568,0.009275749325752258,0
2019-01-07,0.009217524901032448,0.009256173856556416,0.009205983951687813,0.009214721620082855,0
2019-01-08,0.009204458445310593,0.009220839478075504,0.009167835116386414,0.009206746704876423,0
2019-01-09,0.009195317514240742,0.00925377570092678,0.009175995364785194,0.00919320434331894,0
2019-01-10,0.009245391003787518,0.009278761222958565,0.00923165027052164,0.00924308318644762,0
2019-01-11,0.009234718978404999,0.00924607552587986,0.009210562333464622,0.009233781136572361,0
2019-01-14,0.009219478815793991,0.009259430691599846,0.009218714199960232,0.00922015868127346,0
2019-01-15,0.009238301776349545,0.009241546504199505,0.009195402264595032,0.00923787523061037,0
2019-01-16,0.009203527122735977,0.009227560833096504,0.00918214675039053,0.009204373694956303,0
2019-01-17,0.00917128287255764,0.009200562722980976,0.009166911244392395,0.00917119812220335,0
2019-01-18,0.009162291884422302,0.009162291884422302,0.009108131751418114,0.009161451831459999,0
2019-01-21,0.009119344875216484,0.009133921004831791,0.009115936234593391,0.009119012393057346,0
2019-01-22,0.00911884568631649,0.009150804951786995,0.00911759864538908,0.009118263609707355,0
2019-01-23,0.009143693372607231,0.009143693372607231,0.009093058295547962,0.009144528768956661,0
2019-01-24,0.009134339168667793,0.009138512425124645,0.009108131751418114,0.00913308747112751,0
2019-01-25,0.009124753065407276,0.00912950187921524,0.009095622226595879,0.009124337695538998,0
2019-01-28,0.00914177019149065,0.009160528890788555,0.00913083553314209,0.009140768088400364,0
2019-01-29,0.009152228944003582,0.009162459522485733,0.009129919111728668,0.00915298331528902,0
2019-01-30,0.009139765053987503,0.009155329316854477,0.00911277998238802,0.009139347821474075,0
2019-01-31,0.009177932515740395,0.009216589853167534,0.009174732491374016,0.009175911545753479,0
2019-02-01,0.00918729230761528,0.009195402264595032,0.009127252735197544,0.009187460877001286,0
2019-02-04,0.009134087711572647,0.009134672582149506,0.009079353883862495,0.0091375932097435,0
2019-02-05,0.009092149324715137,0.009108546189963818,0.00908809993416071,0.009094133041799068,0
2019-02-06,0.00909628439694643,0.009127502329647541,0.00908686127513647,0.00909578800201416,0
2019-02-07,0.009092066437005997,0.009123754687607288,0.009084549732506275,0.009093058295547962,0
2019-02-08,0.009110786952078342,0.009119594469666481,0.009100008755922318,0.00911111943423748,0
2019-02-11,0.009106057696044445,0.0091093759983778,0.009054280817508698,0.009106638841331005,0
2019-02-12,0.009058627299964428,0.009062239900231361,0.00903791468590498,0.009057970717549324,0
2019-02-13,0.009048708714544773,0.009049610234797001,0.009018678218126297,0.009048545733094215,0
2019-02-14,0.00901404395699501,0.009048872627317905,0.00899919867515564,0.009015263058245182,0
2019-02-15,0.009046580642461777,0.00906947162002325,0.009038567543029785,0.009046662598848343,0
2019-02-18,0.009046253748238087,0.00905272364616394,0.009041018784046173,0.009044535458087921,0
2019-02-19,0.009041673503816128,0.009053542278707027,0.00902437511831522,0.009042327292263508,0
2019-02-20,0.009041836485266685,0.00904208142310381,0.009013555943965912,0.009043880738317966,0
2019-02-21,0.009026981890201569,0.009041836485266685,0.009021281264722347,0.009028122760355473,0
2019-02-22,0.009033342823386192,0.009039139375090599,0.009017132222652435,0.009032770991325378,0
2019-02-25,0.009027796797454357,0.009043307974934578,0.009003249928355217,0.009027551859617233,0
2019-02-26,0.009006168693304062,0.009035872295498848,0.009003655053675175,0.009005277417600155,0
2019-02-27,0.009045599028468132,0.009061500430107117,0.009011768735945225,0.009045190177857876,0
2019-02-28,0.009019328281283379,0.009036689065396786,0.008973841555416584,0.009020223282277584,0
2019-03-01,0.00897899828851223,0.00897899828851223,0.00893048569560051,0.008980127051472664,0
2019-03-04,0.008934713900089264,0.008955517783761024,0.008928013034164906,0.008933516219258308,0
2019-03-05,0.008947744965553284,0.008947744965553284,0.008918299339711666,0.00894638430327177,0
2019-03-06,0.008940145373344421,0.008959449827671051,0.008935751393437386,0.008939267136156559,0
2019-03-07,0.008957202546298504,0.00897021871060133,0.00894126482307911,0.00895872712135315,0
2019-03-08,0.008957522921264172,0.009022827260196209,0.008957442827522755,0.008957844227552414,0
2019-03-11,0.009002763777971268,0.009018922224640846,0.008985049091279507,0.009002520702779293,0
2019-03-12,0.008982788771390915,0.009000333026051521,0.008972391486167908,0.00898133683949709,0
2019-03-13,0.008982950821518898,0.008997255936264992,0.0089722303673625,0.008984241634607315,0
2019-03-14,0.00899312924593687,0.008997255936264992,0.008950788527727127,0.00899312924593687,0
2019-03-15,0.008946863934397697,0.008977466262876987,0.008936869911849499,0.008948305621743202,0
2019-03-18,0.008964750915765762,0.008975693956017494,0.0089589674025774,0.008963705971837044,0
2019-03-19,0.008977949619293213,0.008996122516691685,0.008971103467047215,0.008978837169706821,0
2019-03-20,0.008974405005574226,0.008978676050901413,0.008953512646257877,0.008976579643785954,0
2019-03-21,0.009037995710968971,0.009065443649888039,0.00901347491890192,0.009036689065396786,0
2019-03-22,0.009024294093251228,0.009112447500228882,0.009018352255225182,0.009024782106280327,0
2019-03-25,0.009081002324819565,0.00911336112767458,0.009072023443877697,0.009084220044314861,0
2019-03-26,0.009085622616112232,0.009090826846659184,0.009035464376211166,0.009085292927920818,0
2019-03-27,0.00904584489762783,0.009070541709661484,0.009033994749188423,0.009045353159308434,0
2019-03-28,0.009051002562046051,0.009088347665965557,0.009023886173963547,0.00905059278011322,0
2019-03-29,0.009035219438374043,0.00904649868607521,0.009014206938445568,0.009038567543029785,0
2019-04-01,0.009009577333927155,0.009020142257213593,0.008983838371932507,0.009009414352476597,0
2019-04-02,0.008973921649158001,0.008988683111965656,0.008973921649158001,0.00897255353629589,0
2019-04-03,0.008983111940324306,0.008991996757686138,0.0089626619592309,0.008984322659671307,0
2019-04-04,0.008978837169706821,0.008981660008430481,0.008959208615124226,0.008977063931524754,0
2019-04-05,0.0089559992775321,0.008959770202636719,0.008943263441324234,0.008955919183790684,0
2019-04-08,0.008952791802585125,0.008986017666757107,0.008952311240136623,0.008951670490205288,0
2019-04-09,0.008972633630037308,0.009009821340441704,0.008963464759290218,0.008972150273621082,0
2019-04-10,0.009000495076179504,0.009018189273774624,0.008989572525024414,0.009000495076179504,0
2019-04-11,0.009009739384055138,0.009009739384055138,0.008966920897364616,0.009010226465761662,0
2019-04-12,0.00895664095878601,0.008957764133810997,0.008926977403461933,0.008958887308835983,0
2019-04-15,0.008925781585276127,0.008937508799135685,0.008921959437429905,0.008926339447498322,0
2019-04-16,0.008932479657232761,0.008940625004470348,0.008925861679017544,0.008933117613196373,0
2019-04-17,0.008929608389735222,0.008934474550187588,0.008915993385016918,0.00892912968993187,0
2019-04-18,0.008925065398216248,0.00894598476588726,0.008925065398216248,0.008925702422857285,0
2019-04-19,0.008929687552154064,0.008936789818108082,0.008928332477807999,0.008929448202252388,0
2019-04-22,0.008935832418501377,0.008937828242778778,0.008929608389735222,0.008935751393437386,0
2019-04-23,0.008933915756642818,0.008955437690019608,0.00892665795981884,0.008934235200285912,0
2019-04-24,0.008939346298575401,0.008953352458775043,0.008931122720241547,0.008938387967646122,0
2019-04-25,0.008917424827814102,0.008976579643785954,0.008910591714084148,0.008918220177292824,0
2019-04-26,0.008968127891421318,0.008974485099315643,0.00893591158092022,0.008965473622083664,0
2019-04-29,0.00896049290895462,0.008962581865489483,0.008937908336520195,0.008961135521531105,0
2019-04-30,0.008954314514994621,0.008990379981696606,0.008954314514994621,0.008954395540058613,0
2019-05-01,0.008976338431239128,0.008997984230518341,0.008965072222054005,0.008977063931524754,0
2019-05-02,0.008972633630037308,0.008978353813290596,0.008956159465014935,0.0089724725112319,0
2019-05-03,0.008969655260443687,0.008996850810945034,0.008958807215094566,0.008969011716544628,0
2019-05-06,0.009041673503816128,0.00906626507639885,0.009013393893837929,0.009039711207151413,0
2019-05-07,0.009024863131344318,0.009063717909157276,0.009024863131344318,0.009024863131344318,0
2019-05-08,0.009071282111108303,0.009098518639802933,0.00907111819833517,0.009069718420505524,0
2019-05-09,0.0090890908613801,0.009134422056376934,0.009085457772016525,0.009088595397770405,0
2019-05-10,0.009102659299969673,0.009132086299359798,0.009087769314646721,0.009106887504458427,0
2019-05-13,0.009121008217334747,0.009171871468424797,0.00910771731287241,0.009119594469666481,0
2019-05-14,0.009159774519503117,0.009161451831459999,0.009110786952078342,0.009161368012428284,0
2019-05-15,0.009117349050939083,0.009160780347883701,0.009116102941334248,0.009118180721998215,0
2019-05-16,0.00913684256374836,0.009145030751824379,0.009095043875277042,0.00913450587540865,0
2019-05-17,0.009103240445256233,0.009131752885878086,0.009090661071240902,0.009101582691073418,0
2019-05-20,0.009078199975192547,0.009106638841331005,0.00906593631953001,0.009077704511582851,0
2019-05-21,0.009082569740712643,0.009086118079721928,0.009037668816745281,0.009085128083825111,0
2019-05-23,0.009072352200746536,0.009127751924097538,0.00906215701252222,0.009072680957615376,0
2019-05-24,0.009127751924097538,0.009150804951786995,0.009113776497542858,0.009127585217356682,0
2019-05-27,0.009140768088400364,0.009142439812421799,0.009126169607043266,0.009140684269368649,0
2019-05-28,0.009132170118391514,0.009156670421361923,0.009122256189584732,0.00913166906684637,0
2019-05-29,0.009143609553575516,0.009161536581814289,0.009137343615293503,0.009145282208919525,0
2019-05-30,0.009127835743129253,0.009133420884609222,0.009097442962229252,0.009128918871283531,0
2019-05-31,0.009149130433797836,0.009211241267621517,0.00914177019149065,0.009144362062215805,0
2019-06-03,0.00923983845859766,0.009253518655896187,0.009222454391419888,0.009241119027137756,0
2019-06-04,0.009254204109311104,0.009271793998777866,0.009228923358023167,0.009256944991648197,0
2019-06-05,0.009239668026566505,0.009274717420339584,0.009229009039700031,0.009237534366548061,0
2019-06-06,0.00922986026853323,0.00925625953823328,0.009224836714565754,0.009231223724782467,0
2019-06-07,0.009220244362950325,0.009268011897802353,0.009207764640450478,0.009220498614013195,0
2019-06-10,0.009221094660460949,0.009227816946804523,0.00919895526021719,0.009220924228429794,0
2019-06-11,0.009227901697158813,0.009228582493960857,0.009191430173814297,0.009228582493960857,0
2019-06-12,0.009217948652803898,0.009240606799721718,0.009211665950715542,0.009218798950314522,0
2019-06-13,0.00921616517007351,0.009245134890079498,0.009214721620082855,0.009217609651386738,0
2019-06-14,0.009232331067323685,0.009245561435818672,0.009216844104230404,0.009231820702552795,0
2019-06-17,0.009211326949298382,0.00921421218663454,0.009197685867547989,0.009210138581693172,0
2019-06-18,0.009213362820446491,0.009250950068235397,0.009201833046972752,0.009213278070092201,0
2019-06-19,0.009209798648953438,0.00923787523061037,0.009207594208419323,0.009210392832756042,0
2019-06-20,0.009250265546143055,0.009304662235081196,0.009250265546143055,0.009249410592019558,0
2019-06-21,0.009320098906755447,0.009341778233647346,0.009283068589866161,0.009321662597358227,0
2019-06-24,0.009317927993834019,0.009323921985924244,0.009301028214395046,0.009318622760474682,0
2019-06-25,0.009315410628914833,0.009364786557853222,0.009310640394687653,0.009317319840192795,0
2019-06-26,0.009329837746918201,0.009331491775810719,0.009280742146074772,0.009331317618489265,0
2019-06-27,0.009282120503485203,0.00928901880979538,0.00924616027623415,0.009281775914132595,0
2019-06-28,0.009278847835958004,0.009296790696680546,0.009272309020161629,0.009281001053750515,0
2019-07-01,0.009227901697158813,0.009250009432435036,0.00921421218663454,0.009226623922586441,0
2019-07-02,0.009226283989846706,0.009265435859560966,0.009219478815793991,0.009227986447513103,0
2019-07-03,0.009274459443986416,0.00930007640272379,0.009271105751395226,0.009276007302105427,0
2019-07-04,0.009280226193368435,0.009284447878599167,0.00927385687828064,0.009278245270252228,0
2019-07-05,0.009275233373045921,0.009275663644075394,0.009207000955939293,0.009275749325752258,0
2019-07-08,0.009218714199960232,0.009235486388206482,0.009197516366839409,0.009218798950314522,0
2019-07-09,0.009196924045681953,0.009198278188705444,0.00917784869670868,0.009197855368256569,0
2019-07-10,0.009180712513625622,0.009225432761013508,0.009175659157335758,0.009180712513625622,0
2019-07-11,0.009230882860720158,0.009271363727748394,0.009229689836502075,0.009230712428689003,0
2019-07-12,0.009208781644701958,0.009263118728995323,0.009208781644701958,0.009209120646119118,0
2019-07-15,0.009274029172956944,0.009275749325752258,0.009251035749912262,0.009273684583604336,0
2019-07-16,0.009268699213862419,0.00926955882459879,0.009228497743606567,0.009268785826861858,0
2019-07-17,0.009241204708814621,0.009253432974219322,0.00923207588493824,0.009242058731615543,0
2019-07-18,0.009266123175621033,0.009291866794228554,0.009259345009922981,0.00926466379314661,0
2019-07-19,0.009310119785368443,0.009316365234553814,0.009277901612222195,0.00931090023368597,0
2019-07-22,0.009273684583604336,0.00928401667624712,0.009254204109311104,0.009275577962398529,0
2019-07-23,0.009269386529922485,0.009273169562220573,0.009235742501914501,0.00926749687641859,0
2019-07-24,0.00923975370824337,0.009263548068702221,0.009237106889486313,0.009239410981535912,0
2019-07-25,0.009243938140571117,0.009255831129848957,0.009209629148244858,0.00924308318644762,0
2019-07-26,0.009202256798744202,0.009211835451424122,0.009189234115183353,0.009202510118484497,0
2019-07-29,0.009205814450979233,0.009222795255482197,0.009183495305478573,0.009205305948853493,0
2019-07-30,0.009185857139527798,0.009220839478075504,0.00918012298643589,0.009185604751110077,0
2019-07-31,0.009212089702486992,0.009217014536261559,0.009204119443893433,0.009211326949298382,0
2019-08-01,0.00918990932404995,0.009245648048818111,0.00915088877081871,0.009189487434923649,0
2019-08-02,0.00931090023368597,0.00938500091433525,0.009303883649408817,0.009308299981057644,0
2019-08-05,0.009381215088069439,0.009450903162360191,0.009379367344081402,0.009382886812090874,0
2019-08-06,0.009467634372413158,0.00947220902889967,0.009341778233647346,0.009470324963331223,0
2019-08-07,0.009408222511410713,0.009473196230828762,0.009402737952768803,0.009404064156115055,0
2019-08-08,0.009422850795090199,0.009441711008548737,0.009408487938344479,0.009423205628991127,0
2019-08-09,0.009445100091397762,0.009492529556155205,0.009430314414203167,0.009445189498364925,0
2019-08-12,0.009487666189670563,0.009519366547465324,0.009473375044763088,0.009489286690950394,0
2019-08-13,0.009489106014370918,0.009517192840576172,0.00935165025293827,0.009491448290646076,0
2019-08-14,0.009381831623613834,0.009460021741688251,0.009380951523780823,0.009381743147969246,0
2019-08-15,0.009441978298127651,0.009459842927753925,0.009389142505824566,0.009441443718969822,0
2019-08-16,0.009425780735909939,0.009431648999452591,0.00939169991761446,0.009426580742001534,0
2019-08-19,0.009397435933351517,0.009411942213773727,0.009375321678817272,0.009395847097039223,0
2019-08-20,0.009383680298924446,0.00941761489957571,0.009373476728796959,0.009383152239024639,0
2019-08-21,0.009408045560121536,0.009409639053046703,0.009381919167935848,0.009409639053046703,0
2019-08-22,0.009380863048136234,0.009409993886947632,0.009376728907227516,0.00938112661242485,0
2019-08-23,0.009390993975102901,0.009497127495706081,0.009370402432978153,0.009392493404448032,0
2019-08-26,0.009535524062812328,0.009535524062812328,0.009408487938344479,0.009537252597510815,0
2019-08-27,0.00943503063172102,0.009470952674746513,0.009428892284631729,0.009435920976102352,0
2019-08-28,0.009456533007323742,0.009464857168495655,0.009439839981496334,0.00945733767002821,0
2019-08-29,0.009425870142877102,0.00944884866476059,0.00938667543232441,0.009427736513316631,0
2019-08-30,0.009392669424414635,0.009423649869859219,0.009386410005390644,0.00939514022320509,0
2019-09-02,0.009420276619493961,0.00942729227244854,0.009399115107953548,0.009422584436833858,0
2019-09-03,0.009416728280484676,0.009456264786422253,0.009400440379977226,0.009416816756129265,0
2019-09-04,0.00944617111235857,0.009448938071727753,0.00940547976642847,0.009446348994970322,0
2019-09-05,0.009403533302247524,0.009404152631759644,0.009328966960310936,0.009405125863850117,0
2019-09-06,0.009339684620499611,0.009378223679959774,0.009337940253317356,0.009339509531855583,0
2019-09-09,0.00935094989836216,0.009365927428007126,0.009331143461167812,0.009350600652396679,0
2019-09-10,0.009318187832832336,0.009327922947704792,0.009302671998739243,0.009316451847553253,0
2019-09-11,0.009295235387980938,0.009297222830355167,0.009272394701838493,0.00929368007928133,0
2019-09-12,0.009259345009922981,0.009298865683376789,0.00924769975244999,0.009257459081709385,0
2019-09-13,0.009244023822247982,0.009266123175621033,0.009237448684871197,0.009244194254279137,0
2019-09-16,0.00927945040166378,0.009302412159740925,0.009254545904695988,0.00927945040166378,0
2019-09-17,0.009246844798326492,0.009256944991648197,0.009230201132595539,0.009245476685464382,0
2019-09-18,0.009250608272850513,0.009250950068235397,0.009236509911715984,0.009251806885004044,0
2019-09-19,0.009222114458680153,0.009276265278458595,0.009219649247825146,0.009222964756190777,0
2019-09-20,0.009253432974219322,0.009279020130634308,0.009253432974219322,0.009255745448172092,0
2019-09-23,0.009290657937526703,0.00931879598647356,0.009279622696340084,0.009289191104471684,0
2019-09-24,0.009293075650930405,0.009324009530246258,0.00927945040166378,0.00929247122257948,0
2019-09-25,0.00933036021888256,0.009345358237624168,0.00927721243351698,0.009331578388810158,0
2019-09-26,0.009286602959036827,0.009307953529059887,0.009283240884542465,0.009285740554332733,0
2019-09-27,0.009281259030103683,0.009288846515119076,0.00924445129930973,0.009280226193368435,0
2019-09-30,0.009265093132853508,0.009281173348426819,0.00924727227538824,0.009264063090085983,0
2019-10-01,0.009254289790987968,0.0092876385897398,0.009221008978784084,0.009253347292542458,0
2019-10-02,0.009282292798161507,0.009329751133918762,0.009269215166568756,0.009281862527132034,0
2019-10-03,0.00933271087706089,0.009389142505824566,0.009320446290075779,0.009331578388810158,0
2019-10-04,0.009361280128359795,0.00937584973871708,0.009335847571492195,0.009361017495393753,0
2019-10-07,0.009366541169583797,0.00937303714454174,0.009339858777821064,0.009366452693939209,0
2019-10-08,0.009323487989604473,0.009362331591546535,0.009307866916060448,0.009323921985924244,0
2019-10-09,0.00935007631778717,0.00935007631778717,0.00930639449506998,0.009349201805889606,0
2019-10-10,0.009326357394456863,0.009329925291240215,0.009261660277843475,0.009330272674560547,0
2019-10-11,0.009271965362131596,0.009271965362131596,0.009207424707710743,0.00926955882459879,0
2019-10-14,0.00922007393091917,0.009254888631403446,0.00922007393091917,0.00922007393091917,0
2019-10-15,0.009227135218679905,0.00924590416252613,0.009184423834085464,0.009226113557815552,0
2019-10-16,0.009189740754663944,0.009207678958773613,0.009187798947095871,0.009189740754663944,0
2019-10-17,0.009201748296618462,0.009215570986270905,0.009181219153106213,0.009201578795909882,0
2019-10-18,0.009208866395056248,0.009223390370607376,0.009198193438351154,0.009209713898599148,0
2019-10-21,0.009224667213857174,0.009227731265127659,0.009203018620610237,0.00922441203147173,0
2019-10-22,0.009207849390804768,0.009219478815793991,0.009198193438351154,0.009208018891513348,0
2019-10-23,0.009218883700668812,0.009237619116902351,0.009202764369547367,0.009218034334480762,0
2019-10-24,0.009207085706293583,0.009216420352458954,0.009196079336106777,0.009204543195664883,0
2019-10-25,0.009207085706293583,0.00921523105353117,0.009194725193083286,0.009207594208419323,0
2019-10-28,0.009197432547807693,0.009203188121318817,0.009171703830361366,0.009196755476295948,0
2019-10-29,0.009176922030746937,0.009191007353365421,0.009170694276690483,0.009177342988550663,0
2019-10-30,0.009183917194604874,0.009190247394144535,0.009176922030746937,0.00918492954224348,0
2019-10-31,0.009191683493554592,0.009254631586372852,0.009186532348394394,0.009192105382680893,0
2019-11-01,0.009257801808416843,0.009266809560358524,0.009239070117473602,0.009259602054953575,0
2019-11-04,0.009241290390491486,0.00924171693623066,0.009207339957356453,0.009240436367690563,0
2019-11-05,0.009199801832437515,0.009203780442476273,0.009158347733318806,0.0092001399025321,0
2019-11-06,0.009163214825093746,0.009188727475702763,0.009159689769148827,0.009162039496004581,0
2019-11-07,0.009181556291878223,0.009203272871673107,0.009138595312833786,0.009181640110909939,0
2019-11-08,0.009151474572718143,0.009167331270873547,0.009135507047176361,0.009151307865977287,0
2019-11-11,0.009156586602330208,0.009182315319776535,0.009154323488473892,0.009155329316854477,0
2019-11-12,0.009170358069241047,0.009175490587949753,0.009150135330855846,0.009170778095722198,0
2019-11-13,0.00917456392198801,0.009201578795909882,0.009162459522485733,0.009174901060760021,0
2019-11-14,0.009192274883389473,0.009235827252268791,0.009186363779008389,0.009191345423460007,0
2019-11-15,0.009217779152095318,0.009220583364367485,0.00918678566813469,0.009217269718647003,0
2019-11-18,0.009199378080666065,0.00921523105353117,0.009169012308120728,0.009199717082083225,0
2019-11-19,0.009201240725815296,0.00922066904604435,0.009188642725348473,0.009202849119901657,0
2019-11-20,0.009217863902449608,0.009228668175637722,0.009197855368256569,0.009221264161169529,0
2019-11-21,0.009217779152095318,0.009235486388206482,0.009202679619193077,0.009218459017574787,0
2019-11-22,0.009209883399307728,0.009218544699251652,0.009198193438351154,0.009209374897181988,0
2019-11-25,0.009197178296744823,0.009199717082083225,0.00917801633477211,0.009197093546390533,0
2019-11-26,0.009174901060760021,0.009184676222503185,0.009159942157566547,0.009174985811114311,0
2019-11-27,0.009167247451841831,0.009169264696538448,0.009141352958977222,0.009166155010461807,0
2019-11-28,0.009142773225903511,0.009145532734692097,0.009128835052251816,0.0091435257345438,0
2019-11-29,0.009131002239882946,0.009138679131865501,0.009118928574025631,0.009131419472396374,0
2019-12-02,0.009129752404987812,0.00917439628392458,0.009114108979701996,0.00912950187921524,0
2019-12-03,0.009173133410513401,0.009216589853167534,0.009157173335552216,0.009172460064291954,0
2019-12-04,0.009202172048389912,0.009222540073096752,0.009183580055832863,0.009203611873090267,0
2019-12-05,0.009187967516481876,0.009202087298035622,0.009175405837595463,0.009188474155962467,0
2019-12-06,0.009195064194500446,0.009212514385581017,0.00918206200003624,0.009196417406201363,0
2019-12-09,0.009206831455230713,0.009222709573805332,0.009205899201333523,0.009205814450979233,0
2019-12-10,0.009208188392221928,0.009214891120791435,0.009195317514240742,0.009209629148244858,0
2019-12-11,0.00919362623244524,0.009204966947436333,0.009192612953484058,0.009194218553602695,0
2019-12-12,0.009213108569383621,0.009220244362950325,0.009149214252829552,0.009212428703904152,0
2019-12-13,0.009139598347246647,0.009156754240393639,0.009116102941334248,0.009139681234955788,0
2019-12-16,0.009142439812421799,0.009144613519310951,0.009118347428739071,0.009140768088400364,0
2019-12-17,0.009126419201493263,0.009135507047176361,0.009121757000684738,0.009126086719334126,0
2019-12-18,0.009130502119660378,0.00914093479514122,0.009122256189584732,0.009131086058914661,0
2019-12-19,0.00912866834551096,0.009156251326203346,0.009118263609707355,0.009128168225288391,0
2019-12-20,0.009141519665718079,0.009152564220130444,0.009133254177868366,0.009142188355326653,0
2019-12-23,0.00913300458341837,0.009145950898528099,0.00913300458341837,0.009132503531873226,0
2019-12-24,0.009142188355326653,0.00914720632135868,0.00913842860609293,0.009142272174358368,0
2019-12-25,0.009142439812421799,0.009148294106125832,0.009108961559832096,0.009142188355326653,0
2019-12-26,0.009143024682998657,0.0091435257345438,0.009117266163229942,0.00914335809648037,0
2019-12-27,0.009129251353442669,0.009138595312833786,0.009125253185629845,0.009128918871283531,0
2019-12-30,0.0091375932097435,0.009193457663059235,0.0091375932097435,0.00913842860609293,0
2019-12-31,0.009185436181724072,0.009219223633408546,0.009185436181724072,0.009185013361275196,0
2020-01-01,0.009201324544847012,0.009205560199916363,0.008975855074822903,0.009201240725815296,0
2020-01-02,0.009198447689414024,0.009240350686013699,0.009186110459268093,0.009198532439768314,0
2020-01-03,0.009213193319737911,0.00926655251532793,0.009212259203195572,0.009212939068675041,0
2020-01-06,0.009259345009922981,0.009265951812267303,0.009224240668118,0.009262346662580967,0
2020-01-07,0.00922415591776371,0.009236936457455158,0.009206661954522133,0.00922458153218031,0
2020-01-08,0.009261146187782288,0.009288759902119637,0.00916682742536068,0.009257887490093708,0
2020-01-09,0.009170189499855042,0.009170189499855042,0.009126086719334126,0.009171703830361366,0
2020-01-10,0.009132503531873226,0.009136090986430645,0.009117848239839077,0.009131835773587227,0
2020-01-13,0.009129585698246956,0.009129752404987812,0.00909628439694643,0.009126918390393257,0
2020-01-14,0.00909090880304575,0.009099926799535751,0.009076799266040325,0.009091570973396301,0
2020-01-15,0.009101334027945995,0.009108131751418114,0.009091239422559738,0.009102991782128811,0
2020-01-16,0.009101168252527714,0.009101168252527714,0.009076881222426891,0.009100588969886303,0
2020-01-17,0.009076964110136032,0.009086118079721928,0.00906823854893446,0.009076468646526337,0
2020-01-20,0.009074822068214417,0.00908149778842926,0.009073340333998203,0.009076057001948357,0
2020-01-21,0.009076139889657497,0.009102328680455685,0.009072927758097649,0.009076634421944618,0
2020-01-22,0.009097608737647533,0.00910439994186163,0.009084549732506275,0.009098518639802933,0
2020-01-23,0.00911277998238802,0.009151726961135864,0.0091116176918149,0.00911344401538372,0
2020-01-24,0.009127002209424973,0.009148712269961834,0.009120259433984756,0.00912808533757925,0
2020-01-27,0.00918999407440424,0.00918999407440424,0.009163214825093746,0.009191007353365421,0
2020-01-28,0.009180291555821896,0.009194388054311275,0.009158515371382236,0.009181050583720207,0
2020-01-29,0.009163383394479752,0.009174816310405731,0.009155329316854477,0.009163214825093746,0
2020-01-30,0.0091746486723423,0.009203272871673107,0.009171114303171635,0.009175405837595463,0
2020-01-31,0.009181978181004524,0.009230115450918674,0.009164642542600632,0.009184676222503185,0
2020-02-03,0.009226709604263306,0.009227986447513103,0.009191514924168587,0.00922747515141964,0
2020-02-04,0.009207255207002163,0.009211665950715542,0.0091375932097435,0.009207085706293583,0
2020-02-05,0.009137093089520931,0.0091481264680624,0.009104648604989052,0.00913684256374836,0
2020-02-06,0.00910713616758585,0.009109044447541237,0.009092561900615692,0.009106306359171867,0
2020-02-07,0.009094629436731339,0.009129835292696953,0.009092645719647408,0.009093554690480232,0
2020-02-10,0.009121674112975597,0.009123171679675579,0.009101665578782558,0.009120343253016472,0
2020-02-11,0.009110952727496624,0.0091122817248106,0.00909471232444048,0.009110289625823498,0
2020-02-12,0.00910439994186163,0.009108297526836395,0.009080919437110424,0.009103902615606785,0
2020-02-13,0.009102742187678814,0.009121757000684738,0.009092810563743114,0.009103653952479362,0
2020-02-14,0.009108629077672958,0.009115355089306831,0.009098518639802933,0.009110952727496624,0
2020-02-17,0.0091093759983778,0.00911402516067028,0.00909471232444048,0.009108214639127254,0
2020-02-18,0.009105063043534756,0.009119427762925625,0.009095869958400726,0.009104980155825615,0
2020-02-19,0.009096863679587841,0.009101997129619122,0.008984564803540707,0.009097608737647533,0
2020-02-20,0.008992644026875496,0.008999846875667572,0.008913768455386162,0.008991996757686138,0
2020-02-21,0.008931202813982964,0.008967243134975433,0.008915198966860771,0.00893223937600851,0
2020-02-24,0.008964188396930695,0.009048954583704472,0.0089559992775321,0.008964027278125286,0
2020-02-25,0.009019817225635052,0.009087687358260155,0.009006168693304062,0.009020630270242691,0
2020-02-26,0.00906790979206562,0.009078693576157093,0.009034320712089539,0.009067333303391933,0
2020-02-27,0.00906141847372055,0.009115188382565975,0.009058956056833267,0.009061007760465145,0
2020-02-28,0.009119261987507343,0.009278330951929092,0.009119261987507343,0.009119095280766487,0
2020-03-02,0.009280569851398468,0.009309686720371246,0.009211665950715542,0.00928531028330326,0
2020-03-03,0.009221094660460949,0.009326531551778316,0.009221094660460949,0.009217694401741028,0
2020-03-04,0.00933977123349905,0.009341604076325893,0.00928755197674036,0.009342563338577747,0
2020-03-05,0.009289104491472244,0.009388965554535389,0.009289104491472244,0.009287034161388874,0
2020-03-06,0.009410790167748928,0.00952417217195034,0.009404152631759644,0.009411942213773727,0
2020-03-09,0.00961788184940815,0.009873325936496258,0.009591681882739067,0.009621120058000088,0
2020-03-10,0.009698567911982536,0.009733402170240879,0.009506696835160255,0.009698192588984966,0
2020-03-11,0.009517374448478222,0.009604394435882568,0.00949839036911726,0.009521451778709888,0
2020-03-12,0.009556574746966362,0.009695746935904026,0.009459305554628372,0.00956480111926794,0
2020-03-13,0.009550277143716812,0.00955191906541586,0.009304835461080074,0.009559315629303455,0
2020-03-16,0.009382710792124271,0.009510494768619537,0.009299816563725471,0.009373124688863754,0
2020-03-17,0.009410967119038105,0.009426936507225037,0.009297050535678864,0.009418413043022156,0
2020-03-18,0.009316017851233482,0.009366891346871853,0.009217609651386738,0.009312981739640236,0
2020-03-19,0.009223985485732555,0.009242400527000427,0.009079435840249062,0.009228497743606567,0
2020-03-20,0.008984725922346115,0.009142773225903511,0.008981740102171898,0.008985452353954315,0
2020-03-23,0.00905764289200306,0.009117349050939083,0.008980772458016872,0.009052887558937073,0
2020-03-24,0.009020060300827026,0.00908149778842926,0.008969655260443687,0.009023071266710758,0
2020-03-25,0.008999684825539589,0.009029182605445385,0.00895511731505394,0.008999279700219631,0
2020-03-26,0.009020548313856125,0.009144027717411518,0.009014368988573551,0.00901908427476883,0
2020-03-27,0.009162879548966885,0.009269215166568756,0.009143777191638947,0.009165146388113499,0
2020-03-30,0.00930760707706213,0.009332450106739998,0.009234718978404999,0.009309859946370125,0
2020-03-31,0.009254460223019123,0.00930535513907671,0.00919861625880003,0.00925625953823328,0
2020-04-01,0.009306048043072224,0.009343261830508709,0.009268097579479218,0.009301632642745972,0
2020-04-02,0.00932088028639555,0.009342825971543789,0.009261146187782288,0.00932340044528246,0
2020-04-03,0.009255231358110905,0.009275319054722786,0.009202002547681332,0.009259173646569252,0
2020-04-06,0.009201409295201302,0.009201409295201302,0.009144696407020092,0.00920022465288639,0
2020-04-07,0.009167078882455826,0.009201663546264172,0.009163634851574898,0.009164642542600632,0
2020-04-08,0.009202594868838787,0.00921548530459404,0.009168087504804134,0.009203780442476273,0
2020-04-09,0.009182821027934551,0.009228497743606567,0.009169433265924454,0.009180882014334202,0
2020-04-10,0.009212259203195572,0.009231138043105602,0.009211156517267227,0.009211411699652672,0
2020-04-13,0.00922934990376234,0.009296877309679985,0.009227560833096504,0.009230541996657848,0
2020-04-14,0.009290916845202446,0.009339422918856144,0.009280828759074211,0.00929169449955225,0
2020-04-15,0.00933672022074461,0.009351912885904312,0.009273255243897438,0.00933672022074461,0
2020-04-16,0.009292298927903175,0.009329576976597309,0.00925266183912754,0.0092929033562541,0
2020-04-17,0.009264921769499779,0.009319143369793892,0.009264148771762848,0.009263977408409119,0
2020-04-20,0.009285999462008476,0.009293507784605026,0.009263891726732254,0.0092876385897398,0
2020-04-21,0.00928755197674036,0.009320012293756008,0.009275405667722225,0.009287724271416664,0
2020-04-22,0.009280742146074772,0.00930007640272379,0.009265178814530373,0.009283240884542465,0
2020-04-23,0.009275405667722225,0.009315324015915394,0.009261831641197205,0.009275319054722786,0
2020-04-24,0.009289450012147427,0.009309859946370125,0.009280742146074772,0.009287896566092968,0
2020-04-27,0.009301980026066303,0.009345794096589088,0.009292298927903175,0.009302757680416107,0
2020-04-28,0.00932088028639555,0.009384208358824253,0.009316712617874146,0.009321141988039017,0
2020-04-29,0.009367506019771099,0.009401677176356316,0.009366978891193867,0.009368471801280975,0
2020-04-30,0.00938077550381422,0.009397082962095737,0.009336370974779129,0.009379982948303223,0
2020-05-01,0.009319229982793331,0.009379982948303223,0.009311073459684849,0.009320966899394989,0
2020-05-04,0.009367593564093113,0.009374531917273998,0.009340993128716946,0.009368734434247017,0
2020-05-05,0.009373565204441547,0.00939108245074749,0.009355499409139156,0.00937233492732048,0
2020-05-06,0.009395758621394634,0.009431826882064342,0.009395758621394634,0.00939390528947115,0
2020-05-07,0.009415308944880962,0.009421607479453087,0.00937681645154953,0.009416993707418442,0
2020-05-08,0.00939937960356474,0.009413270279765129,0.00937031488865614,0.009402119554579258,0
2020-05-11,0.00935409963130951,0.009365487843751907,0.009282638318836689,0.00935287494212389,0
2020-05-12,0.009294716641306877,0.009326965548098087,0.009287379682064056,0.009296617470681667,0
2020-05-13,0.009331578388810158,0.009366628713905811,0.009323921985924244,0.009333756752312183,0
2020-05-14,0.009353311732411385,0.00936461053788662,0.009331491775810719,0.00935165025293827,0
2020-05-15,0.009314369410276413,0.009356637485325336,0.009308213368058205,0.009314022026956081,0
2020-05-18,0.009325835853815079,0.009339946322143078,0.009302757680416107,0.0093276621773839,0
2020-05-19,0.009312981739640236,0.009319229982793331,0.009252919815480709,0.009312634356319904,0
2020-05-20,0.009274803102016449,0.00931567046791315,0.009261403232812881,0.009275577962398529,0
2020-05-21,0.00929376669228077,0.009295840747654438,0.009272394701838493,0.009294457733631134,0
2020-05-22,0.009290744550526142,0.009316712617874146,0.009279880672693253,0.009291003458201885,0
2020-05-25,0.009281603619456291,0.009291090071201324,0.009278847835958004,0.009282034821808338,0
2020-05-26,0.009285912849009037,0.009310727007687092,0.009266466833651066,0.009286172688007355,0
2020-05-27,0.009303277358412743,0.009313414804637432,0.009265093132853508,0.009303105063736439,0
2020-05-28,0.00927617959678173,0.009295494295656681,0.009268184192478657,0.009276609867811203,0
2020-05-29,0.009291435591876507,0.009337940253317356,0.009275405667722225,0.009289967827498913,0
2020-06-01,0.009283844381570816,0.00931150745600462,0.0092721376568079,0.009284361265599728,0
2020-06-02,0.009298346936702728,0.009300854988396168,0.009203188121318817,0.00929817371070385,0
2020-06-03,0.009189656004309654,0.009223305620253086,0.00917650107294321,0.00919041596353054,0
2020-06-04,0.009175911545753479,0.009206492453813553,0.009161451831459999,0.00917439628392458,0
2020-06-05,0.00916422251611948,0.009170274250209332,0.009103653952479362,0.00916170421987772,0
2020-06-08,0.009124920703470707,0.009223985485732555,0.009124088101089,0.009121257811784744,0
2020-06-09,0.009227731265127659,0.00928970891982317,0.009227731265127659,0.009224326349794865,0
2020-06-10,0.009274975396692753,0.00933036021888256,0.009270676411688328,0.009276696480810642,0
2020-06-11,0.009344484657049179,0.009381039068102837,0.009326009079813957,0.009347453713417053,0
2020-06-12,0.009361367672681808,0.00938077550381422,0.009297913871705532,0.009363032877445221,0
2020-06-15,0.009319056756794453,0.009345794096589088,0.009304316714406013,0.009318709373474121,0
2020-06-16,0.00930535513907671,0.009324879385530949,0.009291952475905418,0.009305441752076149,0
2020-06-17,0.009312720969319344,0.009331578388810158,0.009307780303061008,0.009310119785368443,0
2020-06-18,0.009357775561511517,0.009375058114528656,0.009335063397884369,0.009355062618851662,0
2020-06-19,0.009346493519842625,0.009365751408040524,0.00934230163693428,0.009345270693302155,0
2020-06-22,0.009361717849969864,0.009364786557853222,0.009345969185233116,0.00936057884246111,0
2020-06-23,0.009355762042105198,0.009426670148968697,0.009326878935098648,0.009354274719953537,0
2020-06-24,0.009397347457706928,0.009399909526109695,0.009347891435027122,0.009395670145750046,0
2020-06-25,0.009343000128865242,0.00934317521750927,0.009307087399065495,0.009341953322291374,0
2020-06-26,0.009332450106739998,0.009363471530377865,0.009315410628914833,0.009332275949418545,0
2020-06-29,0.009326444007456303,0.009341341443359852,0.00926955882459879,0.009326792322099209,0
2020-06-30,0.009293594397604465,0.009299729950726032,0.009265951812267303,0.009294544346630573,0
2020-07-01,0.00926054548472166,0.009313762187957764,0.009245733730494976,0.009260202758014202,0
2020-07-02,0.00931462924927473,0.009315583854913712,0.009283585473895073,0.009313935413956642,0
2020-07-03,0.009301546961069107,0.00930760707706213,0.009296617470681667,0.009302585385739803,0
2020-07-06,0.009295494295656681,0.009308040142059326,0.009279020130634308,0.009295494295656681,0
2020-07-07,0.009315063245594501,0.009325748309493065,0.009277470409870148,0.009314542636275291,0
2020-07-08,0.009295926429331303,0.009312113747000694,0.00928462017327547,0.00929558090865612,0
2020-07-09,0.009322705678641796,0.009336806833744049,0.009311680682003498,0.009321141988039017,0
2020-07-10,0.009325487539172173,0.009375146590173244,0.009322966448962688,0.00932522676885128,0
2020-07-13,0.009353486821055412,0.009364347904920578,0.009318709373474121,0.00935366190969944,0
2020-07-14,0.009320532903075218,0.009335324168205261,0.009309946559369564,0.009321749210357666,0
2020-07-15,0.009324443526566029,0.009375321678817272,0.009319229982793331,0.009324443526566029,0
2020-07-16,0.009355937130749226,0.009359966032207012,0.009328619576990604,0.009353050030767918,0
2020-07-17,0.009320707060396671,0.009340557269752026,0.009315063245594501,0.009321575984358788,0
2020-07-20,0.009339073672890663,0.009342563338577747,0.009302325546741486,0.009337940253317356,0
2020-07-21,0.00933088269084692,0.009362857788801193,0.009314109571278095,0.009328706189990044,0
2020-07-22,0.00936206802725792,0.009370489977300167,0.009328183718025684,0.009360491298139095,0
2020-07-23,0.009331317618489265,0.009360403753817081,0.009326965548098087,0.00933053344488144,0
2020-07-24,0.00936014112085104,0.009455460123717785,0.00936014112085104,0.009359966032207012,0
2020-07-27,0.009437879547476768,0.009512847289443016,0.009429781697690487,0.009434585459530354,0
2020-07-28,0.009497487917542458,0.009527620859444141,0.00946261826902628,0.00950019434094429,0
2020-07-29,0.00951384287327528,0.009541984647512436,0.00950317457318306,0.009514113888144493,0
2020-07-30,0.009522358886897564,0.009531797841191292,0.009497758001089096,0.009520907886326313,0
2020-07-31,0.009554109536111355,0.009597021155059338,0.009452152997255325,0.009552649222314358,0
2020-08-03,0.009447777643799782,0.009471580386161804,0.009395935572683811,0.009445903822779655,0
2020-08-04,0.009429781697690487,0.009458322077989578,0.009416905231773853,0.009431293234229088,0
2020-08-05,0.009469966404139996,0.00949415098875761,0.009446081705391407,0.00946844182908535,0
2020-08-06,0.00947418250143528,0.009496496059000492,0.009461543522775173,0.009473913349211216,0
2020-08-07,0.009473196230828762,0.009480469860136509,0.009430225938558578,0.009471400640904903,0
2020-08-10,0.009447152726352215,0.009459842927753925,0.009416728280484676,0.009447331540286541,0
2020-08-11,0.009434140287339687,0.009438948705792427,0.009383415803313255,0.009434674866497517,0
2020-08-12,0.009393375366926193,0.009393375366926193,0.009345969185233116,0.009387820027768612,0
2020-08-13,0.009362244047224522,0.009383504278957844,0.009346581064164639,0.009361367672681808,0
2020-08-14,0.009348852559924126,0.009394435212016106,0.009343436919152737,0.009347016923129559,0
2020-08-17,0.009383591823279858,0.009438146837055683,0.00937752053141594,0.009384912438690662,0
2020-08-18,0.009435208514332771,0.009497217833995819,0.009435208514332771,0.009434406645596027,0
2020-08-19,0.009503715671598911,0.009513480588793755,0.009455460123717785,0.009503534995019436,0
2020-08-20,0.009425959549844265,0.009454297833144665,0.009416373446583748,0.009426936507225037,0
2020-08-21,0.009463513270020485,0.009482896886765957,0.00942782498896122,0.009463871829211712,0
2020-08-24,0.009442603215575218,0.009461632929742336,0.009439393877983093,0.00944492220878601,0
2020-08-25,0.009434674866497517,0.009444565512239933,0.009384031407535076,0.009434585459530354,0
2020-08-26,0.009396553970873356,0.009428358636796474,0.009385176934301853,0.009398054331541061,0
2020-08-27,0.00944545678794384,0.009467634372413158,0.009385088458657265,0.009446795098483562,0
2020-08-28,0.009375673718750477,0.009505432099103928,0.009351212531328201,0.009377608075737953,0
2020-08-31,0.00947651732712984,0.009496045298874378,0.009426758624613285,0.009475529193878174,0
2020-09-01,0.009434852749109268,0.009469786658883095,0.009421873837709427,0.009433606639504433,0
2020-09-02,0.009446081705391407,0.009446081705391407,0.009407603181898594,0.00944322720170021,0
2020-09-03,0.009416107088327408,0.009430136531591415,0.009386498481035233,0.009415486827492714,0
2020-09-04,0.009425870142877102,0.009425870142877102,0.00939011201262474,0.009426314383745193,0
2020-09-07,0.009408045560121536,0.009421962313354015,0.009401058778166771,0.009406364522874355,0
2020-09-08,0.00940786860883236,0.009442870505154133,0.009400440379977226,0.009406895376741886,0
2020-09-09,0.009437523782253265,0.009450634010136127,0.009411233477294445,0.009436811320483685,0
2020-09-10,0.009412827901542187,0.00943503063172102,0.009408842772245407,0.00941344816237688,0
2020-09-11,0.009421075694262981,0.009426847100257874,0.009412296116352081,0.009421252645552158,0
2020-09-14,0.009422672912478447,0.009474002756178379,0.009419477544724941,0.009421075694262981,0
2020-09-15,0.009456801228225231,0.009496675804257393,0.009450456127524376,0.00945939589291811,0
2020-09-16,0.009489377029240131,0.009541256353259087,0.009488025680184364,0.009489377029240131,0
2020-09-17,0.009519366547465324,0.009567180648446083,0.009508957155048847,0.00951818935573101,0
2020-09-18,0.009552101604640484,0.009590210393071175,0.009536615572869778,0.009551281109452248,0
2020-09-21,0.00956626608967781,0.009614644572138786,0.009545445442199707,0.009565990418195724,0
2020-09-22,0.009549365378916264,0.009577535092830658,0.009517827071249485,0.009552010335028172,0
2020-09-23,0.009517555125057697,0.009531979449093342,0.00949009694159031,0.009520727209746838,0
2020-09-24,0.009494422003626823,0.00950434897094965,0.009476876817643642,0.009496315382421017,0
2020-09-25,0.00948442704975605,0.009501458145678043,0.009460916742682457,0.009484516456723213,0
2020-09-28,0.009471132420003414,0.009499924257397652,0.009464409202337265,0.009472029283642769,0
2020-09-29,0.009484156034886837,0.00949234887957573,0.009458769112825394,0.009484696201980114,0
2020-09-30,0.009463961236178875,0.009486855939030647,0.009452152997255325,0.009463961236178875,0
2020-10-01,0.009483257308602333,0.009486045688390732,0.009458769112825394,0.009483077563345432,0
2020-10-02,0.009472926147282124,0.009527257643640041,0.009463871829211712,0.009474811144173145,0
2020-10-05,0.009475529193878174,0.00948676560074091,0.009455996565520763,0.009477774612605572,0
2020-10-06,0.009458500891923904,0.009477774612605572,0.00945733767002821,0.009460111148655415,0
2020-10-07,0.009466290473937988,0.009467276744544506,0.009424625895917416,0.009466111660003662,0
2020-10-08,0.009436366148293018,0.009440820664167404,0.009426580742001534,0.0094370786100626,0
2020-10-09,0.009432093240320683,0.009468979202210903,0.009432093240320683,0.009432360529899597,0
2020-10-12,0.009466290473937988,0.009501729160547256,0.009465125389397144,0.009466827847063541,0
2020-10-13,0.00949234887957573,0.009497758001089096,0.00946736615151167,0.00949316006153822,0
2020-10-14,0.009481010027229786,0.009520363993942738,0.009477684274315834,0.009481368586421013,0
2020-10-15,0.009511218406260014,0.00951366126537323,0.009488746523857117,0.009511218406260014,0
2020-10-16,0.009491718374192715,0.009506606496870518,0.009484336711466312,0.0094912676140666,0
2020-10-19,0.009484246373176575,0.009496225044131279,0.00947894249111414,0.009485236369073391,0
2020-10-20,0.009481368586421013,0.009481368586421013,0.009456711821258068,0.009481368586421013,0
2020-10-21,0.009480919688940048,0.009583134204149246,0.009480919688940048,0.009480739943683147,0
2020-10-22,0.009555570781230927,0.009573042392730713,0.009534706361591816,0.009553288109600544,0
2020-10-23,0.009532252326607704,0.00956480111926794,0.009532252326607704,0.009530981071293354,0
2020-10-26,0.009550459682941437,0.009555752389132977,0.009520273655653,0.009552649222314358,0
2020-10-27,0.009541438892483711,0.009579186327755451,0.009539254009723663,0.009539072401821613,0
2020-10-28,0.009565625339746475,0.00960476417094469,0.009565533138811588,0.009565259329974651,0
2020-10-29,0.009585981257259846,0.0096126114949584,0.009550916031002998,0.009586349129676819,0
2020-10-30,0.009564070031046867,0.00960255041718483,0.009549182839691639,0.009564435109496117,0
2020-11-02,0.00955913309007883,0.00955913309007883,0.00952898245304823,0.009562057442963123,0
2020-11-03,0.009548909962177277,0.009575150907039642,0.009541893377900124,0.009548818692564964,0
2020-11-04,0.009568829089403152,0.009600521996617317,0.009492979384958744,0.009565168060362339,0
2020-11-05,0.009575242176651955,0.009654932655394077,0.009573958814144135,0.009575058706104755,0
2020-11-06,0.009652881883084774,0.00969142559915781,0.009637811221182346,0.009652230888605118,0
2020-11-09,0.009686168283224106,0.009686168283224106,0.009466469287872314,0.009684949181973934,0
2020-11-10,0.009509137831628323,0.009539982303977013,0.009480650536715984,0.009511399082839489,0
2020-11-11,0.00950001459568739,0.00952272117137909,0.009464318864047527,0.009500284679234028,0
2020-11-12,0.009485505521297455,0.009514476172626019,0.00948127917945385,0.00948631577193737,0
2020-11-13,0.009516105987131596,0.009559224359691143,0.009510676376521587,0.009515653364360332,0
2020-11-16,0.009554200805723667,0.00958175677806139,0.00951520074158907,0.009553288109600544,0
2020-11-17,0.009569835849106312,0.009608548134565353,0.009563520550727844,0.009565625339746475,0
2020-11-18,0.009601259604096413,0.009646549820899963,0.009601259604096413,0.009598678909242153,0
2020-11-19,0.009624268859624863,0.009641434997320175,0.009596560150384903,0.009625195525586605,0
2020-11-20,0.009634560905396938,0.009642643854022026,0.009624175727367401,0.009631591849029064,0
2020-11-23,0.009631684981286526,0.009644410572946072,0.009558035992085934,0.009632334113121033,0
2020-11-24,0.00956416130065918,0.00960162840783596,0.009546995162963867,0.00956708937883377,0
2020-11-25,0.009568829089403152,0.009590670466423035,0.009561601094901562,0.009568187408149242,0
2020-11-26,0.00958047155290842,0.009594535455107689,0.009579278528690338,0.009578543715178967,0
2020-11-27,0.009591038338840008,0.009623991325497627,0.009590762667357922,0.009593063034117222,0
2020-11-30,0.009606055915355682,0.009631128050386906,0.009580012410879135,0.009607809595763683,0
2020-12-01,0.009587635286152363,0.009598218835890293,0.009562698192894459,0.009587819688022137,0
2020-12-02,0.009588738903403282,0.009594626724720001,0.009546812623739243,0.009586900472640991,0
2020-12-03,0.009573408402502537,0.009645526297390461,0.009566357359290123,0.009573225863277912,0
2020-12-04,0.009631684981286526,0.009639669209718704,0.009593063034117222,0.009631777182221413,0
2020-12-07,0.009596836753189564,0.009622416459023952,0.009586809203028679,0.009597113355994225,0
2020-12-08,0.009614644572138786,0.009619084186851978,0.009597665630280972,0.00961556937545538,0
2020-12-09,0.009603103622794151,0.009610487148165703,0.009587635286152363,0.009602919220924377,0
2020-12-10,0.009588922373950481,0.009593982249498367,0.009562606923282146,0.009590301662683487,0
2020-12-11,0.009599877521395683,0.009631499648094177,0.009599877521395683,0.009598586708307266,0
2020-12-14,0.009618899784982204,0.009660528972744942,0.009607716463506222,0.0096210278570652,0
2020-12-15,0.009614274837076664,0.009644968435168266,0.009601812809705734,0.009614460170269012,0
2020-12-16,0.009647760540246964,0.009684104472398758,0.009642272256314754,0.009649342857301235,0
2020-12-17,0.009665197692811489,0.009718740358948708,0.00965726375579834,0.009664170444011688,0
2020-12-18,0.009694713167846203,0.009696593508124352,0.009653441607952118,0.009696406312286854,0
2020-12-21,0.009664356708526611,0.00968457292765379,0.009626028127968311,0.00966585148125887,0
2020-12-22,0.009677075780928135,0.00968251097947359,0.009641156531870365,0.009676795452833176,0
2020-12-23,0.009659315459430218,0.009674642235040665,0.009649249725043774,0.009658663533627987,0
2020-12-24,0.009659502655267715,0.009661835618317127,0.00963799748569727,0.00965698342770338,0
2020-12-25,0.009650553576648235,0.009688608348369598,0.009647388011217117,0.00964757427573204,0
2020-12-28,0.009659409523010254,0.009671179577708244,0.009625195525586605,0.009658756665885448,0
2020-12-29,0.009644038043916225,0.009665010496973991,0.009634747169911861,0.009644224308431149,0
2020-12-30,0.00965698342770338,0.009712226688861847,0.009655305184423923,0.00965633150190115,0
2020-12-31,0.00969612319022417,0.009708454832434654,0.00968251097947359,0.00969734601676464,0
2021-01-01,0.009687482379376888,0.009687482379376888,0.009685230441391468,0.009687482379376888,0
2021-01-04,0.009685792960226536,0.00973615050315857,0.009685792960226536,0.009686262346804142,0
2021-01-05,0.009695371612906456,0.009739753790199757,0.00969180092215538,0.009696969762444496,0
2021-01-06,0.009737098589539528,0.009747538715600967,0.009668281301856041,0.009739184752106667,0
2021-01-07,0.009706099517643452,0.00971288699656725,0.00961991772055626,0.009706475771963596,0
2021-01-08,0.00963437557220459,0.009650926105678082,0.009608178399503231,0.009634839370846748,0
2021-01-11,0.00960864033550024,0.009611965157091618,0.00957955326884985,0.009606977924704552,0
2021-01-12,0.009603195823729038,0.009607071056962013,0.009585981257259846,0.009603564627468586,0
2021-01-13,0.009638739749789238,0.009658102877438068,0.009616494178771973,0.009638368152081966,0
2021-01-14,0.00962973665446043,0.009648597799241543,0.00959803443402052,0.009630478918552399,0
2021-01-15,0.009630478918552399,0.009650646708905697,0.009626028127968311,0.009631313383579254,0
2021-01-18,0.009623527526855469,0.009648877196013927,0.009622509591281414,0.009623898193240166,0
2021-01-19,0.009643573313951492,0.009647853672504425,0.009607809595763683,0.009642922319471836,0
2021-01-20,0.009624823927879333,0.00966529082506895,0.009622972458600998,0.009624917060136795,0
2021-01-21,0.009656517766416073,0.009678106755018234,0.009647016413509846,0.009656704030930996,0
2021-01-22,0.009660715237259865,0.00966230221092701,0.009626306593418121,0.009661275893449783,0
2021-01-25,0.009635117836296558,0.009645340964198112,0.00962176825851202,0.00963604636490345,0
2021-01-26,0.009637439623475075,0.009656704030930996,0.009631405584514141,0.009637624956667423,0
2021-01-27,0.009652230888605118,0.009653161279857159,0.009599877521395683,0.009652230888605118,0
2021-01-28,0.00960282701998949,0.00960282701998949,0.009573775343596935,0.009602181613445282,0
2021-01-29,0.009586624801158905,0.009588738903403282,0.00952970888465643,0.009588555432856083,0
2021-02-01,0.009549365378916264,0.009558035992085934,0.00952471699565649,0.009552376344799995,0
2021-02-02,0.009534887969493866,0.0095398910343647,0.009509137831628323,0.009534616023302078,0
2021-02-03,0.009521814063191414,0.009530707262456417,0.00951501913368702,0.009521270170807838,0
2021-02-04,0.009524262510240078,0.009526259265840054,0.009479481726884842,0.009524262510240078,0
2021-02-05,0.009472567588090897,0.009493880905210972,0.009455102495849133,0.00947220902889967,0
2021-02-08,0.009487935341894627,0.009509500116109848,0.009463782422244549,0.009487666189670563,0
2021-02-09,0.009503264911472797,0.00956827960908413,0.009503264911472797,0.009504799731075764,0
2021-02-10,0.009561874903738499,0.009576892480254173,0.009538616985082626,0.009562515653669834,0
2021-02-11,0.00955849327147007,0.009564618580043316,0.009543806314468384,0.009558859281241894,0
2021-02-12,0.009546084329485893,0.009549274109303951,0.009508415125310421,0.009547360241413116,0
2021-02-15,0.009518279694020748,0.009525351226329803,0.009487216360867023,0.009518461301922798,0
2021-02-16,0.009489016607403755,0.009505794383585453,0.00944572500884533,0.00948883593082428,0
2021-02-17,0.009422495029866695,0.00945000909268856,0.00941575225442648,0.009424804709851742,0
2021-02-18,0.009446795098483562,0.009469786658883095,0.00944126583635807,0.009446348994970322,0
2021-02-19,0.009463602676987648,0.009501188062131405,0.009458322077989578,0.009465035982429981,0
2021-02-22,0.009474811144173145,0.009523809887468815,0.009448581375181675,0.00947741512209177,0
2021-02-23,0.00952272117137909,0.009532888419926167,0.009486675262451172,0.009525260888040066,0
2021-02-24,0.009497848339378834,0.0094995629042387,0.009425603784620762,0.009498209692537785,0
2021-02-25,0.009438770823180676,0.009446884505450726,0.009408576413989067,0.009438948705792427,0
2021-02-26,0.00939937960356474,0.009446706622838974,0.009373652748763561,0.009400351904332638,0
2021-03-01,0.00939196441322565,0.009400616399943829,0.009365662932395935,0.009389407001435757,0
2021-03-02,0.009359264746308327,0.009373124688863754,0.009350163862109184,0.009358827024698257,0
2021-03-03,0.009367330931127071,0.00937198381870985,0.00933366920799017,0.009366978891193867,0
2021-03-04,0.009340643882751465,0.009348415769636631,0.009290657937526703,0.009340731427073479,0
2021-03-05,0.009262604638934135,0.009274201467633247,0.009207339957356453,0.009263118728995323,0
2021-03-08,0.009225432761013508,0.00923241674900055,0.009179364889860153,0.00922347605228424,0
2021-03-09,0.009180543944239616,0.009211496450006962,0.00915507785975933,0.009179448708891869,0
2021-03-10,0.009211156517267227,0.009230286814272404,0.009181050583720207,0.009210053831338882,0
2021-03-11,0.009222029708325863,0.009228242561221123,0.009191007353365421,0.009222369641065598,0
2021-03-12,0.009210308082401752,0.0092149768024683,0.00916187185794115,0.009211920201778412,0
2021-03-15,0.009164727292954922,0.00918012298643589,0.00914444588124752,0.009164474904537201,0
2021-03-16,0.009164306335151196,0.009192612953484058,0.009151140227913857,0.009163047187030315,0
2021-03-17,0.009172376245260239,0.009173133410513401,0.009151140227913857,0.009171871468424797,0
2021-03-18,0.009181893430650234,0.00920022465288639,0.009150470606982708,0.009183495305478573,0
2021-03-19,0.009180039167404175,0.009207085706293583,0.009165818803012371,0.00918012298643589,0
2021-03-22,0.00918459240347147,0.009206322953104973,0.009178690612316132,0.009185181930661201,0
2021-03-23,0.00919311959296465,0.009223815985023975,0.009185350500047207,0.00919320434331894,0
2021-03-24,0.00921463593840599,0.009220413863658905,0.009179280139505863,0.009214891120791435,0
2021-03-25,0.009192528203129768,0.009192528203129768,0.009158431552350521,0.009192021563649178,0
2021-03-26,0.009159019216895103,0.009162627160549164,0.009104648604989052,0.00915927067399025,0
2021-03-29,0.00910929311066866,0.009142104536294937,0.009109210222959518,0.009108214639127254,0
2021-03-30,0.009104980155825615,0.009108463302254677,0.009056412614881992,0.00910448282957077,0
2021-03-31,0.009066758677363396,0.009067991748452187,0.009012824855744839,0.009065772406756878,0
2021-04-01,0.009030323475599289,0.009044616483151913,0.009021606296300888,0.009029345586895943,0
2021-04-02,0.009039956144988537,0.009059447795152664,0.009029834531247616,0.009040528908371925,0
2021-04-05,0.009035872295498848,0.009094464592635632,0.009032445028424263,0.009035300463438034,0
2021-04-06,0.009074904024600983,0.009116684086620808,0.00904584489762783,0.009074986912310123,0
2021-04-07,0.009108878672122955,0.009124753065407276,0.00909628439694643,0.009108048863708973,0
2021-04-08,0.009101003408432007,0.009174227714538574,0.009099678136408329,0.009103157557547092,0
2021-04-09,0.00914703868329525,0.009155664592981339,0.009094877168536186,0.009146620519459248,0
2021-04-12,0.009114191867411137,0.009153569117188454,0.009110704064369202,0.00911626871675253,0
2021-04-13,0.009142439812421799,0.009170694276690483,0.009111866354942322,0.009142940863966942,0
2021-04-14,0.009181302972137928,0.009194133803248405,0.009167583659291267,0.009180712513625622,0
2021-04-15,0.009183917194604874,0.009205983951687813,0.00917843822389841,0.009183242917060852,0
2021-04-16,0.009203442372381687,0.009205983951687813,0.009177595376968384,0.009200562722980976,0
2021-04-19,0.0092001399025321,0.00925865862518549,0.009194979444146156,0.009198023937642574,0
2021-04-20,0.009250265546143055,0.009260973893105984,0.009214721620082855,0.009250865317881107,0
2021-04-21,0.009247955866158009,0.00926852785050869,0.009236169047653675,0.009247870184481144,0
2021-04-22,0.009256944991648197,0.009274372830986977,0.009243340231478214,0.009255916811525822,0
2021-04-23,0.009264749474823475,0.009304922074079514,0.009248726069927216,0.009261146187782288,0
2021-04-26,0.009269473142921925,0.009289191104471684,0.009243255481123924,0.009270073845982552,0
2021-04-27,0.009243168868124485,0.009250608272850513,0.009210647083818913,0.009241973049938679,0
2021-04-28,0.009196417406201363,0.009198532439768314,0.00916842371225357,0.009195402264595032,0
2021-04-29,0.00921616517007351,0.009221859276294708,0.009155916050076485,0.00921616517007351,0
2021-04-30,0.009181471541523933,0.009198532439768314,0.009146369062364101,0.00918239913880825,0
2021-05-03,0.009149214252829552,0.009182230569422245,0.00911635160446167,0.009150554426014423,0
2021-05-04,0.009167078882455826,0.009170358069241047,0.009134004823863506,0.00916699506342411,0
2021-05-05,0.009146954864263535,0.009161536581814289,0.009135507047176361,0.009146703407168388,0
2021-05-06,0.009158431552350521,0.009170441888272762,0.00913918111473322,0.009155916050076485,0
2021-05-07,0.009173133410513401,0.009229605086147785,0.009150972589850426,0.009170104749500751,0
2021-05-10,0.009208103641867638,0.009209120646119118,0.009170525707304478,0.009210477583110332,0
2021-05-11,0.009188220836222172,0.00922688003629446,0.009177174419164658,0.009187460877001286,0
2021-05-12,0.009198023937642574,0.009202679619193077,0.009129418060183525,0.009198362939059734,0
2021-05-13,0.009113859385251999,0.009134422056376934,0.0091093759983778,0.00911876279860735,0
2021-05-14,0.00913083553314209,0.009154994040727615,0.009120426140725613,0.009131086058914661,0
2021-05-17,0.009139765053987503,0.00916842371225357,0.009132753126323223,0.009139765053987503,0
2021-05-18,0.009151140227913857,0.009187460877001286,0.009151140227913857,0.00915398821234703,0
2021-05-19,0.009186363779008389,0.009209459647536278,0.00914720632135868,0.009185436181724072,0
2021-05-20,0.009152396582067013,0.009195148944854736,0.009150554426014423,0.009151391685009003,0
2021-05-21,0.009188557974994183,0.009207339957356453,0.00917650107294321,0.009186110459268093,0
2021-05-24,0.009181471541523933,0.009199801832437515,0.009175742976367474,0.009181134402751923,0
2021-05-25,0.009189149364829063,0.009209883399307728,0.009169600903987885,0.00918687041848898,0
2021-05-26,0.009191936813294888,0.009197601117193699,0.00916279572993517,0.009191007353365421,0
2021-05-27,0.009158431552350521,0.009170861914753914,0.009103985503315926,0.009160025976598263,0
2021-05-28,0.009103985503315926,0.009107965975999832,0.009074739180505276,0.009106721729040146,0
2021-05-31,0.009097608737647533,0.009143609553575516,0.009096863679587841,0.009098601527512074,0
2021-06-01,0.009134255349636078,0.009146369062364101,0.00911635160446167,0.00913300458341837,0
2021-06-02,0.00913383811712265,0.00913383811712265,0.009100588969886303,0.00913300458341837,0
2021-06-03,0.009124670177698135,0.009125502780079842,0.009065361693501472,0.00912450347095728,0
2021-06-04,0.009067333303391933,0.009143191389739513,0.009064293466508389,0.009068978950381279,0
2021-06-07,0.0091214245185256,0.009158767759799957,0.0091214245185256,0.009122672490775585,0
2021-06-08,0.009150135330855846,0.0091570895165205,0.009128001518547535,0.009151307865977287,0
2021-06-09,0.009133420884609222,0.009154658764600754,0.009121008217334747,0.009135005995631218,0
2021-06-10,0.009119760245084763,0.009138261899352074,0.009108878672122955,0.009123255498707294,0
2021-06-11,0.009141352958977222,0.009147122502326965,0.00910448282957077,0.00914001651108265,0
2021-06-14,0.009112115018069744,0.009123171679675579,0.009091156534850597,0.009115022607147694,0
2021-06-15,0.009088843129575253,0.009091735817492008,0.009077540598809719,0.009087521582841873,0
2021-06-16,0.009084715507924557,0.009106473065912724,0.00907968357205391,0.009083972312510014,0
2021-06-17,0.009026899933815002,0.009073504246771336,0.009023886173963547,0.009027715772390366,0
2021-06-18,0.009065525606274605,0.00909529160708189,0.009051822125911713,0.009064128622412682,0
2021-06-21,0.00907506886869669,0.00911277998238802,0.009063881821930408,0.00907432846724987,0
2021-06-22,0.009059201925992966,0.009072680957615376,0.009026248008012772,0.009060104377567768,0
2021-06-23,0.009034648537635803,0.009034648537635803,0.009001629427075386,0.009037178941071033,0
2021-06-24,0.00901014544069767,0.00903260800987482,0.00900130532681942,0.009008035063743591,0
2021-06-25,0.009015750139951706,0.00905124843120575,0.009011038579046726,0.00901542603969574,0
2021-06-28,0.009024945087730885,0.00904920045286417,0.009011363610625267,0.00902347918599844,0
2021-06-29,0.009041264653205872,0.009054526686668396,0.009029671549797058,0.009041346609592438,0
2021-06-30,0.00904780812561512,0.009055592119693756,0.009003736078739166,0.009046907536685467,0
2021-07-01,0.008998551405966282,0.00900689885020256,0.008958807215094566,0.00899895653128624,0
2021-07-02,0.008961858227849007,0.008996446616947651,0.008956079371273518,0.008962822146713734,0
2021-07-05,0.00899766106158495,0.009025434032082558,0.00899409968405962,0.008998065255582333,0
2021-07-06,0.009016563184559345,0.009047645144164562,0.009016157127916813,0.009015832096338272,0
2021-07-07,0.009044044651091099,0.009057806804776192,0.009024701081216335,0.00904142763465643,0
2021-07-08,0.009039793163537979,0.00912950187921524,0.009039793163537979,0.009038730524480343,0
2021-07-09,0.009108463302254677,0.009110206738114357,0.00907062366604805,0.009107384830713272,0
2021-07-12,0.009073751047253609,0.009092397056519985,0.009058873169124126,0.009073175489902496,0
2021-07-13,0.009063881821930408,0.00907424557954073,0.009045680053532124,0.009064128622412682,0
2021-07-14,0.009041918441653252,0.009092149324715137,0.009033913724124432,0.009042000398039818,0
2021-07-15,0.009091404266655445,0.009114440530538559,0.00908413715660572,0.009092231281101704,0
2021-07-16,0.009111035615205765,0.009113028645515442,0.009063225239515305,0.00910929311066866,0
2021-07-19,0.009098850190639496,0.009167078882455826,0.009088843129575253,0.009101334027945995,0
2021-07-20,0.009130168706178665,0.00914628617465496,0.00909471232444048,0.009129585698246956,0
2021-07-21,0.009097028523683548,0.009106887504458427,0.009059365838766098,0.009097525849938393,0
2021-07-22,0.009071200154721737,0.009088926017284393,0.009062239900231361,0.00906988326460123,0
2021-07-23,0.009080260992050171,0.00908141490072012,0.009042981080710888,0.009079353883862495,0
2021-07-26,0.009046253748238087,0.009080507792532444,0.009043226018548012,0.00904617179185152,0
2021-07-27,0.009065607562661171,0.009122006595134735,0.009064621292054653,0.009066018275916576,0
2021-07-28,0.009108795784413815,0.009111866354942322,0.009073092602193356,0.009106970392167568,0
2021-07-29,0.009100920520722866,0.009134839288890362,0.009100091643631458,0.009099926799535751,0
2021-07-30,0.009141519665718079,0.0091435257345438,0.009108048863708973,0.00914001651108265,0
2021-08-02,0.00911626871675253,0.009157844819128513,0.009112115018069744,0.009115271270275116,0
2021-08-03,0.009151474572718143,0.00918459240347147,0.009146536700427532,0.009151726961135864,0
2021-08-04,0.009175490587949753,0.009197178296744823,0.009120259433984756,0.009175069630146027,0
2021-08-05,0.00912950187921524,0.00914009939879179,0.00910929311066866,0.009130001999437809,0
2021-08-06,0.009111533872783184,0.009115603752434254,0.00906248576939106,0.009111450985074043,0
2021-08-09,0.009069389663636684,0.009088595397770405,0.009065279737114906,0.009069554507732391,0
2021-08-10,0.009064704179763794,0.00906593631953001,0.009042736142873764,0.009065690450370312,0
2021-08-11,0.009041673503816128,0.009059038013219833,0.009025026112794876,0.00904175452888012,0
2021-08-12,0.009060843847692013,0.009064868092536926,0.009047645144164562,0.009060104377567768,0
2021-08-13,0.009056986309587955,0.00911286287009716,0.009053460322320461,0.009057724848389626,0
2021-08-16,0.009124587289988995,0.009164811111986637,0.009124587289988995,0.00912209041416645,0
2021-08-17,0.009148962795734406,0.00916271097958088,0.0091200927272439,0.009149381890892982,0
2021-08-18,0.009129001758992672,0.00913383811712265,0.009095539338886738,0.009129335172474384,0
2021-08-19,0.009103157557547092,0.00913300458341837,0.009073587134480476,0.009103985503315926,0
2021-08-20,0.009108961559832096,0.009125919081270695,0.009100423194468021,0.009110122919082642,0
2021-08-23,0.009102162905037403,0.009113277308642864,0.009079353883862495,0.009104152210056782,0
2021-08-24,0.009118097834289074,0.009138930588960648,0.009101086296141148,0.00911759864538908,0
2021-08-25,0.0091122817248106,0.00911701750010252,0.009082652628421783,0.009113277308642864,0
2021-08-26,0.009091156534850597,0.009097028523683548,0.00907259900122881,0.009092893451452255,0
2021-08-27,0.009087769314646721,0.00910448282957077,0.009069718420505524,0.009086944162845612,0
2021-08-30,0.009104068391025066,0.009115271270275116,0.009094546549022198,0.009102080017328262,0
2021-08-31,0.009095952846109867,0.009123838506639004,0.009085374884307384,0.009095539338886738,0
2021-09-01,0.009085788391530514,0.009100588969886303,0.009057150222361088,0.009086282923817635,0
2021-09-02,0.009082157164812088,0.009096863679587841,0.009082157164812088,0.009082982316613197,0
2021-09-03,0.009095456451177597,0.009123754687607288,0.009085457772016525,0.009095456451177597,0
2021-09-06,0.00910929311066866,0.00911170057952404,0.009096615016460419,0.00911045540124178,0
2021-09-07,0.009105892851948738,0.009116850793361664,0.009070212952792645,0.009105809964239597,0
2021-09-08,0.009067087434232235,0.009079353883862495,0.009054689668118954,0.009066511876881123,0
2021-09-09,0.009072763845324516,0.009111368097364902,0.009068814106285572,0.009072927758097649,0
2021-09-10,0.009109624661505222,0.009115687571465969,0.009092231281101704,0.009109044447541237,0
2021-09-13,0.009098436683416367,0.009099263697862625,0.00907803513109684,0.009097939357161522,0
2021-09-14,0.009091652929782867,0.009122505784034729,0.009079024195671082,0.009091404266655445,0
2021-09-15,0.009114773012697697,0.009164727292954922,0.009114357642829418,0.009114191867411137,0
2021-09-16,0.009141519665718079,0.009156251326203346,0.009105478413403034,0.009142188355326653,0
2021-09-17,0.009116933681070805,0.009118430316448212,0.00908496230840683,0.00911585334688425,0
2021-09-20,0.009092561900615692,0.009138261899352074,0.00908818282186985,0.00909330602735281,0
2021-09-21,0.009137928485870361,0.009158347733318806,0.009116185829043388,0.00913767796009779,0
2021-09-22,0.009161368012428284,0.009163383394479752,0.00912075862288475,0.009161788038909435,0
2021-09-23,0.009106721729040146,0.009108131751418114,0.009074822068214417,0.009105644188821316,0
2021-09-24,0.009064293466508389,0.009065279737114906,0.009030242450535297,0.009064046666026115,0
2021-09-27,0.009029345586895943,0.009046990424394608,0.009004547260701656,0.009028203785419464,0
2021-09-28,0.00901209469884634,0.009014124982059002,0.008958245627582073,0.009011931717395782,0
2021-09-29,0.008967564441263676,0.008991269394755363,0.008935192599892616,0.008966358378529549,0
2021-09-30,0.00893479399383068,0.008975532837212086,0.008923153392970562,0.008933676406741142,0
2021-10-01,0.008971506729722023,0.009016157127916813,0.00897021871060133,0.008971747942268848,0
2021-10-04,0.009012013673782349,0.009021850302815437,0.008984887972474098,0.009013312868773937,0
2021-10-05,0.00901152566075325,0.00901908427476883,0.008964348584413528,0.009011606685817242,0
2021-10-06,0.008967001922428608,0.008992400951683521,0.008946704678237438,0.008969655260443687,0
2021-10-07,0.008976097218692303,0.008989330381155014,0.008964911103248596,0.008975612930953503,0
2021-10-08,0.00895471591502428,0.0089668408036232,0.008914482779800892,0.008955597877502441,0
2021-10-11,0.008906939998269081,0.008914006873965263,0.008819586597383022,0.00890709925442934,0
2021-10-12,0.008817486464977264,0.008848226629197598,0.008789122104644775,0.0088192755356431,0
2021-10-13,0.008807778358459473,0.00883017759770155,0.008788272738456726,0.008809098042547703,0
2021-10-14,0.008826437406241894,0.00882783904671669,0.008794533088803291,0.00882604718208313,0
2021-10-15,0.008784567005932331,0.008786111138761044,0.008737669326364994,0.008784721605479717,0
2021-10-18,0.008748217485845089,0.008770391345024109,0.008738509379327297,0.008747070096433163,0
2021-10-19,0.008749594911932945,0.008780941367149353,0.008745387196540833,0.00875005405396223,0
2021-10-20,0.008731565438210964,0.008761093951761723,0.00871953647583723,0.008730345405638218,0
2021-10-21,0.00874255783855915,0.008797241374850273,0.008742023259401321,0.00874209962785244,0
2021-10-22,0.008783641271293163,0.00880940817296505,0.008757717907428741,0.008783487603068352,0
2021-10-25,0.008799873292446136,0.008811349049210548,0.008779939264059067,0.008797860704362392,0
2021-10-26,0.00879074539989233,0.008793141692876816,0.008749059401452541,0.008790049701929092,0
2021-10-27,0.00875825434923172,0.008817020803689957,0.008755417540669441,0.008757486939430237,0
2021-10-28,0.008789585903286934,0.0088296327739954,0.008783023804426193,0.008789199404418468,0
2021-10-29,0.008799408562481403,0.008818731643259525,0.008765317499637604,0.008801577612757683,0
2021-11-01,0.008755187503993511,0.008769622072577477,0.008738662116229534,0.008753808215260506,0
2021-11-02,0.008765471167862415,0.008813212625682354,0.008761630393564701,0.008764702826738358,0
2021-11-03,0.00877446960657835,0.008793373592197895,0.00876101665198803,0.008774855174124241,0
2021-11-04,0.00876685418188572,0.008808476850390434,0.008750973269343376,0.008766546845436096,0
2021-11-05,0.00878541637212038,0.008816164918243885,0.008771929889917374,0.008784490637481213,0
2021-11-08,0.008813446387648582,0.008843140676617622,0.008798015303909779,0.008812514133751392,0
2021-11-09,0.008830567821860313,0.008870674297213554,0.00882978830486536,0.008829710073769093,0
2021-11-10,0.008856375701725483,0.008867291733622551,0.008776857517659664,0.00885645393282175,0
2021-11-11,0.008777396753430367,0.008786264806985855,0.008762168698012829,0.008779246360063553,0
2021-11-12,0.008768238127231598,0.008789585903286934,0.008749059401452541,0.008768622763454914,0
2021-11-15,0.008772622793912888,0.008790436200797558,0.008768776431679726,0.00877339206635952,0
2021-11-16,0.008761861361563206,0.008763473480939865,0.008723643608391285,0.008761784061789513,0
2021-11-17,0.008702008053660393,0.008746610954403877,0.00870004016906023,0.008702917024493217,0
2021-11-18,0.008755801245570183,0.00878086406737566,0.008735531941056252,0.008757334202528,0
2021-11-19,0.008747375570237637,0.008802507072687149,0.0087320227175951,0.008750285021960735,0
2021-11-22,0.008761247619986534,0.008770468644797802,0.008710270747542381,0.008761323988437653,0
2021-11-23,0.00871064979583025,0.008729811757802963,0.00868462584912777,0.008711560629308224,0
2021-11-24,0.008683796972036362,0.008708600886166096,0.008659807965159416,0.008685003966093063,0
2021-11-25,0.00866445992141962,0.00867784395813942,0.008662808686494827,0.008664910681545734,0
2021-11-26,0.008687946945428848,0.008845173753798008,0.008687946945428848,0.008690438233315945,0
2021-11-29,0.008794687688350677,0.00884681660681963,0.008777011185884476,0.008793605491518974,0
2021-11-30,0.008786805905401707,0.008885492570698261,0.008780787698924541,0.008787036873400211,0
2021-12-01,0.008829008787870407,0.008867291733622551,0.008801809512078762,0.00882620271295309,0
2021-12-02,0.008860299363732338,0.008872012607753277,0.008825424127280712,0.008858808316290379,0
2021-12-03,0.008847521618008614,0.008860534988343716,0.008802351541817188,0.008847834542393684,0
2021-12-06,0.008848696015775204,0.008860848844051361,0.008811970241367817,0.00884626992046833,0
2021-12-07,0.008811659179627895,0.008817564696073532,0.008789431303739548,0.008813833817839622,0
2021-12-08,0.008809330873191357,0.008824256248772144,0.008777319453656673,0.008808632381260395,0
2021-12-09,0.00879399199038744,0.008827372454106808,0.0087868832051754,0.008796312846243382,0
2021-12-10,0.008815388195216656,0.008831036277115345,0.008788427338004112,0.008814611472189426,0
2021-12-13,0.008809796534478664,0.008819431066513062,0.008793450891971588,0.008810495026409626,0
2021-12-14,0.008804832585155964,0.008815309964120388,0.008791286498308182,0.008804598823189735,0
2021-12-15,0.008792059496045113,0.008800415322184563,0.008779861964285374,0.00879175029695034,0
2021-12-16,0.008759942837059498,0.008805607445538044,0.008753118105232716,0.008761477656662464,0
2021-12-17,0.008796622045338154,0.008837747387588024,0.008783873170614243,0.008797938004136086,0
2021-12-20,0.008806615136563778,0.008823711425065994,0.008796235546469688,0.00880917627364397,0
2021-12-21,0.008798247203230858,0.00880537461489439,0.008759405463933945,0.008798015303909779,0
2021-12-22,0.008770775981247425,0.00877185259014368,0.008744163438677788,0.008772390894591808,0
2021-12-23,0.008762398734688759,0.00876370444893837,0.00873812660574913,0.008762628771364689,0
2021-12-24,0.00873690564185381,0.008748983033001423,0.008733243681490421,0.008736829273402691,0
2021-12-27,0.008745999075472355,0.008747451938688755,0.008703144267201424,0.008746380917727947,0
2021-12-28,0.008711711503565311,0.008717712014913559,0.00870064552873373,0.008711408823728561,0
2021-12-29,0.008713305927813053,0.008720449171960354,0.008693233132362366,0.008712850511074066,0
2021-12-30,0.008698904886841774,0.008699662052094936,0.0086805559694767,0.008699585683643818,0
2021-12-31,0.008691193535923958,0.008695274591445923,0.008681158535182476,0.008690890856087208,0
2022-01-03,0.008685380220413208,0.00869761873036623,0.008668515831232071,0.00868492852896452,0
2022-01-04,0.00867182295769453,0.008673101663589478,0.008595496416091919,0.008670921437442303,0
2022-01-05,0.008608444593846798,0.00864849891513586,0.008603260852396488,0.008607777766883373,0
2022-01-06,0.008611113764345646,0.008646479807794094,0.008607407100498676,0.00861118733882904,0
2022-01-07,0.008630361407995224,0.008651192300021648,0.008618460968136787,0.00863073393702507,0
2022-01-10,0.008648873306810856,0.008692250587046146,0.008632447570562363,0.008649172261357307,0
2022-01-11,0.008674305863678455,0.008685305714607239,0.008644835092127323,0.0086746821179986,0
2022-01-12,0.008670695126056671,0.008717255666851997,0.008661082945764065,0.008670695126056671,0
2022-01-13,0.00872067641466856,0.008771468885242939,0.00871900375932455,0.008720296435058117,0
2022-01-14,0.008764165453612804,0.008810184895992279,0.008758791722357273,0.008762859739363194,0
2022-01-17,0.008748447522521019,0.008750131353735924,0.008723262697458267,0.008748447522521019,0
2022-01-18,0.008728212676942348,0.008737440221011639,0.00869330856949091,0.008728212676942348,0
2022-01-19,0.008729355409741402,0.008754957467317581,0.00871323049068451,0.008729507215321064,0
2022-01-20,0.00874530989676714,0.008773623034358025,0.008731260895729065,0.00874530989676714,0
2022-01-21,0.008776087313890457,0.008801344782114029,0.00877054501324892,0.008772469125688076,0
2022-01-24,0.008788427338004112,0.008811426348984241,0.008772699162364006,0.008788504637777805,0
2022-01-25,0.008770775981247425,0.00879700854420662,0.008760863915085793,0.008771083317697048,0
2022-01-26,0.008780324831604958,0.008788272738456726,0.008743016980588436,0.008781558834016323,0
2022-01-27,0.008717103861272335,0.008734692819416523,0.008659432642161846,0.00871680025011301,0
2022-01-28,0.008667915128171444,0.008685305714607239,0.008645283989608288,0.008669117465615273,0
2022-01-31,0.008677617646753788,0.008682364597916603,0.00865224003791809,0.008675886318087578,0
2022-02-01,0.008684777654707432,0.00872844085097313,0.008681158535182476,0.00868651270866394,0
2022-02-02,0.008716495707631111,0.00875710416585207,0.008711105212569237,0.008715660311281681,0
2022-02-03,0.008743705227971077,0.008746917359530926,0.008697996847331524,0.00874263420701027,0
2022-02-04,0.008697996847331524,0.008712243288755417,0.008663559332489967,0.008698904886841774,0
2022-02-07,0.008677090518176556,0.008701781742274761,0.0086675388738513,0.008678747341036797,0
2022-02-08,0.008690664544701576,0.008690664544701576,0.008649172261357307,0.008690890856087208,0
2022-02-09,0.008654861710965633,0.008671597577631474,0.008651791140437126,0.008655685931444168,0
2022-02-10,0.008650518953800201,0.00865913275629282,0.008596678264439106,0.008650369942188263,0
2022-02-11,0.00861704908311367,0.00863736867904663,0.008608371019363403,0.008617198094725609,0
2022-02-14,0.008653588593006134,0.008694140240550041,0.008641249500215054,0.008651716634631157,0
2022-02-15,0.008654861710965633,0.008676338009536266,0.008630435913801193,0.008655310608446598,0
2022-02-16,0.008647526614367962,0.008666187524795532,0.00863751769065857,0.008647901006042957,0
2022-02-17,0.008665962144732475,0.008706175722181797,0.00865591038018465,0.008666487410664558,0
2022-02-18,0.008706553839147091,0.00871178787201643,0.00867573544383049,0.008705796673893929,0
2022-02-21,0.008698980323970318,0.008710877038538456,0.008687644265592098,0.008698602207005024,0
2022-02-22,0.008727298118174076,0.008731641806662083,0.00867814477533102,0.008725318126380444,0
2022-02-23,0.008687946945428848,0.008698147721588612,0.008681686595082283,0.008688399568200111,0
2022-02-24,0.008702008053660393,0.008740189485251904,0.008648574352264404,0.00870337150990963,0
2022-02-25,0.008654487319290638,0.008684174157679081,0.008648199960589409,0.00865268986672163,0
2022-02-28,0.008651417680084705,0.008688625879585743,0.008647003211081028,0.008651642128825188,0
2022-03-01,0.0086894566193223,0.008716952055692673,0.008675660938024521,0.008689758367836475,0
2022-03-02,0.008709663525223732,0.00871118064969778,0.008644537068903446,0.008708298206329346,0
2022-03-03,0.008658233098685741,0.008658383041620255,0.00863557867705822,0.008656584657728672,0
2022-03-04,0.00865950807929039,0.008722121827304363,0.008655535988509655,0.00865995790809393,0
2022-03-07,0.008700419217348099,0.008707615546882153,0.008660183288156986,0.00869943480938673,0
2022-03-08,0.0086678396910429,0.008670620620250702,0.00863736867904663,0.0086675388738513,0
2022-03-09,0.008639906533062458,0.008652091026306152,0.008625076152384281,0.008641399443149567,0
2022-03-10,0.008627308532595634,0.00863408762961626,0.008606592193245888,0.008627457544207573,0
2022-03-11,0.008608889766037464,0.008609556593000889,0.008535045199096203,0.008607407100498676,0
2022-03-14,0.00851034838706255,0.008513028733432293,0.008470341563224792,0.008508538827300072,0
2022-03-15,0.008458948694169521,0.008492929860949516,0.008443521335721016,0.008458948694169521,0
2022-03-16,0.008452228270471096,0.008462241850793362,0.008438747376203537,0.008453656919300556,0
2022-03-17,0.008411065675318241,0.008444377221167088,0.008403502404689789,0.008412551134824753,0
2022-03-18,0.008439887315034866,0.008439887315034866,0.008375980891287327,0.008439815603196621,0
2022-03-21,0.00838497094810009,0.008396306075155735,0.008382721804082394,0.008384830318391323,0
2022-03-22,0.008361623622477055,0.008361623622477055,0.008266102522611618,0.008361623622477055,0
2022-03-23,0.008246402256190777,0.008289949037134647,0.008244090713560581,0.008241306059062481,0
2022-03-24,0.008255047723650932,0.008265828713774681,0.008189806714653969,0.008255797438323498,0
2022-03-25,0.008173273876309395,0.008249667473137379,0.008173273876309395,0.008173540234565735,0
2022-03-28,0.008178621530532837,0.008186052553355694,0.007996481843292713,0.008178621530532837,0
2022-03-29,0.008086688816547394,0.008192826062440872,0.008050946518778801,0.008086688816547394,0
2022-03-30,0.008121827617287636,0.008242935873568058,0.008128561079502106,0.008121827617287636,0
2022-03-31,0.008195310831069946,0.008244634605944157,0.008168866857886314,0.008195310831069946,0
2022-04-01,0.008213147521018982,0.00821402482688427,0.008130279369652271,0.008213147521018982,0
2022-04-04,0.0081559419631958,0.008177417330443859,0.008134842850267887,0.0081559419631958,0
2022-04-05,0.008142725564539433,0.0081685995683074,0.008097231388092041,0.008142725564539433,0
2022-04-06,0.008086951449513435,0.008091400377452374,0.008061655797064304,0.008086951449513435,0
2022-04-07,0.008082571439445019,0.008096640929579735,0.00806484092026949,0.008082571439445019,0
2022-04-08,0.0080582769587636,0.008085185661911964,0.008022462949156761,0.0080582769587636,0
2022-04-11,0.008039554581046104,0.008044922724366188,0.007951590232551098,0.008039554581046104,0
2022-04-12,0.007969905622303486,0.008008136413991451,0.007952729240059853,0.007969905622303486,0
2022-04-13,0.007973464205861092,0.007976326160132885,0.00791784469038248,0.007973464205861092,0
2022-04-14,0.007975944317877293,0.007991624996066093,0.007937263697385788,0.007975944317877293,0
2022-04-15,0.007925248704850674,0.007932163774967194,0.007894466631114483,0.007925248704850674,0
2022-04-18,0.007897771894931793,0.007919976487755775,0.007887057028710842,0.007897771894931793,0
2022-04-19,0.007867944426834583,0.0078715980052948,0.007760300301015377,0.007867944426834583,0
2022-04-20,0.007731979247182608,0.00784246064722538,0.007729528937488794,0.007731979247182608,0
2022-04-21,0.007811706513166428,0.00782307330518961,0.007770249154418707,0.007811706513166428,0
2022-04-22,0.007787676528096199,0.007824297994375229,0.0077483938075602055,0.007787676528096199,0
2022-04-25,0.007775747682899237,0.00784159917384386,0.00776264863088727,0.007775747682899237,0
2022-04-26,0.00782815646380186,0.007871288806200027,0.007801041938364506,0.00782815646380186,0
2022-04-27,0.007857558317482471,0.007857990451157093,0.007777380291372538,0.007857558317482471,0
2022-04-28,0.007788525894284248,0.007790103554725647,0.007620731834322214,0.007788525894284248,0
2022-04-29,0.00764461699873209,0.007724393159151077,0.007644675672054291,0.00764461699873209,0
2022-05-02,0.007691656704992056,0.007715097162872553,0.00766453891992569,0.007691656704992056,0
2022-05-03,0.007685685995966196,0.0077089713886380196,0.0076757753267884254,0.007685685995966196,0
2022-05-04,0.007685449905693531,0.007703982759267092,0.007680609822273254,0.007685449905693531,0
2022-05-05,0.007738559972494841,0.007765482645481825,0.007666829973459244,0.007738559972494841,0
2022-05-06,0.007672830484807491,0.007679253350943327,0.00764496810734272,0.007672830484807491,0
2022-05-09,0.007648242637515068,0.007683442439883947,0.0076146963983774185,0.007648242637515068,0
2022-05-10,0.007670064456760883,0.007703269831836224,0.007661191280931234,0.007670064456760883,0
2022-05-11,0.0076715946197509766,0.007715335115790367,0.007646253332495689,0.0076715946197509766,0
2022-05-12,0.007702082861214876,0.007837912067770958,0.007698348257690668,0.007702082861214876,0
2022-05-13,0.007776775397360325,0.007790225092321634,0.007725766394287348,0.007776775397360325,0
2022-05-16,0.007726064417511225,0.007769646123051643,0.007715811021625996,0.007726064417511225,0
2022-05-17,0.007756567560136318,0.007761565037071705,0.00770712923258543,0.007756567560136318,0
2022-05-18,0.0077247521840035915,0.0078051830641925335,0.007726004812866449,0.0077247521840035915,0
2022-05-19,0.007817752659320831,0.007872218266129494,0.007755665108561516,0.007817752659320831,0
2022-05-20,0.007822766900062561,0.007840861566364765,0.007795204408466816,0.007822766900062561,0
2022-05-23,0.007818425074219704,0.007863675244152546,0.007816591300070286,0.007818425074219704,0
2022-05-24,0.00782191101461649,0.007911893539130688,0.007809449452906847,0.00782191101461649,0
2022-05-25,0.007888363674283028,0.007894217036664486,0.007848369888961315,0.007888363674283028,0
2022-05-26,0.007864602841436863,0.007900828495621681,0.007839447818696499,0.007864602841436863,0
2022-05-27,0.007871226407587528,0.007894093170762062,0.007860955782234669,0.007871226407587528,0
2022-05-30,0.007856384851038456,0.007882083766162395,0.007824358530342579,0.007856384851038456,0
2022-05-31,0.007825706154108047,0.007833736948668957,0.0077592758461833,0.007825706154108047,0
2022-06-01,0.007767835631966591,0.007763974834233522,0.007685449905693531,0.007767835631966591,0
2022-06-02,0.007685096003115177,0.0077203987166285515,0.007681612391024828,0.007685096003115177,0
2022-06-03,0.007697162684053183,0.007710397243499756,0.007635278627276421,0.007697162684053183,0
2022-06-06,0.007650699466466904,0.0076644206419587135,0.0075943986885249615,0.007650699466466904,0
2022-06-07,0.007565670181065798,0.00757019454613328,0.007519475184381008,0.007565670181065798,0
2022-06-08,0.007527456618845463,0.007533921394497156,0.007438483648002148,0.007527456618845463,0
2022-06-09,0.007438816130161285,0.007508015260100365,0.0074319601990282536,0.007438816130161285,0
2022-06-10,0.007439479697495699,0.00749698281288147,0.007441528607159853,0.007439479697495699,0
2022-06-13,0.007417627610266209,0.0074845259077847,0.007398747839033604,0.007417627610266209,0
2022-06-14,0.007450176402926445,0.007468260359019041,0.007409163750708103,0.007450176402926445,0
2022-06-15,0.0073913102969527245,0.007446182891726494,0.007391802500933409,0.0073913102969527245,0
2022-06-16,0.0074562872759997845,0.007601846009492874,0.0074254488572478294,0.0074562872759997845,0
2022-06-17,0.00755167193710804,0.007565040607005358,0.007384869735687971,0.00755167193710804,0
2022-06-20,0.007392294239252806,0.007432236801832914,0.007384869735687971,0.007392294239252806,0
2022-06-21,0.007402636576443911,0.0074104261584579945,0.00733519671484828,0.007402636576443911,0
2022-06-22,0.007338426541537046,0.007366427686065435,0.007320912089198828,0.007338426541537046,0
2022-06-23,0.007351643871515989,0.007446348667144775,0.007343168370425701,0.007351643871515989,0
2022-06-24,0.007416197098791599,0.0074421376921236515,0.007392512634396553,0.007416197098791599,0
2022-06-27,0.007404007017612457,0.007433009799569845,0.007377950008958578,0.007404007017612457,0
2022-06-28,0.007383615709841251,0.007400610018521547,0.00733659602701664,0.007383615709841251,0
2022-06-29,0.007350401021540165,0.007363173644989729,0.007299430202692747,0.007350401021540165,0
2022-06-30,0.00732123339548707,0.007369902916252613,0.007309995125979185,0.00732123339548707,0
2022-07-01,0.007364529650658369,0.007418617606163025,0.00735418451949954,0.007364529650658369,0
2022-07-04,0.007405048701912165,0.007418507244437933,0.007365343160927296,0.007405048701912165,0
2022-07-05,0.007361602038145065,0.0073770796880126,0.007334335707128048,0.007361602038145065,0
2022-07-06,0.007378930225968361,0.007408779114484787,0.007354996167123318,0.007378930225968361,0
2022-07-07,0.00735477963462472,0.007376262918114662,0.007341928780078888,0.00735477963462472,0
2022-07-08,0.007357648108154535,0.0073878709226846695,0.007323646452277899,0.007357648108154535,0
2022-07-11,0.007336703594774008,0.007338372059166431,0.00725979171693325,0.007336703594774008,0
2022-07-12,0.007278656121343374,0.007326222024857998,0.007272621616721153,0.007278656121343374,0
2022-07-13,0.007313897833228111,0.007313630077987909,0.007253841031342745,0.007313897833228111,0
2022-07-14,0.00726596312597394,0.007267178036272526,0.007174784783273935,0.00726596312597394,0
2022-07-15,0.007195953279733658,0.007225224282592535,0.007190416567027569,0.007195953279733658,0
2022-07-18,0.007229926530271769,0.007251841947436333,0.007223502732813358,0.007229926530271769,0
2022-07-19,0.007234371732920408,0.007278761826455593,0.007226112764328718,0.007234371732920408,0
2022-07-20,0.007236361503601074,0.007250895258039236,0.007227261085063219,0.007236361503601074,0
2022-07-21,0.0072256941348314285,0.0072610038332641125,0.007201134692877531,0.0072256941348314285,0
2022-07-22,0.007294051814824343,0.007374849170446396,0.007249581627547741,0.007294051814824343,0
2022-07-25,0.007336111273616552,0.007356402929872274,0.007310849614441395,0.007336111273616552,0
2022-07-26,0.007329712621867657,0.0073371874168515205,0.007308125030249357,0.007329712621867657,0
2022-07-27,0.007300868630409241,0.007323271594941616,0.007281040772795677,0.007300868630409241,0
2022-07-28,0.007346945349127054,0.0074429684318602085,0.007330787368118763,0.007346945349127054,0
2022-07-29,0.007440641988068819,0.007544208783656359,0.007426661904901266,0.007440641988068819,0
2022-08-01,0.007495858706533909,0.0075975144281983376,0.0074982186779379845,0.007495858706533909,0
2022-08-02,0.007600401062518358,0.00766694825142622,0.007554810494184494,0.007600401062518358,0
2022-08-03,0.007497432176023722,0.007556237280368805,0.007433286402374506,0.007497432176023722,0
2022-08-04,0.007464803289622068,0.007514841388911009,0.007441140711307526,0.007464803289622068,0
2022-08-05,0.007540283724665642,0.007542047183960676,0.007382471580058336,0.007540283724665642,0
2022-08-08,0.007404280826449394,0.007441472727805376,0.007379093207418919,0.007404280826449394,0
2022-08-09,0.007416197098791599,0.007424676325172186,0.0073980912566185,0.007416197098791599,0
2022-08-10,0.007397161331027746,0.007572143338620663,0.007391256280243397,0.007397161331027746,0
2022-08-11,0.007528419606387615,0.007588059641420841,0.007501594722270966,0.007528419606387615,0
2022-08-12,0.007519136182963848,0.007523322477936745,0.007469989359378815,0.007519136182963848,0
2022-08-15,0.007502551190555096,0.0075423880480229855,0.0074886176735162735,0.007502551190555096,0
2022-08-16,0.00751072121784091,0.007520267274230719,0.007426440715789795,0.00751072121784091,0
2022-08-17,0.007447292096912861,0.007466976996511221,0.007380673196166754,0.007447292096912861,0
2022-08-18,0.007410481572151184,0.007426440715789795,0.0073851426132023335,0.007410481572151184,0
2022-08-19,0.0073640416376292706,0.007361927069723606,0.007288630120456219,0.0073640416376292706,0
2022-08-22,0.00729708606377244,0.007313309703022242,0.007264960091561079,0.00729708606377244,0
2022-08-23,0.0072702947072684765,0.007359326351433992,0.007262533530592918,0.0072702947072684765,0
2022-08-24,0.007313523441553116,0.007342521566897631,0.00728730158880353,0.007313523441553116,0
2022-08-25,0.007294957526028156,0.007335357833653688,0.007289692759513855,0.007294957526028156,0
2022-08-26,0.0073226275853812695,0.007333528716117144,0.007276272866874933,0.0073226275853812695,0
2022-08-29,0.007265857420861721,0.007241234183311462,0.007194503676146269,0.007271669339388609,0
2022-08-30,0.00721521582454443,0.007243595086038113,0.007191347423940897,0.00721521582454443,0
2022-08-31,0.007208038587123156,0.007231913041323423,0.007200667634606361,0.007208038587123156,0
2022-09-01,0.007178956642746925,0.007189796306192875,0.0071317520923912525,0.007178956642746925,0
2022-09-02,0.007138727232813835,0.00714908679947257,0.007102524861693382,0.007138727232813835,0
2022-09-05,0.007118096575140953,0.007136281579732895,0.0071099987253546715,0.007118096575140953,0
2022-09-06,0.007120986003428698,0.007130023092031479,0.006994572002440691,0.007120986003428698,0
2022-09-07,0.006985630374401808,0.006993985269218683,0.006897408049553633,0.006985630374401808,0
2022-09-08,0.0069382768124341965,0.006976517383009195,0.006920223589986563,0.0069382768124341965,0
2022-09-09,0.006951395887881517,0.007066838443279266,0.006947000976651907,0.006951395887881517,0
2022-09-12,0.007012819871306419,0.007029531057924032,0.006969321519136429,0.007012819871306419,0
2022-09-13,0.007013360038399696,0.007047415245324373,0.006911948788911104,0.007013360038399696,0
2022-09-14,0.006925015710294247,0.007014737464487553,0.00690483720973134,0.006925015710294247,0
2022-09-15,0.006996774114668369,0.006995453033596277,0.00695439288392663,0.006996774114668369,0
2022-09-16,0.006975202821195126,0.006999320816248655,0.006960298400372267,0.006975202821195126,0
2022-09-19,0.007004518061876297,0.007007904816418886,0.006962139625102282,0.007004518061876297,0
2022-09-20,0.006982118356972933,0.006994865369051695,0.006949222180992365,0.006982118356972933,0
2022-09-21,0.006963691208511591,0.006974570453166962,0.0069354381412267685,0.006963691208511591,0
2022-09-22,0.0069292387925088406,0.007122659124433994,0.006854808423668146,0.0069292387925088406,0
2022-09-23,0.007028394844383001,0.007053081411868334,0.0069775390438735485,0.007028394844383001,0
2022-09-26,0.00696810707449913,0.006971653085201979,0.006921085994690657,0.00696810707449913,0
2022-09-27,0.0069223796017467976,0.006940491963177919,0.006904170382767916,0.0069223796017467976,0
2022-09-28,0.00691128009930253,0.006937314756214619,0.00690521951764822,0.00691128009930253,0
2022-09-29,0.00692530395463109,0.006934331730008125,0.006906792521476746,0.00692530395463109,0
2022-09-30,0.006923721171915531,0.006934139411896467,0.0069070314057171345,0.006923721171915531,0
2022-10-03,0.006905314512550831,0.006936688907444477,0.0068833548575639725,0.006905314512550831,0
2022-10-04,0.006919505540281534,0.006929094437509775,0.006900310982018709,0.006919505540281534,0
2022-10-05,0.006954731419682503,0.00696592265740037,0.006903979927301407,0.006954731419682503,0
2022-10-06,0.00692285830155015,0.00692583154886961,0.006890231743454933,0.00692285830155015,0
2022-10-07,0.006894697435200214,0.006907986011356115,0.006881081033498049,0.006894697435200214,0
2022-10-10,0.006873702630400658,0.006885345559567213,0.0068578640930354595,0.006873702630400658,0
2022-10-11,0.006864643190056086,0.006872615776956081,0.0068565476685762405,0.006864643190056086,0
2022-10-12,0.006855419371277094,0.0068549965508282185,0.0068045263178646564,0.006855419371277094,0
2022-10-13,0.00681491382420063,0.006818352732807398,0.006775022018700838,0.00681491382420063,0
2022-10-14,0.0067891888320446014,0.006797634530812502,0.006734369322657585,0.0067891888320446014,0
2022-10-17,0.006728026084601879,0.006737137213349342,0.0067163677886128426,0.006728026084601879,0
2022-10-18,0.006712716072797775,0.0067252665758132935,0.00669859629124403,0.006712716072797775,0
2022-10-19,0.006702008657157421,0.006705828942358494,0.0066764140501618385,0.006702008657157421,0
2022-10-20,0.006674631964415312,0.0066859666258096695,0.006667155772447586,0.006674631964415312,0
2022-10-21,0.006658853963017464,0.006834335159510374,0.006581675261259079,0.006658853963017464,0
2022-10-24,0.006765030324459076,0.006765487603843212,0.006691111717373133,0.006765030324459076,0
2022-10-25,0.006716503296047449,0.006777134258300066,0.006711589638143778,0.006716503296047449,0
2022-10-26,0.00675767008215189,0.006830181460827589,0.0067384084686636925,0.00675767008215189,0
2022-10-27,0.00684303417801857,0.0068891397677361965,0.006809160113334656,0.00684303417801857,0
2022-10-28,0.006836484652012587,0.006848001852631569,0.0067637027241289616,0.006836484652012587,0
2022-10-31,0.006765350699424744,0.006768189370632172,0.006718534044921398,0.006765350699424744,0
2022-11-01,0.0067232768051326275,0.006803137715905905,0.006720113568007946,0.0067232768051326275,0
2022-11-02,0.0067606400698423386,0.006809576880186796,0.0067583550699055195,0.0067606400698423386,0
2022-11-03,0.006761691067367792,0.006797634530812502,0.006737000774592161,0.006761691067367792,0
2022-11-04,0.00673886202275753,0.006822260096669197,0.00673886202275753,0.00673886202275753,0
2022-11-07,0.006810086779296398,0.006843971088528633,0.006777225993573666,0.006810086779296398,0
2022-11-08,0.006820166017860174,0.00688169663771987,0.006806100718677044,0.006820166017860174,0
2022-11-09,0.00688254926353693,0.006886151619255543,0.006823237054049969,0.00688254926353693,0
2022-11-10,0.0068395244888961315,0.0070652407594025135,0.0068221199326217175,0.0068395244888961315,0
2022-11-11,0.0070554702542722225,0.0072000459767878056,0.007019218523055315,0.0070554702542722225,0
2022-11-14,0.007165736518800259,0.007201030850410461,0.0071038370952010155,0.007165736518800259,0
2022-11-15,0.007136994507163763,0.007256419863551855,0.007113337051123381,0.007136994507163763,0
2022-11-16,0.00719605665653944,0.007199735380709171,0.007128345780074596,0.00719605665653944,0
2022-11-17,0.007177616935223341,0.007199112791568041,0.007106613367795944,0.007177616935223341,0
2022-11-18,0.0071218982338905334,0.0071607595309615135,0.007118957582861185,0.0071218982338905334,0
2022-11-21,0.007129971869289875,0.007132514845579863,0.007041360717266798,0.007129971869289875,0
2022-11-22,0.007037396542727947,0.007087875623255968,0.007030420936644077,0.007037396542727947,0
2022-11-23,0.007084410637617111,0.007163990754634142,0.007063443772494793,0.007084410637617111,0
2022-11-24,0.00717988470569253,0.007241391576826572,0.0071691786870360374,0.00717988470569253,0
2022-11-25,0.007214851211756468,0.007226007524877787,0.007163785398006439,0.007214851211756468,0
2022-11-28,0.007178235799074173,0.0072719864547252655,0.007172571960836649,0.007189072202891111,0
2022-11-29,0.007208818104118109,0.007252367679029703,0.0071776690892875195,0.007208818104118109,0
2022-11-30,0.007207467220723629,0.0072286720387637615,0.007148831617087126,0.007207467220723629,0
2022-12-01,0.007280193269252777,0.007377950008958578,0.007271880749613047,0.007280193269252777,0
2022-12-02,0.0073991864919662476,0.00748094217851758,0.007354239001870155,0.0073991864919662476,0
2022-12-05,0.007436326239258051,0.0074552311562001705,0.007321662735193968,0.007436326239258051,0
2022-12-06,0.007317858748137951,0.007352509070187807,0.007277332246303558,0.007317858748137951,0
2022-12-07,0.0073053487576544285,0.007330411113798618,0.00725489342585206,0.0073053487576544285,0
2022-12-08,0.00733239995315671,0.007336972281336784,0.00728735513985157,0.00733239995315671,0
2022-12-09,0.007319894153624773,0.007373978849500418,0.007306416518986225,0.007319894153624773,0
2022-12-12,0.007314646616578102,0.007318876218050718,0.007266491651535034,0.007314646616578102,0
2022-12-13,0.007272515911608934,0.007424566429108381,0.007249423768371344,0.007272515911608934,0
2022-12-14,0.007375501561909914,0.007424952462315559,0.007370173931121826,0.007375501561909914,0
2022-12-15,0.0073883612640202045,0.007391911465674639,0.007250527385622263,0.0073883612640202045,0
2022-12-16,0.007259475067257881,0.007330840453505516,0.007259475067257881,0.007259475067257881,0
2022-12-19,0.007351319771260023,0.007365234661847353,0.007291287183761597,0.007315823808312416,0
2022-12-20,0.007299536839127541,0.007632597349584103,0.0072752670384943485,0.007299536839127541,0
2022-12-21,0.007581960875540972,0.007603290490806103,0.007548537105321884,0.007581960875540972,0
2022-12-22,0.007554582320153713,0.007595609873533249,0.0075368741527199745,0.007554582320153713,0
2022-12-23,0.0075553241185843945,0.007559093181043863,0.007511962670832872,0.0075553241185843945,0
2022-12-26,0.0075318217277526855,0.007556865457445383,0.0075054229237139225,0.007530687842518091,0
2022-12-27,0.0075321621261537075,0.007538749370723963,0.007485758047550917,0.0075321621261537075,0
2022-12-28,0.007491422817111015,0.0074956342577934265,0.007440752815455198,0.007491422817111015,0
2022-12-29,0.007460793945938349,0.007522416766732931,0.007452230900526047,0.007460793945938349,0
2022-12-30,0.007523548789322376,0.007602192461490631,0.007523491512984037,0.007523548789322376,0
2023-01-02,0.007642630487680435,0.0076557365246117115,0.007631548680365086,0.007642630487680435,0
2023-01-03,0.007645610254257917,0.0077199810184538364,0.007622996810823679,0.007645610254257917,0
2023-01-04,0.007619163487106562,0.007694438099861145,0.007566013373434544,0.007619163487106562,0
2023-01-05,0.007561665028333664,0.007591285277158022,0.007463132031261921,0.007561665028333664,0
2023-01-06,0.0075014811009168625,0.007565040607005358,0.0074216462671756744,0.0075014811009168625,0
2023-01-09,0.007583686150610447,0.007614580448716879,0.00753891933709383,0.007583686150610447,0
2023-01-10,0.007591342553496361,0.007608439307659864,0.0075491066090762615,0.007591342553496361,0
2023-01-11,0.007569965440779924,0.007569850888103247,0.007527059409767389,0.007569965440779924,0
2023-01-12,0.007581386715173721,0.007717895321547985,0.007574552670121193,0.007581386715173721,0
2023-01-13,0.007741616107523441,0.007845106534659863,0.00773144094273448,0.007741616107523441,0
2023-01-16,0.0078109134919941425,0.007858299650251865,0.0077633727341890335,0.0078109134919941425,0
2023-01-17,0.0077929566614329815,0.0078111570328474045,0.00774497352540493,0.0077929566614329815,0
2023-01-18,0.007795386482030153,0.007836560718715191,0.007601152174174786,0.007795386482030153,0
2023-01-19,0.007779739797115326,0.00782613456249237,0.007765603251755238,0.007779739797115326,0
2023-01-20,0.007789982482790947,0.007790892850607634,0.00765673303976655,0.007789982482790947,0
2023-01-23,0.007728871423751116,0.007748214062303305,0.0076408786699175835,0.007730723358690739,0
2023-01-24,0.0076571437530219555,0.0077074854634702206,0.00762956915423274,0.0076571437530219555,0
2023-01-25,0.007678191643208265,0.00773437088355422,0.007658844813704491,0.007678191643208265,0
2023-01-26,0.007737722247838974,0.007749835029244423,0.007657965179532766,0.007737722247838974,0
2023-01-27,0.007704160176217556,0.0077192652970552444,0.00767724821344018,0.007704160176217556,0
2023-01-30,0.007700956426560879,0.007739638444036245,0.007665126118808985,0.007700956426560879,0
2023-01-31,0.007664068136364222,0.0077060009352862835,0.0076642450876533985,0.007664068136364222,0
2023-02-01,0.007685804273933172,0.007739338558167219,0.007668947335332632,0.007685804273933172,0
2023-02-02,0.0077747199684381485,0.007806827779859304,0.007746473420411348,0.0077747199684381485,0
2023-02-03,0.007767231669276953,0.0077920458279550076,0.007625613361597061,0.007767231669276953,0
2023-02-06,0.007575240917503834,0.007599303498864174,0.00752490758895874,0.007575240917503834,0
2023-02-07,0.007540170103311539,0.007624275516718626,0.0075402273796498775,0.007540170103311539,0
2023-02-08,0.007631140761077404,0.007656440604478121,0.007603752892464399,0.007631140761077404,0
2023-02-09,0.007611103355884552,0.007671535015106201,0.007586734835058451,0.007611103355884552,0
2023-02-10,0.0076034641824662685,0.007702142931520939,0.007585411891341209,0.0076034641824662685,0
2023-02-13,0.0076016150414943695,0.007606529165059328,0.007526493165642023,0.0076016150414943695,0
2023-02-14,0.007556465454399586,0.007595205679535866,0.007512132171541452,0.007556465454399586,0
2023-02-15,0.0075193061493337154,0.007544038817286491,0.0074446857906877995,0.0075193061493337154,0
2023-02-16,0.00746809272095561,0.0074845259077847,0.007438096683472395,0.00746809272095561,0
2023-02-17,0.007458567153662443,0.00745867844671011,0.007403020281344652,0.007458567153662443,0
2023-02-20,0.007445627823472023,0.007466642651706934,0.007433286402374506,0.007445627823472023,0
2023-02-21,0.007444020826369524,0.0074540083296597,0.0073969424702227116,0.007444020826369524,0
2023-02-22,0.007408724632114172,0.007441417779773474,0.00740477442741394,0.007408724632114172,0
2023-02-23,0.007411140017211437,0.007426992990076542,0.007388634607195854,0.007411140017211437,0
2023-02-24,0.007427874952554703,0.007452620193362236,0.007330088876187801,0.007427874952554703,0
2023-02-27,0.007331646978855133,0.007356781978160143,0.0073272958397865295,0.007331646978855133,0
2023-02-28,0.0073358421213924885,0.007351751904934645,0.007304121740162373,0.0073358421213924885,0
2023-03-01,0.007334174122661352,0.007393169216811657,0.007328046951442957,0.007334174122661352,0
2023-03-02,0.007342467550188303,0.007348186802119017,0.0072958082892000675,0.007342467550188303,0
2023-03-03,0.007315021473914385,0.007362252101302147,0.007313148584216833,0.007315021473914385,0
2023-03-06,0.007359976880252361,0.007385796867311001,0.007343275938183069,0.007360517978668213,0
2023-03-07,0.007352995686233044,0.007375665009021759,0.007302094716578722,0.007352995686233044,0
2023-03-08,0.007278496865183115,0.007325685583055019,0.007251841947436333,0.007278496865183115,0
2023-03-09,0.007287248969078064,0.007353481370955706,0.0072858682833611965,0.007287248969078064,0
2023-03-10,0.007331646978855133,0.007453119847923517,0.007300388999283314,0.007331646978855133,0
2023-03-13,0.0074090538546442986,0.007558979094028473,0.007406309712678194,0.00740850530564785,0
2023-03-14,0.007512358017265797,0.007514785509556532,0.007414382416754961,0.007512358017265797,0
2023-03-15,0.007440641988068819,0.0075613223016262054,0.007404226344078779,0.007440641988068819,0
2023-03-16,0.00752281304448843,0.007590478286147118,0.007492994423955679,0.00752281304448843,0
2023-03-17,0.007498050574213266,0.007585123647004366,0.007486935704946518,0.007498050574213266,0
2023-03-20,0.007559493184089661,0.007659431081265211,0.007539771962910891,0.007559493184089661,0
2023-03-21,0.007610813714563847,0.007630791515111923,0.007550760172307491,0.007610813714563847,0
2023-03-22,0.007555837277323008,0.007560465019196272,0.0075191929936409,0.007555837277323008,0
2023-03-23,0.007623171433806419,0.0076658898033201694,0.007596706040203571,0.007623171433806419,0
2023-03-24,0.00764146214351058,0.007711646147072315,0.007638310547918081,0.00764146214351058,0
2023-03-27,0.007642572745680809,0.007662306539714336,0.007590651512145996,0.007642572745680809,0
2023-03-28,0.007620034273713827,0.007666007615625858,0.007617538794875145,0.007620034273713827,0
2023-03-29,0.00763090793043375,0.007637786213308573,0.007535908836871386,0.00763090793043375,0
2023-03-30,0.007542842999100685,0.007563037797808647,0.0075225867331027985,0.007542842999100685,0
2023-03-31,0.007507450878620148,0.007534319069236517,0.007487047463655472,0.007507450878620148,0
2023-04-03,0.007499231491237879,0.007563095539808273,0.00747769745066762,0.007499231491237879,0
2023-04-04,0.007558636367321014,0.007600285578519106,0.00751089071854949,0.007558636367321014,0
2023-04-05,0.007605430204421282,0.00765204569324851,0.007585008628666401,0.007605430204421282,0
2023-04-06,0.007637435104697943,0.007645785808563232,0.007584203965961933,0.007637435104697943,0
2023-04-07,0.00759480195119977,0.007603117730468512,0.007557665463536978,0.00759480195119977,0
2023-04-10,0.00757019454613328,0.007574953604489565,0.00747149670496583,0.00757019454613328,0
2023-04-11,0.007492376957088709,0.00751987099647522,0.007481334265321493,0.007492376957088709,0
2023-04-12,0.007485366426408291,0.007531197741627693,0.0074614062905311584,0.007485366426408291,0
2023-04-13,0.007513994351029396,0.007574036251753569,0.007498106453567743,0.007513994351029396,0
2023-04-14,0.007547910325229168,0.007565670181065798,0.0074763004668056965,0.007547910325229168,0
2023-04-17,0.007464302238076925,0.007478648331016302,0.007431352511048317,0.007464302238076925,0
2023-04-18,0.007439092267304659,0.007470045238733292,0.007424291223287582,0.007439092267304659,0
2023-04-19,0.007460236549377441,0.007464859168976545,0.007404829375445843,0.007460236549377441,0
2023-04-20,0.007423684932291508,0.007461183704435825,0.007409602403640747,0.007423684932291508,0
2023-04-21,0.007462909445166588,0.007487552240490913,0.00743687991052866,0.007462909445166588,0
2023-04-24,0.007464859168976545,0.007468817755579948,0.007422526832669973,0.007464859168976545,0
2023-04-25,0.007458011619746685,0.007476803380995989,0.007437764201313257,0.007458011619746685,0
2023-04-26,0.00747881643474102,0.007517327554523945,0.0074701569974422455,0.00747881643474102,0
2023-04-27,0.007492601405829191,0.007502156775444746,0.007452563848346472,0.007492601405829191,0
2023-04-28,0.0074737295508384705,0.007477530278265476,0.007324450649321079,0.0074737295508384705,0
2023-05-01,0.007332130800932646,0.007338749244809151,0.00727791478857398,0.007332130800932646,0
2023-05-02,0.007271616719663143,0.007330894935876131,0.007258737925440073,0.007271616719663143,0
2023-05-03,0.007327832281589508,0.007403458468616009,0.00732230581343174,0.007327832281589508,0
2023-05-04,0.0074325124733150005,0.007480214349925518,0.007414547726511955,0.0074325124733150005,0
2023-05-05,0.007452731020748615,0.007469040807336569,0.007402746006846428,0.007452731020748615,0
2023-05-08,0.007396504282951355,0.0074258893728256226,0.007396121975034475,0.007396504282951355,0
2023-05-09,0.007403403986245394,0.007421866524964571,0.007389016915112734,0.007403403986245394,0
2023-05-10,0.007391639053821564,0.0074454620480537415,0.007382471580058336,0.007391639053821564,0
2023-05-11,0.0074578444473445415,0.007476523984223604,0.00741614168509841,0.0074578444473445415,0
2023-05-12,0.0074350545182824135,0.0074403658509254456,0.007373054511845112,0.0074350545182824135,0
2023-05-15,0.007362577132880688,0.007368327584117651,0.007336111273616552,0.007362577132880688,0
2023-05-16,0.00735050905495882,0.007369305472820997,0.007316627074033022,0.00735050905495882,0
2023-05-17,0.007329766638576984,0.007336542010307312,0.007269238121807575,0.007329766638576984,0
2023-05-18,0.007266702596098185,0.007282737642526627,0.007211937569081783,0.007266702596098185,0
2023-05-19,0.007213966455310583,0.00727473758161068,0.007212561089545488,0.007213966455310583,0
2023-05-22,0.007262586150318384,0.007272515911608934,0.007211937569081783,0.007262586150318384,0
2023-05-23,0.0072112614288926125,0.007233115844428539,0.007200667634606361,0.0072112614288926125,0
2023-05-24,0.0072151110507547855,0.007233325857669115,0.007185094989836216,0.0072151110507547855,0
2023-05-25,0.007179626729339361,0.007183598820120096,0.007149188779294491,0.007179626729339361,0
2023-05-26,0.0071419901214540005,0.007167738862335682,0.007108280435204506,0.0071419901214540005,0
2023-05-29,0.007098692934960127,0.007136740256100893,0.007097181864082813,0.007098692934960127,0
2023-05-30,0.007120428141206503,0.0071643502451479435,0.0070970808155834675,0.007120428141206503,0
2023-05-31,0.007153484970331192,0.007177926599979401,0.007125501055270433,0.007153484970331192,0
2023-06-01,0.007187677547335625,0.00722037348896265,0.007145613431930542,0.007187677547335625,0
2023-06-02,0.007207311224192381,0.007214486598968506,0.00715322932228446,0.007207311224192381,0
2023-06-05,0.007132311351597309,0.007181019522249699,0.007120224647223949,0.007132311351597309,0
2023-06-06,0.007174476515501738,0.007188193965703249,0.007144847419112921,0.007174476515501738,0
2023-06-07,0.007167072035372257,0.007192019838839769,0.007141530979424715,0.007167072035372257,0
2023-06-08,0.007148013915866613,0.007203313522040844,0.007138268556445837,0.007148013915866613,0
2023-06-09,0.007201341912150383,0.00719942431896925,0.007157427724450827,0.007201341912150383,0
2023-06-12,0.00717509351670742,0.007190571632236242,0.007156915031373501,0.00717509351670742,0
2023-06-13,0.007170514669269323,0.007193416357040405,0.007137402426451445,0.007170514669269323,0
2023-06-14,0.007133837789297104,0.007178905885666609,0.007133024279028177,0.007133837789297104,0
2023-06-15,0.007144030649214983,0.007144898176193237,0.007068336941301823,0.007144030649214983,0
2023-06-16,0.007129209581762552,0.00714990496635437,0.007048905361443758,0.007129209581762552,0
2023-06-19,0.007048855535686016,0.007069436367601156,0.00704245176166296,0.007048855535686016,0
2023-06-20,0.0070472657680511475,0.007079896982759237,0.007031162269413471,0.0070472657680511475,0
2023-06-21,0.0070753879845142365,0.007073586340993643,0.00702597526833415,0.0070753879845142365,0
2023-06-22,0.007057760376483202,0.007060850039124489,0.0069962358102202415,0.007057760376483202,0
2023-06-23,0.00699154008179903,0.007004665210843086,0.00695149227976799,0.00699154008179903,0
2023-06-26,0.006966650485992432,0.006994327064603567,0.006959813646972179,0.006966650485992432,0
2023-06-27,0.00697058392688632,0.006978756282478571,0.006936592981219292,0.00697058392688632,0
2023-06-28,0.006950139533728361,0.006957199890166521,0.0069158682599663734,0.006950139533728361,0
2023-06-29,0.006925735156983137,0.006937795784324408,0.006901692599058151,0.006925735156983137,0
2023-06-30,0.0069070314057171345,0.0069334665313363075,0.006894982419908047,0.0069070314057171345,0
2023-07-03,0.00692530395463109,0.006943335756659508,0.006900882814079523,0.00692530395463109,0
2023-07-04,0.006916394457221031,0.006934331730008125,0.0069121397100389,0.006916394457221031,0
2023-07-05,0.006924919784069061,0.006940106861293316,0.006909655872732401,0.006924919784069061,0
2023-07-06,0.006920942105352879,0.00696461321786046,0.006913621444255114,0.006920942105352879,0
2023-07-07,0.0069468081928789616,0.0070368023589253426,0.006935149896889925,0.0069468081928789616,0
2023-07-10,0.007031903602182865,0.00706573948264122,0.006993056274950504,0.007031903602182865,0
2023-07-11,0.007077291142195463,0.007134449202567339,0.0070700859650969505,0.007077291142195463,0
2023-07-12,0.007136841770261526,0.0072356280870735645,0.0071390834636986256,0.007136841770261526,0
2023-07-13,0.007229873910546303,0.007243437226861715,0.007197507191449404,0.007229873910546303,0
2023-07-14,0.007242440711706877,0.007282525300979614,0.0071890209801495075,0.007242440711706877,0
2023-07-17,0.007210740819573402,0.007245589047670364,0.007173910271376371,0.007210740819573402,0
2023-07-18,0.007208297960460186,0.007255419623106718,0.007196522783488035,0.007208297960460186,0
2023-07-19,0.0071928477846086025,0.007200667634606361,0.0071433670818805695,0.0071928477846086025,0
2023-07-20,0.007163425907492638,0.007187883835285902,0.007122355047613382,0.007163425907492638,0
2023-07-21,0.007149802520871162,0.007155532483011484,0.007045379374176264,0.007149802520871162,0
2023-07-24,0.007054673507809639,0.007097937166690826,0.007053629029542208,0.007054673507809639,0
2023-07-25,0.007066038902848959,0.007096476852893829,0.007057661190629005,0.007066038902848959,0
2023-07-26,0.007096577435731888,0.0071332273073494434,0.007083206437528133,0.007096577435731888,0
2023-07-27,0.007124181371182203,0.007173704449087381,0.0070780920796096325,0.007124181371182203,0
2023-07-28,0.007201290689408779,0.007241654209792614,0.007094362284988165,0.007201290689408779,0
2023-07-31,0.007104392163455486,0.007107269950211048,0.0070102633908391,0.007104392163455486,0
2023-08-01,0.007026271428912878,0.007027901243418455,0.006970924325287342,0.007026271428912878,0
2023-08-02,0.006994474213570356,0.007029531057924032,0.00697058392688632,0.006994474213570356,0
2023-08-03,0.006976225413382053,0.007037644274532795,0.006950332783162594,0.006976225413382053,0
2023-08-04,0.007012720685452223,0.00706429174169898,0.006999516859650612,0.007012720685452223,0
2023-08-07,0.007048408035188913,0.007065989542752504,0.007018134463578463,0.007048408035188913,0
2023-08-08,0.007016362156718969,0.00701395096257329,0.00697257649153471,0.007016362156718969,0
2023-08-09,0.006979438476264477,0.00699232192710042,0.006958360783755779,0.006979438476264477,0
2023-08-10,0.0069576348178088665,0.006976468022912741,0.0069212294183671474,0.0069576348178088665,0
2023-08-11,0.006903502624481916,0.006923433858901262,0.006898311898112297,0.006903502624481916,0
2023-08-14,0.006905266549438238,0.006908414885401726,0.00686973612755537,0.006905266549438238,0
2023-08-15,0.006875829771161079,0.006891466677188873,0.0068559832870960236,0.006875829771161079,0
2023-08-16,0.006867754273116589,0.006881412584334612,0.006854808423668146,0.006867754273116589,0
2023-08-17,0.006833728868514299,0.006866339594125748,0.006824774201959372,0.006833728868514299,0
2023-08-18,0.006862758193165064,0.006890184246003628,0.006859933957457542,0.006862758193165064,0
2023-08-21,0.006882076151669025,0.006889472249895334,0.006831394508481026,0.006882076151669025,0
2023-08-22,0.006838167551904917,0.00687275780364871,0.006831067614257336,0.006838167551904917,0
2023-08-23,0.006860451307147741,0.006916585844010115,0.006858098786324263,0.006860451307147741,0
2023-08-24,0.0069121397100389,0.006914624944329262,0.006851802114397287,0.0069121397100389,0
2023-08-25,0.006846173200756311,0.006861817091703415,0.006821049842983484,0.006846173200756311,0
2023-08-28,0.0068244943395257,0.006836297921836376,0.006815888918936253,0.0068244943395257,0
2023-08-29,0.006827616132795811,0.006856265012174845,0.006786839105188847,0.006827616132795811,0
2023-08-30,0.0068498775362968445,0.006870113778859377,0.006824867334216833,0.0068498775362968445,0
2023-08-31,0.0068446737714111805,0.006871387828141451,0.006840366870164871,0.0068446737714111805,0
2023-09-01,0.006874127313494682,0.0069212778471410275,0.006838682107627392,0.006874127313494682,0
2023-09-04,0.006846641656011343,0.006847392302006483,0.006826404482126236,0.006846641656011343,0
2023-09-05,0.00682393554598093,0.0068260314874351025,0.006769747007638216,0.00682393554598093,0
2023-09-06,0.006780994590371847,0.006801009178161621,0.006766082718968391,0.006780994590371847,0
2023-09-07,0.006770068313926458,0.006800083909183741,0.006762925535440445,0.006770068313926458,0
2023-09-08,0.006787437945604324,0.0068172370083630085,0.006768555846065283,0.006787437945604324,0
2023-09-11,0.006797495298087597,0.006853399332612753,0.006798096466809511,0.006797495298087597,0
2023-09-12,0.006817655172199011,0.006827196571975946,0.00679260166361928,0.006817655172199011,0
2023-09-13,0.0067954170517623425,0.006797541864216328,0.006774378940463066,0.0067954170517623425,0
2023-09-14,0.006786747369915247,0.006801472045481205,0.006777960807085037,0.006786747369915247,0
2023-09-15,0.006780488882213831,0.00678697694092989,0.006759085692465305,0.006780488882213831,0
2023-09-18,0.0067627886310219765,0.006776904221624136,0.006763109005987644,0.0067627886310219765,0
2023-09-19,0.006774838548153639,0.006778971757739782,0.0067617823369801044,0.006774838548153639,0
2023-09-20,0.006768555846065283,0.006774011999368668,0.006749323569238186,0.006768555846065283,0
2023-09-21,0.006742133758962154,0.006787714548408985,0.006736365612596273,0.006742133758962154,0
2023-09-22,0.006773049011826515,0.006778328213840723,0.006738362368196249,0.006773049011826515,0
2023-09-25,0.006737000774592161,0.006743770092725754,0.00671393284574151,0.006737000774592161,0
2023-09-26,0.006719933357089758,0.006724588107317686,0.006703491322696209,0.006719933357089758,0
2023-09-27,0.006709383334964514,0.00671745091676712,0.00668918713927269,0.006709383334964514,0
2023-09-28,0.006689052563160658,0.006704030558466911,0.006687084212899208,0.006689052563160658,0
2023-09-29,0.0066962637938559055,0.006732601206749678,0.006691380403935909,0.0066962637938559055,0
2023-10-02,0.0066871740855276585,0.006690529640763998,0.006672716699540615,0.0066871740855276585,0
2023-10-03,0.006673295516520739,0.006724406499415636,0.006660361774265766,0.006673295516520739,0
2023-10-04,0.006702772341668606,0.006723140832036734,0.006697654724121094,0.006702772341668606,0
2023-10-05,0.006712940987199545,0.006742815487086773,0.006706907879561186,0.006712940987199545,0
2023-10-06,0.006735685281455517,0.006735594477504492,0.006689500063657761,0.006735685281455517,0
2023-10-09,0.006704210303723812,0.00673296395689249,0.006701604463160038,0.006704210303723812,0
2023-10-10,0.006741860881447792,0.006748139392584562,0.006707223132252693,0.006741860881447792,0
2023-10-11,0.006728207226842642,0.006736819166690111,0.006703311577439308,0.006728207226842642,0
2023-10-12,0.0067097884602844715,0.006713301874697208,0.006676369812339544,0.0067097884602844715,0
2023-10-13,0.006676013581454754,0.0066909329034388065,0.006674542557448149,0.006676013581454754,0
2023-10-16,0.006686011794954538,0.006694425828754902,0.006677662488073111,0.006686011794954538,0
2023-10-17,0.0066854748874902725,0.006697071250528097,0.006676057819277048,0.0066854748874902725,0
2023-10-18,0.006677394732832909,0.006688381545245647,0.006672048941254616,0.006677394732832909,0
2023-10-19,0.006678152829408646,0.0066797141917049885,0.006669689901173115,0.006678152829408646,0
2023-10-20,0.00667547807097435,0.00667534489184618,0.006667022127658129,0.00667547807097435,0
2023-10-23,0.006672004237771034,0.006678152829408646,0.006667155772447586,0.006672004237771034,0
2023-10-24,0.006676949094980955,0.006696353666484356,0.0066703129559755325,0.006676949094980955,0
2023-10-25,0.006673161871731281,0.0066757905296981335,0.006668000016361475,0.006673161871731281,0
2023-10-26,0.00666231382638216,0.006664533633738756,0.006632531061768532,0.00666231382638216,0
2023-10-27,0.0066504399292171,0.0066865477710962296,0.006648803595453501,0.0066504399292171,0
2023-10-30,0.006678554229438305,0.006719797849655151,0.006673518568277359,0.006678554229438305,0
2023-10-31,0.006706413812935352,0.00671005854383111,0.006599396467208862,0.006706413812935352,0
2023-11-01,0.006609647069126368,0.0066302441991865635,0.006603623740375042,0.006609647069126368,0
2023-11-02,0.0066412086598575115,0.006673339754343033,0.006640635430812836,0.0066412086598575115,0
2023-11-03,0.00664465082809329,0.006699763238430023,0.00664482731372118,0.00664465082809329,0
2023-11-06,0.006691245827823877,0.006694247014820576,0.0066742305643856525,0.006691245827823877,0
2023-11-07,0.006667155772447586,0.006668045185506344,0.0066362726502120495,0.006667155772447586,0
2023-11-08,0.00664911326020956,0.006651324685662985,0.0066233063116669655,0.00664911326020956,0
2023-11-09,0.006628486793488264,0.006631387397646904,0.006614806596189737,0.006628486793488264,0
2023-11-10,0.0066072456538677216,0.00661266315728426,0.006598090287297964,0.0066072456538677216,0
2023-11-13,0.006602011155337095,0.006612007040530443,0.006583148613572121,0.006602011155337095,0
2023-11-14,0.006594305392354727,0.006635831668972969,0.006588700693100691,0.006594305392354727,0
2023-11-15,0.0066451807506382465,0.006655131466686726,0.006612357217818499,0.0066451807506382465,0
2023-11-16,0.006613100878894329,0.00665349280461669,0.006604103371500969,0.006613100878894329,0
2023-11-17,0.006635479629039764,0.00670173903927207,0.006632663309574127,0.006635479629039764,0
2023-11-20,0.006669245194643736,0.006751784589141607,0.006668045185506344,0.006669245194643736,0
2023-11-21,0.006740270648151636,0.00679490901529789,0.00673777237534523,0.006740270648151636,0
2023-11-22,0.006749824620783329,0.006752468179911375,0.00667806388810277,0.006749824620783329,0
2023-11-23,0.006690753158181906,0.00671645812690258,0.006680606864392757,0.006690753158181906,0
2023-11-24,0.006682928651571274,0.006702367682009935,0.006680070888251066,0.006682928651571274,0
2023-11-27,0.006685788277536631,0.006726125720888376,0.006682124454528093,0.006685788277536631,0
2023-11-28,0.006736184470355511,0.006784260738641024,0.006720610428601503,0.006736184470355511,0
2023-11-29,0.0067998068407177925,0.0068166786804795265,0.006761873606592417,0.0067998068407177925,0
2023-11-30,0.006800916511565447,0.0068080006167292595,0.006735820788890123,0.006800916511565447,0
2023-12-01,0.0067568025551736355,0.006809623446315527,0.006742451805621386,0.0067568025551736355,0
2023-12-04,0.006830927450209856,0.006837420165538788,0.006792416796088219,0.006830927450209856,0
2023-12-05,0.006787622347474098,0.006821562070399523,0.006785641890019178,0.006787622347474098,0
2023-12-06,0.006794170942157507,0.006807120516896248,0.006780258845537901,0.006794170942157507,0
2023-12-07,0.006794216576963663,0.006951347924768925,0.006794355344027281,0.006794216576963663,0
2023-12-08,0.0069310637190938,0.007016411516815424,0.00688951974734664,0.0069310637190938,0
2023-12-11,0.00689736008644104,0.006901168264448643,0.00682347035035491,0.00689736008644104,0
2023-12-12,0.00684532942250371,0.006905362010002136,0.006843877490609884,0.00684532942250371,0
2023-12-13,0.006883259862661362,0.006893604062497616,0.006850393954664469,0.006883259862661362,0
2023-12-14,0.007004125509411097,0.007089986000210047,0.006999223027378321,0.007004125509411097,0
2023-12-15,0.007028443738818169,0.0070686363615095615,0.007020154502242804,0.007028443738818169,0
2023-12-18,0.007026764564216137,0.007038486190140247,0.006986801978200674,0.007026764564216137,0
2023-12-19,0.007006628438830376,0.007029234431684017,0.006899644620716572,0.007006628438830376,0
2023-12-20,0.006949800997972488,0.006978269666433334,0.006941407453268766,0.006949800997972488,0
2023-12-21,0.006967524532228708,0.007039279211312532,0.006966262590140104,0.006967524532228708,0
2023-12-22,0.00703878328204155,0.00704801082611084,0.007010361645370722,0.00703878328204155,0
2023-12-25,0.00702533358708024,0.0070353662595152855,0.0070185293443500996,0.00702533358708024,0
2023-12-26,0.007030865643173456,0.007036901544779539,0.007011639419943094,0.007030865643173456,0
2023-12-27,0.007019464857876301,0.0070493025705218315,0.007001232355833054,0.007019464857876301,0
2023-12-28,0.007072185631841421,0.007128091994673014,0.007059554569423199,0.007072185631841421,0
2023-12-29,0.007070635911077261,0.007100810296833515,0.0070472657680511475,0.007070635911077261,0
2024-01-01,0.007094614207744598,0.007094614207744598,0.007090941537171602,0.007094614207744598,0
2024-01-02,0.007085866294801235,0.007086820900440216,0.007033041212707758,0.007085866294801235,0
2024-01-03,0.00703457510098815,0.007048755884170532,0.006959281396120787,0.00703457510098815,0
2024-01-04,0.006993056274950504,0.006999468430876732,0.0069045512937009335,0.006993056274950504,0
2024-01-05,0.0069077471271157265,0.0069517819210886955,0.00685128616169095,0.0069077471271157265,0
2024-01-08,0.006910085678100586,0.006960395257920027,0.006906411144882441,0.006910085678100586,0
2024-01-09,0.006933370605111122,0.006970924325287342,0.0069236732088029385,0.006933370605111122,0
2024-01-10,0.0069238655269145966,0.006923337932676077,0.006858240347355604,0.0069238655269145966,0
2024-01-11,0.006861817091703415,0.00688330689445138,0.006832514889538288,0.006861817091703415,0
2024-01-12,0.006894364487379789,0.006926694419234991,0.006872332654893398,0.006894364487379789,0
2024-01-15,0.006889472249895334,0.00689194118604064,0.006852412596344948,0.006889472249895334,0
2024-01-16,0.006858992390334606,0.0068685561418533325,0.006795139983296394,0.006858992390334606,0
2024-01-17,0.006791356019675732,0.006796848960220814,0.006733916234225035,0.006791356019675732,0
2024-01-18,0.006751373875886202,0.0067719933576881886,0.00674317916855216,0.006751373875886202,0
2024-01-19,0.006750917993485928,0.006763611454516649,0.006721287965774536,0.006750917993485928,0
2024-01-22,0.006751236971467733,0.006773185916244984,0.006744179874658585,0.006751236971467733,0
2024-01-23,0.006750280037522316,0.006800731644034386,0.006730380933731794,0.006750280037522316,0
2024-01-24,0.006745316553860903,0.006817748304456472,0.006745908409357071,0.006745316553860903,0
2024-01-25,0.006775480695068836,0.006797681096941233,0.006763245910406113,0.006775480695068836,0
2024-01-26,0.006769426167011261,0.0067792474292218685,0.006750416476279497,0.006769426167011261,0
2024-01-29,0.006750371307134628,0.006774792447686195,0.006742087658494711,0.006750371307134628,0
2024-01-30,0.006781131960451603,0.006797634530812502,0.006761234253644943,0.006781131960451603,0
2024-01-31,0.0067856875248253345,0.006845470517873764,0.0067617823369801044,0.0067856875248253345,0
2024-02-01,0.006802906282246113,0.006853023078292608,0.006797681096941233,0.006802906282246113,0
2024-02-02,0.006828222423791885,0.006837700493633747,0.0067311967723071575,0.006828222423791885,0
2024-02-05,0.006733960937708616,0.006743997801095247,0.0067168185487389565,0.006733960937708616,0
2024-02-06,0.006727664265781641,0.006756483111530542,0.006721197627484798,0.006727664265781641,0
2024-02-07,0.006765076424926519,0.006772177293896675,0.00674559036269784,0.006765076424926519,0
2024-02-08,0.006752832792699337,0.006759725511074066,0.006690126843750477,0.006752832792699337,0
2024-02-09,0.006699763238430023,0.006708752829581499,0.006685788277536631,0.006699763238430023,0
2024-02-12,0.006703895516693592,0.006714473478496075,0.006690037436783314,0.006703895516693592,0
2024-02-13,0.006693216506391764,0.006698641460388899,0.006633323151618242,0.006693216506391764,0
2024-02-14,0.00663464330136776,0.0066505721770226955,0.006632443051785231,0.00663464330136776,0
2024-02-15,0.006642575841397047,0.006677394732832909,0.006641914136707783,0.006642575841397047,0
2024-02-16,0.006669067777693272,0.006669779773801565,0.006638475693762302,0.006669067777693272,0
2024-02-19,0.006660494487732649,0.006671871058642864,0.006658365949988365,0.0066626244224607944,0
2024-02-20,0.006654688157141209,0.006680116057395935,0.006647433154284954,0.006654688157141209,0
2024-02-21,0.0066693793050944805,0.006673028692603111,0.006653581280261278,0.0066693793050944805,0
2024-02-22,0.006650926545262337,0.006665955297648907,0.006638386752456427,0.006650926545262337,0
2024-02-23,0.006645268760621548,0.006653094198554754,0.006632971577346325,0.006645268760621548,0
2024-02-26,0.00664465082809329,0.006653536576777697,0.006630684249103069,0.006644606590270996,0
2024-02-27,0.006641605868935585,0.006660982500761747,0.006640105973929167,0.006641605868935585,0
2024-02-28,0.006644739303737879,0.006650129798799753,0.006629672832787037,0.006644739303737879,0
2024-02-29,0.006637637969106436,0.00670173903927207,0.0066382987424731255,0.006637637969106436,0
2024-03-01,0.00666244700551033,0.006663601379841566,0.0066357883624732494,0.00666244700551033,0
2024-03-04,0.006662003230303526,0.006673607509583235,0.006641605868935585,0.006662003230303526,0
2024-03-05,0.006646019406616688,0.006678554229438305,0.0066426643170416355,0.006646019406616688,0
2024-03-06,0.006664489861577749,0.006705153733491898,0.0066632903181016445,0.006664489861577749,0
2024-03-07,0.006699314806610346,0.006775848567485809,0.006699763238430023,0.006699314806610346,0
2024-03-08,0.0067627886310219765,0.006825752090662718,0.006752194371074438,0.0067627886310219765,0
2024-03-11,0.006813195534050465,0.006826171651482582,0.006796941161155701,0.006813195534050465,0
2024-03-12,0.006815146189182997,0.0068191890604794025,0.006758766248822212,0.006815146189182997,0
2024-03-13,0.006774195469915867,0.006791079416871071,0.006755341310054064,0.006774195469915867,0
2024-03-14,0.006774103734642267,0.0067792474292218685,0.006742952391505241,0.006774103734642267,0
2024-03-15,0.006743269972503185,0.006754155270755291,0.006704299710690975,0.006743269972503185,0
2024-03-18,0.006713436916470528,0.006714608985930681,0.006696981843560934,0.006713436916470528,0
2024-03-19,0.0067049297504127026,0.0067061432637274265,0.006629584822803736,0.0067049297504127026,0
2024-03-20,0.006620981730520725,0.006621814798563719,0.006588005926460028,0.006620981730520725,0
2024-03-21,0.006633059587329626,0.006654422264546156,0.0065940446220338345,0.006633059587329626,0
2024-03-22,0.006594870705157518,0.006621376611292362,0.006585619878023863,0.006594870705157518,0
2024-03-25,0.006609167438000441,0.006620017345994711,0.006603711750358343,0.006609167438000441,0
2024-03-26,0.006606197915971279,0.006612925790250301,0.006596697494387627,0.006606197915971279,0
2024-03-27,0.006599353160709143,0.0066208504140377045,0.006581372115761042,0.006599353160709143,0
2024-03-28,0.006609953008592129,0.006615857128053904,0.00659896107390523,0.006609953008592129,0
2024-03-29,0.0066032749600708485,0.0066151125356554985,0.006601139437407255,0.0066032749600708485,0
2024-04-01,0.006605107337236404,0.00661122053861618,0.006589612457901239,0.006605107337236404,0
2024-04-02,0.006597133353352547,0.0066016619093716145,0.006588179152458906,0.006597133353352547,0
2024-04-03,0.006598918233066797,0.006602447014302015,0.0065812417306005955,0.006598918233066797,0
2024-04-04,0.006597133353352547,0.006600137799978256,0.006589221302419901,0.006597133353352547,0
2024-04-05,0.006609734613448381,0.006628925912082195,0.00659008976072073,0.006609734613448381,0
2024-04-08,0.006592392455786467,0.006592957302927971,0.006581891793757677,0.006592392455786467,0
2024-04-09,0.006585749797523022,0.006597219966351986,0.006582065485417843,0.006585749797523022,0
2024-04-10,0.006588614080101252,0.0065926965326070786,0.0065391105599701405,0.006588614080101252,0
2024-04-11,0.006537485867738724,0.006545916199684143,0.00652277423068881,0.006537485867738724,0
2024-04-12,0.0065277558751404285,0.006552349776029587,0.006519882474094629,0.0065277558751404285,0
2024-04-15,0.0065238806419074535,0.006523795425891876,0.006475173868238926,0.0065238806419074535,0
2024-04-16,0.006484832148998976,0.006487187929451466,0.006461576092988253,0.006484832148998976,0
2024-04-17,0.006464207544922829,0.0064741261303424835,0.006462995894253254,0.006464207544922829,0
2024-04-18,0.0064791180193424225,0.006494138855487108,0.006466589868068695,0.0064791180193424225,0
2024-04-19,0.006467886734753847,0.0065096537582576275,0.006465754471719265,0.006467886734753847,0
2024-04-22,0.0064670923165977,0.006468848790973425,0.006460616365075111,0.00646663224324584,0
2024-04-23,0.006459405645728111,0.006468556821346283,0.0064569865353405476,0.006459405645728111,0
2024-04-24,0.00646228576079011,0.006462452933192253,0.006446206010878086,0.00646228576079011,0
2024-04-25,0.00644085044041276,0.00644085044041276,0.006421123165637255,0.00644085044041276,0
2024-04-26,0.0064268591813743114,0.006431736517697573,0.0063425214029848576,0.0064268591813743114,0
2024-04-29,0.006320153828710318,0.0064704399555921555,0.006251523736864328,0.006320153828710318,0
2024-04-30,0.006397380027920008,0.006401884835213423,0.006346949841827154,0.006397380027920008,0
2024-05-01,0.006340269464999437,0.006352392490953207,0.006329835392534733,0.006340269464999437,0
2024-05-02,0.006422442849725485,0.006514870561659336,0.006399958860129118,0.006422442849725485,0
2024-05-03,0.006534026004374027,0.006584102287888527,0.006518479902297258,0.006534026004374027,0
2024-05-06,0.006511858198791742,0.006522263865917921,0.006493295542895794,0.006511858198791742,0
2024-05-07,0.006483528763055801,0.006497979164123535,0.00646663224324584,0.006483528763055801,0
2024-05-08,0.0064621190540492535,0.006464374717324972,0.006424671038985252,0.0064621190540492535,0
2024-05-09,0.006434219423681498,0.006442219950258732,0.006412434857338667,0.006434219423681498,0
2024-05-10,0.006435461807996035,0.006435793358832598,0.006414944306015968,0.006435461807996035,0
2024-05-13,0.0064177438616752625,0.006426900625228882,0.006401638500392437,0.0064177438616752625,0
2024-05-14,0.006400696467608213,0.006400941871106625,0.006382802035659552,0.006400696467608213,0
2024-05-15,0.006389858201146126,0.006461659446358681,0.006387613248080015,0.006389858201146126,0
2024-05-16,0.006481637712568045,0.006510840728878975,0.0064302063547074795,0.006481637712568045,0
2024-05-17,0.0064358762465417385,0.006440352648496628,0.006411283742636442,0.0064358762465417385,0
2024-05-20,0.006420380901545286,0.006430288776755333,0.0064012701623141766,0.006420380901545286,0
2024-05-21,0.006395088974386454,0.006415520794689655,0.006388796493411064,0.006395088974386454,0
2024-05-22,0.006399958860129118,0.006404221523553133,0.006385492160916328,0.006399958860129118,0
2024-05-23,0.0063814581371843815,0.006388592068105936,0.006362820975482464,0.0063814581371843815,0
2024-05-24,0.006370522081851959,0.0063747866079211235,0.006363873835653067,0.006370522081851959,0
2024-05-27,0.006374705582857132,0.006382517050951719,0.006371252704411745,0.006374705582857132,0
2024-05-28,0.00637572119012475,0.006385206710547209,0.006369872950017452,0.00637572119012475,0
2024-05-29,0.006358815357089043,0.0063685341738164425,0.0063436077907681465,0.006358815357089043,0
2024-05-30,0.006344855297356844,0.006392758339643478,0.006344090681523085,0.006344855297356844,0
2024-05-31,0.006371334195137024,0.006386919412761927,0.006354774348437786,0.006371334195137024,0
2024-06-03,0.006362132728099823,0.006411448586732149,0.006351182237267494,0.006362132728099823,0
2024-06-04,0.00640713470056653,0.006468263454735279,0.006390633527189493,0.00640713470056653,0
2024-06-05,0.00644645607098937,0.006446996238082647,0.006390878465026617,0.00644645607098937,0
2024-06-06,0.006413175258785486,0.006434716749936342,0.006394025404006243,0.006413175258785486,0
2024-06-07,0.006422731094062328,0.006445707753300667,0.006366709712892771,0.006422731094062328,0
2024-06-10,0.006376209203153849,0.006380684208124876,0.006361889652907848,0.006376209203153849,0
2024-06-11,0.006367804482579231,0.0063771032728254795,0.0063537247478961945,0.006367804482579231,0
2024-06-12,0.006365169771015644,0.006421411409974098,0.006354652810841799,0.006365169771015644,0
2024-06-13,0.006377550773322582,0.006386634428054094,0.006357279140502214,0.006377550773322582,0
2024-06-14,0.006364237982779741,0.00637348648160696,0.006319235544651747,0.006364237982779741,0
2024-06-17,0.006347352173179388,0.006362537387758493,0.006331037264317274,0.006347352173179388,0
2024-06-18,0.006341154221445322,0.0063481987453997135,0.006319994106888771,0.006341154221445322,0
2024-06-19,0.006334285717457533,0.006344654131680727,0.006331317592412233,0.006334285717457533,0
2024-06-20,0.006330796983093023,0.00633087707683444,0.006298339460045099,0.006330796983093023,0
2024-06-21,0.006292038597166538,0.006301752757281065,0.00626535015180707,0.006292038597166538,0
2024-06-24,0.006255434826016426,0.006288595963269472,0.006253400351852179,0.006255434826016426,0
2024-06-25,0.006262289360165596,0.0062793162651360035,0.006259780842810869,0.006262289360165596,0
2024-06-26,0.006262289360165596,0.006263192277401686,0.0062187896110117435,0.006262289360165596,0
2024-06-27,0.006225835997611284,0.006237758789211512,0.0062218462117016315,0.006225835997611284,0
2024-06-28,0.0062232790514826775,0.006239198613911867,0.006201896816492081,0.0062232790514826775,0
2024-07-01,0.006214770022779703,0.0062181707471609116,0.006183718331158161,0.006214770022779703,0
2024-07-02,0.006191490683704615,0.006200204603374004,0.006183145102113485,0.006191490683704615,0
2024-07-03,0.006191797088831663,0.006216392386704683,0.006175050046294928,0.006191797088831663,0
2024-07-04,0.006187314633280039,0.006212916690856218,0.0061886548064649105,0.006187314633280039,0
2024-07-05,0.0061973994597792625,0.006232626736164093,0.006196862086653709,0.0061973994597792625,0
2024-07-08,0.006225177086889744,0.0062393927946686745,0.0062070549465715885,0.006225177086889744,0
2024-07-09,0.006216702051460743,0.0062209563329815865,0.006192142143845558,0.006216702051460743,0
2024-07-10,0.006198436953127384,0.006199628114700317,0.006182762328535318,0.006198436953127384,0
2024-07-11,0.006187851075083017,0.006349649745970964,0.006182495038956404,0.006187851075083017,0
2024-07-12,0.006321072578430176,0.0063540879637002945,0.006274470128118992,0.006321072578430176,0
2024-07-15,0.006316600367426872,0.006338983774185181,0.006314805708825588,0.006316600367426872,0
2024-07-16,0.006323470734059811,0.0063245901837944984,0.006295603699982166,0.006323470734059811,0
2024-07-17,0.006315124686807394,0.006405329331755638,0.00630604475736618,0.006315124686807394,0
2024-07-18,0.006423185113817453,0.006430992390960455,0.006370035465806723,0.006423185113817453,0
2024-07-19,0.006363347172737122,0.00637031951919198,0.00633492786437273,0.006363347172737122,0
2024-07-22,0.0063523524440824986,0.006397993769496679,0.006344976369291544,0.0063523524440824986,0
2024-07-23,0.0063738515600562096,0.006417290773242712,0.006373364478349686,0.0063738515600562096,0
2024-07-24,0.006419803481549025,0.00653120968490839,0.006411201320588589,0.006419803481549025,0
2024-07-25,0.0064981053583323956,0.00658037606626749,0.006487145554274321,0.0064981053583323956,0
2024-07-26,0.006506307516247034,0.006524774711579084,0.0064628287218511105,0.006506307516247034,0
2024-07-29,0.006487650331109762,0.006533257197588682,0.006479327566921711,0.006487650331109762,0
2024-07-30,0.006500556133687496,0.006508043501526117,0.006443714257329702,0.006500556133687496,0
2024-07-31,0.006550075486302376,0.006681633647531271,0.006511222571134567,0.006550075486302376,0
2024-08-01,0.00667806388810277,0.0067337797954678535,0.0066287945955991745,0.00667806388810277,0
2024-08-02,0.006702367682009935,0.0068294815719127655,0.006677171681076288,0.006702367682009935,0
2024-08-05,0.006868886761367321,0.007057311944663525,0.0068531641736626625,0.006868886761367321,0
2024-08-06,0.006859181448817253,0.006941407453268766,0.006837279535830021,0.006859181448817253,0
2024-08-07,0.0069093224592506886,0.006917830090969801,0.006764892488718033,0.0069093224592506886,0
2024-08-08,0.006843503098934889,0.00687422277405858,0.006780810188502073,0.006843503098934889,0
2024-08-09,0.006771901622414589,0.0068347095511853695,0.006768831051886082,0.006771901622414589,0
2024-08-12,0.006800777744501829,0.0068166786804795265,0.006747592706233263,0.006800777744501829,0
2024-08-13,0.006803554482758045,0.006806842517107725,0.006759954150766134,0.006803554482758045,0
2024-08-14,0.00680406391620636,0.006845517549663782,0.006777271628379822,0.00680406391620636,0
2024-08-15,0.00679103285074234,0.0067998068407177925,0.00669958395883441,0.00679103285074234,0
2024-08-16,0.006701424717903137,0.006773277651518583,0.006701065693050623,0.006701424717903137,0
2024-08-19,0.006758766248822212,0.006886056624352932,0.0067586288787424564,0.006758766248822212,0
2024-08-20,0.0068166786804795265,0.006871246732771397,0.006787990685552359,0.0068166786804795265,0
2024-08-21,0.006880086846649647,0.006897455547004938,0.006833448074758053,0.006880086846649647,0
2024-08-22,0.006890944205224514,0.00689902575686574,0.006827336736023426,0.006890944205224514,0
2024-08-23,0.006839851848781109,0.006915390491485596,0.006827196571975946,0.006839851848781109,0
2024-08-26,0.0069444444961845875,0.00697058392688632,0.006916634272783995,0.0069444444961845875,0
2024-08-27,0.006919648498296738,0.006936496589332819,0.006889282260090113,0.006919648498296738,0
2024-08-28,0.006945650093257427,0.006948690861463547,0.0068953633308410645,0.006945650093257427,0
2024-08-29,0.006923625711351633,0.006930823437869549,0.006871671881526709,0.006923625711351633,0
2024-08-30,0.006901787593960762,0.006910754833370447,0.006851098034530878,0.006901787593960762,0
2024-09-02,0.006831487640738487,0.00685889832675457,0.006797218229621649,0.006831487640738487,0
2024-09-03,0.0068156104534864426,0.0068885707296431065,0.006794032175093889,0.0068156104534864426,0
2024-09-04,0.006879803258925676,0.006943142972886562,0.006871058139950037,0.006879803258925676,0
2024-09-05,0.006977198179811239,0.007000153884291649,0.006934620440006256,0.006977198179811239,0
2024-09-06,0.0069738407619297504,0.007053927518427372,0.0069517819210886955,0.0069738407619297504,0
2024-09-09,0.007018233649432659,0.007020253222435713,0.00695478031411767,0.007018233649432659,0
2024-09-10,0.0069843619130551815,0.007029284257441759,0.006960153114050627,0.0069843619130551815,0
2024-09-11,0.007030668202787638,0.007106411270797253,0.007019119802862406,0.007030668202787638,0
2024-09-12,0.007013114634901285,0.007046571001410484,0.006992469076067209,0.007013114634901285,0
2024-09-13,0.0070671881549060345,0.007124435622245073,0.007065789774060249,0.0070671881549060345,0
2024-09-16,0.00710277771577239,0.007164452690631151,0.007097282446920872,0.00710277771577239,0
2024-09-17,0.00710277771577239,0.007126415614038706,0.007049700245261192,0.00710277771577239,0
2024-09-18,0.0070415097288787365,0.007079946808516979,0.007039725314825773,0.0070415097288787365,0
2024-09-19,0.007007217034697533,0.007039031479507685,0.006947580724954605,0.007007217034697533,0
2024-09-20,0.006999957840889692,0.0070540267042815685,0.006921564694494009,0.006999957840889692,0
2024-09-23,0.006944251712411642,0.006983435247093439,0.006923337932676077,0.006944251712411642,0
2024-09-24,0.0069619459100067616,0.006972916889935732,0.006912522483617067,0.0069619459100067616,0
2024-09-25,0.006994816940277815,0.006996138021349907,0.006916203536093235,0.006994816940277815,0
2024-09-26,0.006911661941558123,0.006938806269317865,0.006887621246278286,0.006911661941558123,0
2024-09-27,0.006892938632518053,0.007019810378551483,0.006827709265053272,0.006892938632518053,0
2024-09-30,0.007003634702414274,0.007059803232550621,0.006975641008466482,0.007003634702414274,0
2024-10-01,0.006958457641303539,0.006991882808506489,0.006920606829226017,0.006958457641303539,0
2024-10-02,0.006957199890166521,0.006967087741941214,0.006837513297796249,0.006957199890166521,0
2024-10-03,0.0068221199326217175,0.006833728868514299,0.006793016567826271,0.0068221199326217175,0
2024-10-04,0.006810133811086416,0.006852037273347378,0.006723231170326471,0.006810133811086416,0
2024-10-07,0.006719526834785938,0.006763016805052757,0.0067209722474217415,0.006719526834785938,0
2024-10-08,0.006750097963958979,0.006784813012927771,0.006740770302712917,0.006750097963958979,0
2024-10-09,0.006749505642801523,0.006755616050213575,0.006699808407574892,0.006749505642801523,0
2024-10-10,0.006704210303723812,0.006737727206200361,0.006687621120363474,0.006704210303723812,0
2024-10-11,0.0067247687838971615,0.006738589610904455,0.00669958395883441,0.0067247687838971615,0
2024-10-14,0.006696398835629225,0.006704839877784252,0.006668933667242527,0.006696398835629225,0
2024-10-15,0.006681365892291069,0.006718037184327841,0.006678242236375809,0.006681365892291069,0
2024-10-16,0.006706953048706055,0.0067145642824471,0.006678465288132429,0.006706953048706055,0
2024-10-17,0.006685564294457436,0.006699853111058474,0.006660538725554943,0.006685564294457436,0
2024-10-18,0.006662224885076284,0.006688292138278484,0.006660494487732649,0.006662224885076284,0
2024-10-21,0.006684491876512766,0.006707088556140661,0.006645092274993658,0.006684491876512766,0
2024-10-22,0.0066398861818015575,0.006643723230808973,0.006616863887757063,0.0066398861818015575,0
2024-10-23,0.006616469472646713,0.006615857128053904,0.006528906989842653,0.006616469472646713,0
2024-10-24,0.006545830983668566,0.00658831000328064,0.006545873358845711,0.006545830983668566,0
2024-10-25,0.006588352844119072,0.006600921507924795,0.006572893355041742,0.006588352844119072,0
2024-10-28,0.006537999026477337,0.006560775451362133,0.006499077193439007,0.006537999026477337,0
2024-10-29,0.006528310012072325,0.006545873358845711,0.0065002599731087685,0.006528310012072325,0
2024-10-30,0.006524263881146908,0.006544502452015877,0.006515846587717533,0.006524263881146908,0
2024-10-31,0.006527245044708252,0.006582325324416161,0.006512281950563192,0.006527245044708252,0
2024-11-01,0.006579813547432423,0.006586096249520779,0.006535862106829882,0.006579813547432423,0
2024-11-04,0.006566548720002174,0.006598439067602158,0.006566634867340326,0.006566548720002174,0
2024-11-05,0.006567022763192654,0.006587788462638855,0.006556043867021799,0.006567022763192654,0
2024-11-06,0.006603493355214596,0.0066075073555111885,0.006466214079409838,0.006603493355214596,0
2024-11-07,0.006480040960013866,0.006541891489177942,0.0064640408381819725,0.006480040960013866,0
2024-11-08,0.00652826763689518,0.006571554113179445,0.0065209027379751205,0.00652826763689518,0
2024-11-11,0.006540051195770502,0.0065415059216320515,0.0064958687871694565,0.006540051195770502,0
2024-11-12,0.006515507120639086,0.006518437527120113,0.00646161800250411,0.006515507120639086,0
2024-11-13,0.0064660049974918365,0.006478781811892986,0.006439481396228075,0.0064660049974918365,0
2024-11-14,0.006433805916458368,0.0064339302480220795,0.006400491110980511,0.006433805916458368,0
2024-11-15,0.006391082890331745,0.006471235305070877,0.0063797482289373875,0.006391082890331745,0
2024-11-18,0.006465628743171692,0.0064992462284862995,0.006437492091208696,0.006465628743171692,0
2024-11-19,0.0064675938338041306,0.006519032176584005,0.006466422695666552,0.0064675938338041306,0
2024-11-20,0.006463372148573399,0.006467803381383419,0.006415520794689655,0.006463372148573399,0
2024-11-21,0.006439357530325651,0.006495531182736158,0.006440394092351198,0.006439357530325651,0
2024-11-22,0.006484327372163534,0.006494560744613409,0.006452486850321293,0.006484327372163534,0
2024-11-25,0.006487356498837471,0.00651253666728735,0.006464291363954544,0.006487356498837471,0
2024-11-26,0.0064776064828038216,0.00653488002717495,0.006477775052189827,0.0064776064828038216,0
2024-11-27,0.00653556315228343,0.006643326953053474,0.006535648368299007,0.00653556315228343,0
2024-11-28,0.00660781329497695,0.006609865929931402,0.006581502500921488,0.00660781329497695,0
2024-11-29,0.006614894140511751,0.006684938911348581,0.006614413112401962,0.006614894140511751,0
2024-12-02,0.006674854550510645,0.006706098560243845,0.00663393922150135,0.006671203300356865,0
2024-12-03,0.0066886055283248425,0.006727166473865509,0.00665712496265769,0.0066886055283248425,0
2024-12-04,0.006682392209768295,0.006687308195978403,0.006613013334572315,0.006682392209768295,0
2024-12-05,0.006641561631113291,0.006681589409708977,0.006636404432356358,0.006641561631113291,0
2024-12-06,0.006657479330897331,0.006692544557154179,0.006636448670178652,0.006657479330897331,0
2024-12-09,0.006669734604656696,0.006680160295218229,0.006611614488065243,0.006665333639830351,0
2024-12-10,0.00660467054694891,0.006626422517001629,0.0065717268735170364,0.00660467054694891,0
2024-12-11,0.0065873111598193645,0.006613844074308872,0.006545787677168846,0.0065873111598193645,0
2024-12-12,0.006568360608071089,0.006586053408682346,0.006545873358845711,0.006568360608071089,0
2024-12-13,0.00655363779515028,0.006553079467266798,0.006503176875412464,0.00655363779515028,0
2024-12-16,0.00651665311306715,0.006522051058709621,0.0064735813066363335,0.00651665311306715,0
2024-12-17,0.006489882245659828,0.00651890505105257,0.0064797052182257175,0.006489882245659828,0
2024-12-18,0.006511603482067585,0.006521540693938732,0.006490429863333702,0.006511603482067585,0
2024-12-19,0.006465252488851547,0.006474042311310768,0.006337496917694807,0.006465252488851547,0
2024-12-20,0.00634340662509203,0.006406026892364025,0.006334205158054829,0.00634340662509203,0
2024-12-23,0.006388429086655378,0.0063964794389903545,0.006358896382153034,0.006388429086655378,0
2024-12-24,0.006362739950418472,0.00637348648160696,0.006354168523102999,0.006362739950418472,0
2024-12-25,0.0063650887459516525,0.006839851848781109,0.006334687117487192,0.0063650887459516525,0
2024-12-26,0.00636403588578105,0.006366182584315538,0.0063261110335588455,0.00636403588578105,0
2024-12-27,0.006339224521070719,0.006355178076773882,0.0063325208611786366,0.006339224521070719,0
2024-12-30,0.006334205158054829,0.0063829245045781136,0.006326751317828894,0.006334205158054829,0
2024-12-31,0.006369629874825478,0.006408489774912596,0.006352836266160011,0.006369629874825478,0
2025-01-02,0.006340390536934137,0.006391859147697687,0.006338541395962238,0.006340390536934137,0
2025-01-03,0.006354774348437786,0.006368291098624468,0.006349972449243069,0.006354774348437786,0
2025-01-06,0.006349972449243069,0.006399016827344894,0.006331117358058691,0.006349972449243069,0
2025-01-07,0.006339425686746836,0.006353643722832203,0.006312294397503138,0.006339425686746836,0
2025-01-08,0.006319674663245678,0.006333042401820421,0.0063074370846152306,0.006319674663245678,0
2025-01-09,0.006321432068943977,0.006345943082123995,0.006316959857940674,0.006321432068943977,0
2025-01-10,0.0063271913677453995,0.006360311526805162,0.0062949699349701405,0.0063271913677453995,0
2025-01-13,0.006333644036203623,0.006373120937496424,0.006330917123705149,0.006333644036203623,0
2025-01-14,0.006354693789035082,0.006363387685269117,0.006324230693280697,0.006354693789035082,0
2025-01-15,0.00632711173966527,0.006411530543118715,0.006325830705463886,0.00632711173966527,0
2025-01-16,0.006399794947355986,0.006446663290262222,0.006389613263309002,0.006399794947355986,0
2025-01-17,0.00643682898953557,0.006452320609241724,0.006395292934030294,0.00643682898953557,0
2025-01-20,0.006397706922143698,0.006434054113924503,0.006391532253473997,0.006397706922143698,0
2025-01-21,0.006441265810281038,0.006460031494498253,0.00640364782884717,0.006441265810281038,0
2025-01-22,0.0064195566810667515,0.0064356280490756035,0.006384269334375858,0.0064195566810667515,0
2025-01-23,0.00639222702011466,0.006415438372641802,0.006379707716405392,0.00639222702011466,0
2025-01-24,0.006403893698006868,0.006457361858338118,0.006387001369148493,0.006403893698006868,0
2025-01-27,0.0064207930117845535,0.006505122408270836,0.006400983314961195,0.0064207930117845535,0
2025-01-28,0.006455402821302414,0.0064596557058393955,0.006411448586732149,0.006455402821302414,0
2025-01-29,0.006428428925573826,0.00645273644477129,0.006419433280825615,0.006428428925573826,0
2025-01-30,0.006444544997066259,0.006501866038888693,0.00644429586827755,0.006444544997066259,0
2025-01-31,0.006489418912678957,0.00649637496098876,0.006451862398535013,0.006489418912678957,0
2025-02-03,0.006436538882553577,0.006492705550044775,0.006415849551558495,0.006436538882553577,0
2025-02-04,0.0064401039853692055,0.0064735813066363335,0.00643124058842659,0.0064401039853692055,0
2025-02-05,0.006487903650850058,0.006573887076228857,0.006478824187070131,0.006487903650850058,0
2025-02-06,0.006552821956574917,0.006592652760446072,0.006541891489177942,0.006552821956574917,0
2025-02-07,0.006614062935113907,0.006624973379075527,0.006566980388015509,0.006614062935113907,0
2025-02-10,0.006585619878023863,0.006597219966351986,0.006556302309036255,0.006585619878023863,0
2025-02-11,0.006589394994080067,0.006592522840946913,0.0065539819188416,0.006589394994080067,0
2025-02-12,0.006547116208821535,0.006547116208821535,0.006460282020270824,0.006547116208821535,0
2025-02-13,0.006482771597802639,0.006538853514939547,0.0064663393422961235,0.006482771597802639,0
2025-02-14,0.00653641764074564,0.006577691994607449,0.006532575003802776,0.00653641764074564,0
2025-02-17,0.006577952299267054,0.006607725750654936,0.0065748379565775394,0.006577952299267054,0
2025-02-18,0.006603100802749395,0.006603449583053589,0.006570000201463699,0.006603100802749395,0
2025-02-19,0.006581935100257397,0.006611351389437914,0.006566074211150408,0.006581935100257397,0
2025-02-20,0.006612882018089294,0.006689320784062147,0.006613363046199083,0.006612882018089294,0
2025-02-21,0.006693081930279732,0.006692947819828987,0.006634159479290247,0.006693081930279732,0
2025-02-24,0.006694023031741381,0.0067184437066316605,0.006672894582152367,0.006694023031741381,0
2025-02-25,0.006672716699540615,0.0067296563647687435,0.006653935182839632,0.006672716699540615,0
2025-02-26,0.006707897875458002,0.0067268493585288525,0.0066717821173369884,0.006707897875458002,0
2025-02-27,0.006718714255839586,0.006720339879393578,0.00666013965383172,0.006718714255839586,0
2025-02-28,0.006666133645921946,0.006706593558192253,0.0066240523010492325,0.006666133645921946,0
2025-03-03,0.006632575299590826,0.006668933667242527,0.0066094291396439075,0.006632575299590826,0
2025-03-04,0.006697699893265963,0.006752057932317257,0.006686413660645485,0.006697699893265963,0
2025-03-05,0.006675612181425095,0.006737636402249336,0.006658720783889294,0.006675612181425095,0
2025-03-06,0.006716007366776466,0.006787575781345367,0.0066972956992685795,0.006716007366776466,0
2025-03-07,0.006751829758286476,0.006803183816373348,0.006750508211553097,0.006751829758286476,0
2025-03-10,0.006774700712412596,0.006819514557719231,0.006766677834093571,0.006774700712412596,0
2025-03-11,0.006799529306590557,0.006823749281466007,0.0067515564151108265,0.006799529306590557,0
2025-03-12,0.006754839327186346,0.0067637027241289616,0.00670304149389267,0.006754839327186346,0
2025-03-13,0.006744042970240116,0.006775618530809879,0.006740361452102661,0.006744042970240116,0
2025-03-14,0.006759085692465305,0.006763611454516649,0.006711589638143778,0.006759085692465305,0
2025-03-17,0.0067295655608177185,0.00674363411962986,0.006707808002829552,0.0067295655608177185,0
2025-03-18,0.006694381590932608,0.006699763238430023,0.0066696456633508205,0.006694381590932608,0
2025-03-19,0.006691111717373133,0.006704435218125582,0.006660361774265766,0.006691111717373133,0
2025-03-20,0.00673446012660861,0.006748549174517393,0.006714022718369961,0.00673446012660861,0
2025-03-21,0.0067296563647687435,0.006729610729962587,0.006682213861495256,0.0067296563647687435,0
2025-03-24,0.006681052967905998,0.006690305657684803,0.006633807439357042,0.006681052967905998,0
2025-03-25,0.006632443051785231,0.006686637178063393,0.0066253687255084515,0.006632443051785231,0
2025-03-26,0.00666888989508152,0.006673295516520739,0.006633851211518049,0.00666888989508152,0
2025-03-27,0.0066457102075219154,0.00666377879679203,0.0066188788041472435,0.0066457102075219154,0
2025-03-28,0.006629233714193106,0.006670090369880199,0.006613756529986858,0.006629233714193106,0
2025-03-31,0.006683732382953167,0.006724496837705374,0.006668756250292063,0.006683732382953167,0
2025-04-01,0.006670536007732153,0.0067124455235898495,0.006667555775493383,0.006670536007732153,0
2025-04-02,0.0066763246431946754,0.006706413812935352,0.0066632903181016445,0.0066763246431946754,0
2025-04-03,0.0067626056261360645,0.006880465429276228,0.0067422701977193356,0.0067626056261360645,0
2025-04-04,0.006838494911789894,0.006915533449500799,0.006825938355177641,0.006838494911789894,0
2025-04-07,0.006876018363982439,0.006892036180943251,0.006758491974323988,0.006876018363982439,0
2025-04-08,0.0067664035595953465,0.006817468907684088,0.006759725511074066,0.0067664035595953465,0
2025-04-09,0.006856594234704971,0.006942274980247021,0.00685471436008811,0.006856594234704971,0
2025-04-10,0.00678430637344718,0.006941214669495821,0.006782650016248226,0.00678430637344718,0
2025-04-11,0.006956667173653841,0.007037248462438583,0.0069391438737511635,0.006956667173653841,0
2025-04-14,0.006959136109799147,0.007029135711491108,0.006942178588360548,0.006959136109799147,0
2025-04-15,0.006982216611504555,0.007012032903730869,0.00696480693295598,0.006982216611504555,0
2025-04-16,0.0069841668009757996,0.007038734387606382,0.006985288579016924,0.0069841668009757996,0
2025-04-17,0.007045826409012079,0.007046471815556288,0.006992029026150703,0.007045826409012079,0
2025-04-22,0.007098441012203693,0.007148371543735266,0.007085163611918688,0.007098441012203693,0
2025-04-23,0.007008297834545374,0.007065589539706707,0.007005156017839909,0.007008297834545374,0
2025-04-24,0.006982118356972933,0.007027011830359697,0.006976760923862457,0.006982118356972933,0
2025-04-25,0.0069989291951060295,0.007000644225627184,0.006943335756659508,0.0069989291951060295,0
2025-04-28,0.006952120456844568,0.007010410074144602,0.006951009389013052,0.006952120456844568,0
2025-04-29,0.007033437490463257,0.007041162345558405,0.00700491014868021,0.007033437490463257,0
2025-04-30,0.007027456536889076,0.007033783011138439,0.006986020598560572,0.007027456536889076,0
2025-05-01,0.006992566864937544,0.0069983904249966145,0.006866528186947107,0.006992566864937544,0
2025-05-02,0.006875309627503157,0.0069571021012961864,0.006853727623820305,0.006875309627503157,0
2025-05-05,0.006914481986314058,0.006966504734009504,0.006907174829393625,0.006914481986314058,0
2025-05-06,0.006961170118302107,0.007024296559393406,0.006932409014552832,0.006961170118302107,0
2025-05-07,0.006991295609623194,0.0070043704472482204,0.006968252826482058,0.006991295609623194,0
2025-05-08,0.0069517819210886955,0.006970195099711418,0.0068703023716807365,0.0069517819210886955,0
2025-05-09,0.006848611403256655,0.006903741043061018,0.006841536145657301,0.006848611403256655,0
2025-05-12,0.006858146283775568,0.0068625700660049915,0.006730290129780769,0.006858146283775568,0
2025-05-13,0.006742633879184723,0.00677249813452363,0.00674559036269784,0.006742633879184723,0
2025-05-14,0.0067783743143081665,0.006866764277219772,0.006772957276552916,0.0067783743143081665,0
2025-05-15,0.006818957161158323,0.0068768225610256195,0.006815657019615173,0.006818957161158323,0
2025-05-16,0.006867518182843924,0.006899787113070488,0.006846641656011343,0.006867518182843924,0
2025-05-19,0.006882406771183014,0.006912856362760067,0.006880465429276228,0.006882406771183014,0
2025-05-20,0.0068977405317127705,0.006939769722521305,0.006875261664390564,0.0068977405317127705,0
2025-05-21,0.006928662303835154,0.006970632821321487,0.006927750539034605,0.006928662303835154,0
2025-05-22,0.006956279743462801,0.007001427933573723,0.006942274980247021,0.006956279743462801,0
2025-05-23,0.006951299030333757,0.0070190709084272385,0.006943962536752224,0.006951299030333757,0
2025-05-26,0.006999516859650612,0.007030668202787638,0.006991393398493528,0.006999516859650612,0
2025-05-27,0.0070099192671477795,0.007035763002932072,0.00692285830155015,0.0070099192671477795,0
2025-05-28,0.006935919169336557,0.006950767710804939,0.006893509067595005,0.006935919169336557,0
2025-05-29,0.006863559130579233,0.006941214669495821,0.00683755986392498,0.006863559130579233,0
2025-05-30,0.0069551183842122555,0.006971361581236124,0.006925159599632025,0.0069551183842122555,0
2025-06-02,0.006953377276659012,0.0070152790285646915,0.006954248063266277,0.006953377276659012,0
2025-06-03,0.007019908633083105,0.0070213377475738525,0.0069457464851439,0.007019908633083105,0
2025-06-04,0.006952313706278801,0.006997753866016865,0.00692765461280942,0.006952313706278801,0
2025-06-05,0.007006137631833553,0.007013261783868074,0.006946953013539314,0.007006137631833553,0
2025-06-06,0.006966601591557264,0.006966456770896912,0.006892986595630646,0.006966601591557264,0
2025-06-09,0.00691128009930253,0.006945216562598944,0.006899359170347452,0.00691128009930253,0
2025-06-10,0.006918500177562237,0.0069247279316186905,0.0068828812800347805,0.006918500177562237,0
2025-06-11,0.0069042653776705265,0.006926311179995537,0.006876964587718248,0.0069042653776705265,0
2025-06-12,0.006934668403118849,0.006982948165386915,0.006928806658834219,0.006934668403118849,0
2025-06-13,0.006983533035963774,0.0070019676350057125,0.006922139786183834,0.006983533035963774,0
2025-06-16,0.006940058432519436,0.006960879545658827,0.006917016580700874,0.006940058432519436,0
2025-06-17,0.006909464951604605,0.006924536544829607,0.006884065456688404,0.006909464951604605,0
2025-06-18,0.0068787140771746635,0.006918021477758884,0.006875781808048487,0.0068787140771746635,0
2025-06-19,0.006898692809045315,0.0069085583090782166,0.006860357243567705,0.006898692809045315,0
2025-06-20,0.006886198651045561,0.006889566779136658,0.006851520389318466,0.006886198651045561,0
2025-06-23,0.006838822737336159,0.006842706352472305,0.006756665650755167,0.006838822737336159,0
2025-06-24,0.006852694787085056,0.006919170264154673,0.006854056380689144,0.006852694787085056,0
2025-06-25,0.006898597348481417,0.0069142901338636875,0.006851708050817251,0.006898597348481417,0
2025-06-26,0.00690112030133605,0.0069555058144032955,0.006899644620716572,0.00690112030133605,0
2025-06-27,0.0069111366756260395,0.006935005076229572,0.006899835076183081,0.0069111366756260395,0
2025-06-30,0.00691960146650672,0.006954199634492397,0.0069096083752810955,0.00691960146650672,0
2025-07-01,0.006954102776944637,0.0070079537108540535,0.006948111578822136,0.006954102776944637,0
2025-07-02,0.006973403971642256,0.006974716670811176,0.006933803204447031,0.006973403971642256,0
2025-07-03,0.006967378780245781,0.006970827002078295,0.006886293180286884,0.006967378780245781,0
2025-07-04,0.006911709439009428,0.006935149896889925,0.0069070314057171345,0.006911709439009428,0
2025-07-07,0.006920510903000832,0.006933178286999464,0.006854573264718056,0.006920510903000832,0
2025-07-08,0.006854385603219271,0.006856359075754881,0.0068043870851397514,0.006854385603219271,0
2025-07-09,0.006809716112911701,0.0068366252817213535,0.006794770713895559,0.006809716112911701,0
2025-07-10,0.006843971088528633,0.006860357243567705,0.006813706364482641,0.006843971088528633,0
2025-07-11,0.0068358308635652065,0.00683704623952508,0.006780028343200684,0.0068358308635652065,0
2025-07-14,0.0067890966311097145,0.006808232516050339,0.006770114414393902,0.0067890966311097145,0
2025-07-15,0.006766265723854303,0.006777271628379822,0.006710824090987444,0.006766265723854303,0
2025-07-16,0.0067221918143332005,0.006804248783737421,0.006703895516693592,0.0067221918143332005,0
2025-07-17,0.0067566195502877235,0.006756483111530542,0.006710778456181288,0.0067566195502877235,0
2025-07-18,0.0067366380244493484,0.006747000850737095,0.0067166839726269245,0.0067366380244493484,0
2025-07-21,0.006737137213349342,0.006790848448872566,0.006731695029884577,0.006737137213349342,0
2025-07-22,0.00678384630009532,0.006833168212324381,0.006759954150766134,0.00678384630009532,0
2025-07-23,0.006812685169279575,0.006842940580099821,0.006794170942157507,0.006812685169279575,0
2025-07-24,0.0068329814821481705,0.006856076885014772,0.006805266719311476,0.0068329814821481705,0
2025-07-25,0.006802489515393972,0.006809020880609751,0.006760273594409227,0.006802489515393972,0
2025-07-28,0.0067653045989573,0.006778512615710497,0.006734732538461685,0.0067653045989573,0
2025-07-29,0.006734958849847317,0.00674900459125638,0.006720475386828184,0.006734958849847317,0
2025-07-30,0.0067366380244493484,0.0067653963342309,0.006707088556140661,0.0067366380244493484,0
2025-07-31,0.006701244972646236,0.006729430053383112,0.0066389599815011024,0.006701244972646236,0
2025-08-01,0.006632531061768532,0.0067713516764342785,0.006626246962696314,0.006632531061768532,0
2025-08-04,0.006786884739995003,0.0068083712831139565,0.006753699388355017,0.006786884739995003,0
2025-08-05,0.006812314037233591,0.006820491049438715,0.006764664314687252,0.006812314037233591,0
2025-08-06,0.006776904221624136,0.006792139727622271,0.006762514356523752,0.006776904221624136,0
2025-08-07,0.006793801672756672,0.006816632580012083,0.006770755629986525,0.006793801672756672,0
2025-08-08,0.006810272578150034,0.0068133813329041,0.006762239616364241,0.006810272578150034,0
2025-08-11,0.006772131193429232,0.006786424666643143,0.006752240005880594,0.006772131193429232,0
2025-08-12,0.006751054897904396,0.006774792447686195,0.0067337797954678535,0.006751054897904396,0
2025-08-13,0.006767823360860348,0.00679791159927845,0.006749414838850498,0.006767823360860348,0
2025-08-14,0.006797172594815493,0.006838916335254908,0.006765991449356079,0.006797172594815493,0
2025-08-15,0.006770893465727568,0.006814031396061182,0.006769884843379259,0.006770893465727568,0
2025-08-18,0.006790525279939175,0.006796848960220814,0.006757623981684446,0.006790525279939175,0
2025-08-19,0.006760593969374895,0.006777547299861908,0.006752513349056244,0.006760593969374895,0
2025-08-20,0.00676905969157815,0.00680804718285799,0.006765442434698343,0.00676905969157815,0
2025-08-21,0.006788037251681089,0.006790618412196636,0.006739952135831118,0.006788037251681089,0
2025-08-22,0.006739180069416761,0.00682184100151062,0.006721965968608856,0.006739180069416761,0
2025-08-25,0.006792786065489054,0.006798142567276955,0.0067719933576881886,0.006792786065489054,0
2025-08-26,0.006764892488718033,0.006802536081522703,0.006761553697288036,0.006764892488718033,0
2025-08-27,0.006781407631933689,0.006784169003367424,0.006749186664819717,0.006781407631933689,0
2025-08-28,0.006788128986954689,0.0068116639740765095,0.00678122416138649,0.006788128986954689,0
2025-08-29,0.006812453269958496,0.0068133813329041,0.00678476644679904,0.006812453269958496,0
2025-09-01,0.006798235233873129,0.0068124993704259396,0.006785595323890448,0.006798235233873129,0
2025-09-02,0.006798835936933756,0.00679842010140419,0.006714428775012493,0.006798835936933756,0
2025-09-03,0.006731830537319183,0.006758903153240681,0.006706188432872295,0.006731830537319183,0
2025-09-04,0.00675767008215189,0.006764114834368229,0.006721785292029381,0.00675767008215189,0
2025-09-05,0.006739679723978043,0.00681087514385581,0.0067372736521065235,0.006739679723978043,0
2025-09-08,0.0067410883493721485,0.006780994590371847,0.006731921341270208,0.0067410883493721485,0
2025-09-09,0.006785918027162552,0.006834008730947971,0.0067835706286132336,0.006785918027162552,0
2025-09-10,0.006784628611057997,0.006796802394092083,0.006775251589715481,0.006784628611057997,0
2025-09-11,0.006787391845136881,0.006802443414926529,0.0067575788125395775,0.006787391845136881,0
2025-09-12,0.006792370695620775,0.0067949555814266205,0.006754383444786072,0.006792370695620775,0
2025-09-15,0.006772039458155632,0.006791770923882723,0.0067713516764342785,0.006772039458155632,0
2025-09-16,0.006784030236303806,0.0068256123922765255,0.006777960807085037,0.006784030236303806,0
2025-09-17,0.006829994730651379,0.006839150097221136,0.0068175154738128185,0.006829994730651379,0
2025-09-18,0.00680776871740818,0.006808973848819733,0.0067450436763465405,0.00680776871740818,0
2025-09-19,0.006759176962077618,0.006793016567826271,0.006745453458279371,0.006759176962077618,0
2025-09-22,0.006752422545105219,0.006768784951418638,0.006739907432347536,0.006752422545105219,0
2025-09-23,0.006769334431737661,0.006779201794415712,0.006760410964488983,0.006769334431737661,0
2025-09-24,0.006774470675736666,0.0067790173925459385,0.00672183046117425,0.006774470675736666,0
2025-09-25,0.006722643505781889,0.0067311967723071575,0.006674542557448149,0.006722643505781889,0
2025-09-26,0.006672850344330072,0.006692320574074984,0.006669556722044945,0.006672850344330072,0
2025-09-29,0.006693216506391764,0.006735458038747311,0.006693260744214058,0.006693216506391764,0
2025-09-30,0.006729701533913612,0.006772360764443874,0.006719933357089758,0.006729701533913612,0
2025-10-01,0.006756893824785948,0.0068208640441298485,0.0067467279732227325,0.006756893824785948,0
2025-10-02,0.006798882503062487,0.0068208640441298485,0.0067792474292218685,0.006798882503062487,0
2025-10-03,0.006795786786824465,0.006794816814363003,0.0067653963342309,0.006795786786824465,0
2025-10-06,0.006684223655611277,0.006689813453704119,0.006645975634455681,0.006684223655611277,0
2025-10-07,0.006651988252997398,0.006655662786215544,0.006613756529986858,0.006651988252997398,0
2025-10-08,0.006576741114258766,0.0065747518092393875,0.0065363324247300625,0.006576741114258766,0
2025-10-09,0.006549646612256765,0.006570647470653057,0.006526903714984655,0.006549646612256765,0
2025-10-10,0.006537443492561579,0.006599527318030596,0.006529546342790127,0.006537443492561579,0
2025-10-13,0.006576524581760168,0.006590437144041061,0.006559915374964476,0.006576524581760168,0
2025-10-14,0.006560216192156076,0.006593827158212662,0.006553380284458399,0.006560216192156076,0
2025-10-15,0.006590610835701227,0.0066262902691960335,0.006586660631000996,0.006590610835701227,0
2025-10-16,0.006623656954616308,0.006643547210842371,0.006605369038879871,0.006623656954616308,0
2025-10-17,0.006661337800323963,0.006693127099424601,0.006640767212957144,0.006661337800323963,0
2025-10-20,0.006626905407756567,0.006653979886323214,0.006613800302147865,0.006626905407756567,0
2025-10-21,0.006632443051785231,0.006644871085882187,0.006572029087692499,0.006632443051785231,0
2025-10-22,0.006583581678569317,0.006600354798138142,0.006577779073268175,0.006583581678569317,0
2025-10-23,0.0065809390507638454,0.006580029148608446,0.0065451026894152164,0.0065809390507638454,0
2025-10-24,0.006552993785589933,0.006563962437212467,0.006533556152135134,0.006552993785589933,0
2025-10-27,0.006533342879265547,0.006554068066179752,0.006525583565235138,0.006533342879265547,0
2025-10-28,0.006549131590873003,0.006589525379240513,0.006547544617205858,0.006549131590873003,0
2025-10-29,0.006590610835701227,0.006598526146262884,0.006556774955242872,0.006590610835701227,0
2025-10-30,0.006547844968736172,0.006570950150489807,0.006474964786320925,0.006547844968736172,0
2025-10-31,0.00649772584438324,0.006508043501526117,0.006477690767496824,0.00649772584438324,0
2025-11-03,0.006485294084995985,0.0064957416616380215,0.006481553427875042,0.006485294084995985,0
2025-11-04,0.0064849164336919785,0.006522221025079489,0.006474084220826626,0.0064849164336919785,0
2025-11-05,0.006512239575386047,0.006536759436130524,0.006478697992861271,0.006512239575386047,0
2025-11-06,0.006490429863333702,0.006536930333822966,0.006487945094704628,0.006490429863333702,0
2025-11-07,0.006538169924169779,0.0065422337502241135,0.006513936445116997,0.006538169924169779,0
2025-11-10,0.006512749008834362,0.006512749008834362,0.006483612582087517,0.00650123180821538,0
2025-11-11,0.006486598402261734,0.006507451180368662,0.006473958492279053,0.006487356498837471,0
2025-11-12,0.006491272710263729,0.006491272710263729,0.006450822111219168,0.006490345578640699,0
2025-11-13,0.006464248988777399,0.006472994573414326,0.006450988817960024,0.006470984313637018,0
