Date,Open,High,Low,Close,Volume
2016-03-21,24.670000076293945,24.739999771118164,24.670000076293945,24.719999313354492,1761900
2016-03-22,24.780000686645508,24.81999969482422,24.75,24.790000915527344,1180700
2016-03-23,24.8799991607666,24.950000762939453,24.8799991607666,24.920000076293945,1560900
2016-03-24,24.959999084472656,24.969999313354492,24.90999984741211,24.93000030517578,809400
2016-03-28,24.860000610351562,24.889999389648438,24.84000015258789,24.8799991607666,856100
2016-03-29,24.860000610351562,24.889999389648438,24.639999389648438,24.65999984741211,2853300
2016-03-30,24.6299991607666,24.6299991607666,24.510000228881836,24.579999923706055,3034800
2016-03-31,24.5,24.540000915527344,24.440000534057617,24.540000915527344,1858700
2016-04-01,24.579999923706055,24.649999618530273,24.5,24.530000686645508,1064500
2016-04-04,24.489999771118164,24.540000915527344,24.469999313354492,24.510000228881836,822700
2016-04-05,24.540000915527344,24.6200008392334,24.489999771118164,24.530000686645508,1372300
2016-04-06,24.549999237060547,24.559999465942383,24.43000030517578,24.479999542236328,2582100
2016-04-07,24.510000228881836,24.530000686645508,24.450000762939453,24.510000228881836,932800
2016-04-08,24.450000762939453,24.479999542236328,24.3799991607666,24.420000076293945,797900
2016-04-11,24.3799991607666,24.3799991607666,24.290000915527344,24.360000610351562,1338500
2016-04-12,24.3700008392334,24.450000762939453,24.34000015258789,24.360000610351562,1052700
2016-04-13,24.489999771118164,24.579999923706055,24.489999771118164,24.549999237060547,1139800
2016-04-14,24.59000015258789,24.6299991607666,24.559999465942383,24.610000610351562,1303700
2016-04-15,24.559999465942383,24.56999969482422,24.479999542236328,24.540000915527344,1007700
2016-04-18,24.530000686645508,24.530000686645508,24.450000762939453,24.489999771118164,724900
2016-04-19,24.360000610351562,24.389999389648438,24.329999923706055,24.3700008392334,1030800
2016-04-20,24.399999618530273,24.510000228881836,24.3700008392334,24.510000228881836,1428700
2016-04-21,24.399999618530273,24.530000686645508,24.389999389648438,24.510000228881836,1002600
2016-04-22,24.600000381469727,24.670000076293945,24.549999237060547,24.649999618530273,1517300
2016-04-25,24.579999923706055,24.579999923706055,24.520000457763672,24.56999969482422,676400
2016-04-26,24.420000076293945,24.520000457763672,24.399999618530273,24.5,881700
2016-04-27,24.450000762939453,24.56999969482422,24.3799991607666,24.469999313354492,1056700
2016-04-28,24.350000381469727,24.3700008392334,24.270000457763672,24.270000457763672,1081600
2016-04-29,24.1200008392334,24.149999618530273,24.09000015258789,24.100000381469727,2024500
2016-05-02,24.059999465942383,24.06999969482422,23.969999313354492,24.010000228881836,3467800
2016-05-03,23.969999313354492,24.100000381469727,23.959999084472656,24.079999923706055,3855300
2016-05-04,24.1299991607666,24.190000534057617,24.100000381469727,24.170000076293945,2898800
2016-05-05,24.239999771118164,24.31999969482422,24.229999542236328,24.290000915527344,1761200
2016-05-06,24.270000457763672,24.350000381469727,24.25,24.31999969482422,2125600
2016-05-09,24.3700008392334,24.399999618530273,24.350000381469727,24.389999389648438,2404200
2016-05-10,24.399999618530273,24.43000030517578,24.350000381469727,24.40999984741211,1076200
2016-05-11,24.34000015258789,24.34000015258789,24.260000228881836,24.290000915527344,924700
2016-05-12,24.31999969482422,24.389999389648438,24.290000915527344,24.3799991607666,721700
2016-05-13,24.479999542236328,24.559999465942383,24.479999542236328,24.489999771118164,1182800
2016-05-16,24.469999313354492,24.5,24.440000534057617,24.479999542236328,554100
2016-05-17,24.479999542236328,24.489999771118164,24.420000076293945,24.479999542236328,662200
2016-05-18,24.549999237060547,24.670000076293945,24.5,24.649999618530273,1650600
2016-05-19,24.700000762939453,24.709999084472656,24.639999389648438,24.690000534057617,2701700
2016-05-20,24.65999984741211,24.719999313354492,24.649999618530273,24.690000534057617,888000
2016-05-23,24.709999084472656,24.729999542236328,24.6299991607666,24.68000030517578,1127200
2016-05-24,24.729999542236328,24.780000686645508,24.719999313354492,24.760000228881836,1107700
2016-05-25,24.75,24.760000228881836,24.68000030517578,24.690000534057617,1408500
2016-05-26,24.59000015258789,24.68000030517578,24.579999923706055,24.649999618530273,1425600
2016-05-27,24.709999084472656,24.799999237060547,24.709999084472656,24.790000915527344,1906300
2016-05-31,24.770000457763672,24.84000015258789,24.719999313354492,24.84000015258789,1066700
2016-06-01,24.729999542236328,24.770000457763672,24.690000534057617,24.700000762939453,1106000
2016-06-02,24.690000534057617,24.75,24.68000030517578,24.729999542236328,834700
2016-06-03,24.40999984741211,24.420000076293945,24.329999923706055,24.34000015258789,2995100
2016-06-06,24.360000610351562,24.389999389648438,24.270000457763672,24.34000015258789,941100
2016-06-07,24.309999465942383,24.34000015258789,24.280000686645508,24.299999237060547,1145800
2016-06-08,24.209999084472656,24.239999771118164,24.18000030517578,24.229999542236328,1564500
2016-06-09,24.31999969482422,24.360000610351562,24.309999465942383,24.34000015258789,1355200
2016-06-10,24.399999618530273,24.530000686645508,24.389999389648438,24.5,1867100
2016-06-13,24.5,24.510000228881836,24.399999618530273,24.440000534057617,1033900
2016-06-14,24.549999237060547,24.6200008392334,24.549999237060547,24.59000015258789,1682700
2016-06-15,24.579999923706055,24.579999923706055,24.440000534057617,24.530000686645508,1713800
2016-06-16,24.649999618530273,24.719999313354492,24.479999542236328,24.5,1753600
2016-06-17,24.420000076293945,24.469999313354492,24.3700008392334,24.389999389648438,1038700
2016-06-20,24.209999084472656,24.280000686645508,24.209999084472656,24.25,1573700
2016-06-21,24.290000915527344,24.3700008392334,24.290000915527344,24.3700008392334,812800
2016-06-22,24.25,24.309999465942383,24.190000534057617,24.260000228881836,1529300
2016-06-23,24.1299991607666,24.219999313354492,24.1200008392334,24.149999618530273,2863000
2016-06-24,24.81999969482422,24.829999923706055,24.600000381469727,24.780000686645508,5926400
2016-06-27,24.940000534057617,25.059999465942383,24.93000030517578,24.989999771118164,4645600
2016-06-28,24.8700008392334,24.969999313354492,24.8700008392334,24.8700008392334,5571900
2016-06-29,24.799999237060547,24.809999465942383,24.739999771118164,24.790000915527344,1328200
2016-06-30,24.799999237060547,24.959999084472656,24.780000686645508,24.84000015258789,2207400
2016-07-01,24.729999542236328,24.809999465942383,24.709999084472656,24.760000228881836,736500
2016-07-05,24.770000457763672,24.93000030517578,24.770000457763672,24.93000030517578,887000
2016-07-06,24.889999389648438,24.989999771118164,24.850000381469727,24.860000610351562,1914600
2016-07-07,24.850000381469727,24.940000534057617,24.829999923706055,24.920000076293945,548200
2016-07-08,24.889999389648438,24.979999542236328,24.8700008392334,24.93000030517578,1173400
2016-07-11,24.959999084472656,25.020000457763672,24.950000762939453,25.0,1126300
2016-07-12,24.940000534057617,24.979999542236328,24.90999984741211,24.979999542236328,659100
2016-07-13,24.920000076293945,24.93000030517578,24.860000610351562,24.920000076293945,1157000
2016-07-14,24.889999389648438,24.90999984741211,24.850000381469727,24.860000610351562,884500
2016-07-15,24.940000534057617,25.0,24.90999984741211,24.959999084472656,2601900
2016-07-18,24.989999771118164,24.989999771118164,24.940000534057617,24.979999542236328,488400
2016-07-19,25.079999923706055,25.1299991607666,25.079999923706055,25.100000381469727,1071200
2016-07-20,25.15999984741211,25.170000076293945,25.100000381469727,25.1200008392334,1111200
2016-07-21,25.110000610351562,25.15999984741211,25.079999923706055,25.079999923706055,614200
2016-07-22,25.1200008392334,25.229999542236328,25.110000610351562,25.209999084472656,1118300
2016-07-25,25.200000762939453,25.219999313354492,25.15999984741211,25.170000076293945,1383800
2016-07-26,25.1200008392334,25.149999618530273,25.079999923706055,25.139999389648438,1717400
2016-07-27,25.139999389648438,25.219999313354492,25.010000228881836,25.020000457763672,1522600
2016-07-28,24.959999084472656,25.020000457763672,24.93000030517578,25.010000228881836,1165900
2016-07-29,24.770000457763672,24.790000915527344,24.649999618530273,24.670000076293945,3306200
2016-08-01,24.75,24.760000228881836,24.709999084472656,24.739999771118164,705500
2016-08-02,24.600000381469727,24.610000610351562,24.549999237060547,24.56999969482422,1902300
2016-08-03,24.65999984741211,24.709999084472656,24.639999389648438,24.709999084472656,1459400
2016-08-04,24.739999771118164,24.770000457763672,24.719999313354492,24.75,349800
2016-08-05,24.920000076293945,24.959999084472656,24.850000381469727,24.8799991607666,834700
2016-08-08,24.93000030517578,24.93000030517578,24.899999618530273,24.899999618530273,601800
2016-08-09,24.899999618530273,24.90999984741211,24.829999923706055,24.850000381469727,671700
2016-08-10,24.700000762939453,24.75,24.690000534057617,24.719999313354492,1372100
2016-08-11,24.75,24.799999237060547,24.709999084472656,24.790000915527344,740500
2016-08-12,24.670000076293945,24.75,24.65999984741211,24.75,745900
2016-08-15,24.729999542236328,24.729999542236328,24.68000030517578,24.709999084472656,539000
2016-08-16,24.559999465942383,24.56999969482422,24.479999542236328,24.489999771118164,1974600
2016-08-17,24.530000686645508,24.579999923706055,24.43000030517578,24.510000228881836,1490000
2016-08-18,24.43000030517578,24.440000534057617,24.31999969482422,24.329999923706055,1147700
2016-08-19,24.450000762939453,24.459999084472656,24.420000076293945,24.420000076293945,1072200
2016-08-22,24.459999084472656,24.469999313354492,24.420000076293945,24.450000762939453,1017400
2016-08-23,24.40999984741211,24.440000534057617,24.389999389648438,24.43000030517578,1427500
2016-08-24,24.489999771118164,24.540000915527344,24.479999542236328,24.5,1047400
2016-08-25,24.469999313354492,24.510000228881836,24.459999084472656,24.5,987200
2016-08-26,24.450000762939453,24.709999084472656,24.360000610351562,24.68000030517578,2873900
2016-08-29,24.760000228881836,24.770000457763672,24.690000534057617,24.700000762939453,1152900
2016-08-30,24.780000686645508,24.860000610351562,24.770000457763672,24.829999923706055,4898800
2016-08-31,24.860000610351562,24.8700008392334,24.799999237060547,24.81999969482422,2955800
2016-09-01,24.850000381469727,24.8700008392334,24.719999313354492,24.729999542236328,1397600
2016-09-02,24.68000030517578,24.809999465942383,24.670000076293945,24.790000915527344,2454100
2016-09-06,24.719999313354492,24.729999542236328,24.5,24.5,3033400
2016-09-07,24.5,24.56999969482422,24.479999542236328,24.540000915527344,1175200
2016-09-08,24.440000534057617,24.59000015258789,24.420000076293945,24.56999969482422,1295000
2016-09-09,24.649999618530273,24.700000762939453,24.6299991607666,24.639999389648438,1208100
2016-09-12,24.639999389648438,24.65999984741211,24.540000915527344,24.600000381469727,1337500
2016-09-13,24.670000076293945,24.729999542236328,24.6200008392334,24.700000762939453,771400
2016-09-14,24.700000762939453,24.709999084472656,24.600000381469727,24.639999389648438,413600
2016-09-15,24.649999618530273,24.690000534057617,24.600000381469727,24.6299991607666,994000
2016-09-16,24.780000686645508,24.84000015258789,24.75,24.829999923706055,1459600
2016-09-19,24.75,24.770000457763672,24.719999313354492,24.770000457763672,2601000
2016-09-20,24.780000686645508,24.81999969482422,24.770000457763672,24.809999465942383,2403400
2016-09-21,24.799999237060547,24.829999923706055,24.649999618530273,24.700000762939453,1220700
2016-09-22,24.579999923706055,24.670000076293945,24.559999465942383,24.670000076293945,1275800
2016-09-23,24.709999084472656,24.719999313354492,24.65999984741211,24.68000030517578,632200
2016-09-26,24.610000610351562,24.6299991607666,24.579999923706055,24.6299991607666,362400
2016-09-27,24.690000534057617,24.719999313354492,24.639999389648438,24.649999618530273,317200
2016-09-28,24.68000030517578,24.739999771118164,24.649999618530273,24.670000076293945,259900
2016-09-29,24.709999084472656,24.719999313354492,24.6299991607666,24.690000534057617,958900
2016-09-30,24.68000030517578,24.719999313354492,24.639999389648438,24.68000030517578,1338600
2016-10-03,24.700000762939453,24.760000228881836,24.700000762939453,24.729999542236328,732500
2016-10-04,24.8700008392334,24.93000030517578,24.780000686645508,24.84000015258789,1735000
2016-10-05,24.850000381469727,24.90999984741211,24.84000015258789,24.8700008392334,4292500
2016-10-06,24.950000762939453,25.030000686645508,24.940000534057617,25.0,1200900
2016-10-07,24.969999313354492,25.06999969482422,24.940000534057617,24.959999084472656,2114200
2016-10-10,25.049999237060547,25.079999923706055,25.010000228881836,25.059999465942383,818600
2016-10-11,25.149999618530273,25.280000686645508,25.139999389648438,25.25,2256000
2016-10-12,25.309999465942383,25.350000381469727,25.260000228881836,25.31999969482422,1502100
2016-10-13,25.270000457763672,25.299999237060547,25.209999084472656,25.229999542236328,919700
2016-10-14,25.309999465942383,25.3700008392334,25.270000457763672,25.360000610351562,689500
2016-10-17,25.329999923706055,25.34000015258789,25.280000686645508,25.299999237060547,945200
2016-10-18,25.299999237060547,25.329999923706055,25.270000457763672,25.31999969482422,1219300
2016-10-19,25.309999465942383,25.34000015258789,25.280000686645508,25.329999923706055,1853000
2016-10-20,25.3799991607666,25.440000534057617,25.3700008392334,25.40999984741211,676300
2016-10-21,25.5,25.540000915527344,25.489999771118164,25.5,3574000
2016-10-24,25.489999771118164,25.549999237060547,25.479999542236328,25.530000686645508,721000
2016-10-25,25.600000381469727,25.6200008392334,25.489999771118164,25.520000457763672,1204400
2016-10-26,25.450000762939453,25.510000228881836,25.420000076293945,25.510000228881836,833800
2016-10-27,25.5,25.59000015258789,25.479999542236328,25.559999465942383,1390300
2016-10-28,25.540000915527344,25.540000915527344,25.389999389648438,25.40999984741211,1992400
2016-10-31,25.479999542236328,25.510000228881836,25.420000076293945,25.420000076293945,1010000
2016-11-01,25.34000015258789,25.350000381469727,25.239999771118164,25.290000915527344,2885900
2016-11-02,25.190000534057617,25.209999084472656,25.1200008392334,25.200000762939453,1744300
2016-11-03,25.18000030517578,25.200000762939453,25.100000381469727,25.1299991607666,1328500
2016-11-04,25.139999389648438,25.149999618530273,25.059999465942383,25.059999465942383,940800
2016-11-07,25.25,25.309999465942383,25.25,25.270000457763672,2672900
2016-11-08,25.270000457763672,25.34000015258789,25.25,25.34000015258789,913400
2016-11-09,25.3799991607666,25.5,25.3700008392334,25.5,2429100
2016-11-10,25.56999969482422,25.6200008392334,25.5,25.549999237060547,2705400
2016-11-11,25.520000457763672,25.6200008392334,25.510000228881836,25.59000015258789,1098700
2016-11-14,25.829999923706055,25.899999618530273,25.799999237060547,25.84000015258789,7033900
2016-11-15,25.8799991607666,25.920000076293945,25.84000015258789,25.8799991607666,4443000
2016-11-16,25.90999984741211,26.0,25.889999389648438,25.950000762939453,3750500
2016-11-17,25.90999984741211,26.100000381469727,25.90999984741211,26.100000381469727,2053000
2016-11-18,26.15999984741211,26.239999771118164,26.1200008392334,26.190000534057617,1549400
2016-11-21,26.110000610351562,26.170000076293945,26.059999465942383,26.09000015258789,3162100
2016-11-22,26.110000610351562,26.200000762939453,26.09000015258789,26.1299991607666,2045200
2016-11-23,26.299999237060547,26.350000381469727,26.25,26.290000915527344,2362100
2016-11-25,26.190000534057617,26.25,26.15999984741211,26.239999771118164,3108300
2016-11-28,26.239999771118164,26.25,26.15999984741211,26.170000076293945,2102900
2016-11-29,26.209999084472656,26.219999313354492,26.079999923706055,26.110000610351562,1772200
2016-11-30,26.209999084472656,26.31999969482422,26.190000534057617,26.25,3417000
2016-12-01,26.200000762939453,26.25,26.100000381469727,26.110000610351562,1638200
2016-12-02,26.06999969482422,26.100000381469727,26.030000686645508,26.049999237060547,1791600
2016-12-05,25.959999084472656,25.979999542236328,25.809999465942383,25.8799991607666,4654700
2016-12-06,25.940000534057617,26.0,25.90999984741211,25.979999542236328,2478800
2016-12-07,25.959999084472656,25.959999084472656,25.889999389648438,25.899999618530273,1903600
2016-12-08,26.079999923706055,26.170000076293945,26.040000915527344,26.1299991607666,2135000
2016-12-09,26.229999542236328,26.299999237060547,26.209999084472656,26.239999771118164,1499800
2016-12-12,26.1200008392334,26.18000030517578,26.059999465942383,26.09000015258789,1717500
2016-12-13,26.100000381469727,26.139999389648438,26.040000915527344,26.1200008392334,1766700
2016-12-14,26.079999923706055,26.440000534057617,26.030000686645508,26.3700008392334,3033900
2016-12-15,26.59000015258789,26.760000228881836,26.56999969482422,26.65999984741211,3657600
2016-12-16,26.649999618530273,26.670000076293945,26.5,26.56999969482422,2103900
2016-12-19,26.600000381469727,26.65999984741211,26.530000686645508,26.649999618530273,1334000
2016-12-20,26.760000228881836,26.770000457763672,26.65999984741211,26.700000762939453,2896300
2016-12-21,26.59000015258789,26.649999618530273,26.559999465942383,26.6200008392334,1278800
2016-12-22,26.59000015258789,26.65999984741211,26.510000228881836,26.649999618530273,1713900
2016-12-23,26.649999618530273,26.670000076293945,26.59000015258789,26.6299991607666,909600
2016-12-27,26.649999618530273,26.649999618530273,26.6200008392334,26.6200008392334,655300
2016-12-28,26.729999542236328,26.770000457763672,26.65999984741211,26.690000534057617,1247400
2016-12-29,26.6299991607666,26.6299991607666,26.530000686645508,26.540000915527344,1331900
2016-12-30,26.440000534057617,26.459999084472656,26.350000381469727,26.459999084472656,1767900
2017-01-03,26.709999084472656,26.829999923706055,26.610000610351562,26.700000762939453,3455500
2017-01-04,26.56999969482422,26.59000015258789,26.469999313354492,26.5,3534000
2017-01-05,26.3700008392334,26.3799991607666,26.18000030517578,26.219999313354492,4269600
2017-01-06,26.389999389648438,26.440000534057617,26.299999237060547,26.40999984741211,3202700
2017-01-09,26.420000076293945,26.440000534057617,26.309999465942383,26.34000015258789,3506100
2017-01-10,26.329999923706055,26.3799991607666,26.260000228881836,26.350000381469727,2060000
2017-01-11,26.5,26.610000610351562,26.170000076293945,26.290000915527344,4496600
2017-01-12,26.1299991607666,26.229999542236328,26.049999237060547,26.190000534057617,2173900
2017-01-13,26.18000030517578,26.280000686645508,26.1299991607666,26.15999984741211,1828400
2017-01-17,25.93000030517578,25.969999313354492,25.90999984741211,25.920000076293945,3444500
2017-01-18,26.020000457763672,26.18000030517578,25.969999313354492,26.15999984741211,3939800
2017-01-19,26.209999084472656,26.280000686645508,26.110000610351562,26.1200008392334,1595500
2017-01-20,26.1299991607666,26.170000076293945,26.020000457763672,26.030000686645508,11995800
2017-01-23,25.950000762939453,25.989999771118164,25.860000610351562,25.889999389648438,2300900
2017-01-24,25.889999389648438,25.93000030517578,25.81999969482422,25.899999618530273,1638200
2017-01-25,25.889999389648438,25.90999984741211,25.809999465942383,25.809999465942383,2168900
2017-01-26,25.959999084472656,26.030000686645508,25.93000030517578,25.979999542236328,3848100
2017-01-27,25.950000762939453,26.010000228881836,25.93000030517578,25.989999771118164,2262300
2017-01-30,26.049999237060547,26.059999465942383,25.90999984741211,25.940000534057617,1139200
2017-01-31,25.770000457763672,25.780000686645508,25.68000030517578,25.729999542236328,3570300
2017-02-01,25.81999969482422,25.850000381469727,25.709999084472656,25.75,4271800
2017-02-02,25.690000534057617,25.799999237060547,25.649999618530273,25.790000915527344,1361500
2017-02-03,25.81999969482422,25.81999969482422,25.709999084472656,25.780000686645508,2033200
2017-02-06,25.860000610351562,25.889999389648438,25.780000686645508,25.799999237060547,1703300
2017-02-07,25.959999084472656,26.010000228881836,25.860000610351562,25.93000030517578,1601500
2017-02-08,25.899999618530273,25.920000076293945,25.84000015258789,25.899999618530273,1412300
2017-02-09,25.899999618530273,26.010000228881836,25.889999389648438,26.0,1191500
2017-02-10,26.09000015258789,26.100000381469727,25.989999771118164,26.030000686645508,1022100
2017-02-13,26.079999923706055,26.1200008392334,26.06999969482422,26.09000015258789,1089600
2017-02-14,26.059999465942383,26.190000534057617,26.059999465942383,26.149999618530273,2502000
2017-02-15,26.239999771118164,26.260000228881836,26.09000015258789,26.100000381469727,934400
2017-02-16,26.0,26.010000228881836,25.93000030517578,25.950000762939453,2129400
2017-02-17,25.959999084472656,26.079999923706055,25.959999084472656,26.079999923706055,999100
2017-02-21,26.209999084472656,26.25,26.170000076293945,26.200000762939453,1421800
2017-02-22,26.229999542236328,26.270000457763672,26.1299991607666,26.139999389648438,2048700
2017-02-23,26.110000610351562,26.1299991607666,26.059999465942383,26.079999923706055,1291600
2017-02-24,26.079999923706055,26.1299991607666,26.059999465942383,26.1299991607666,714500
2017-02-27,26.06999969482422,26.139999389648438,26.010000228881836,26.1299991607666,768600
2017-02-28,26.079999923706055,26.149999618530273,26.030000686645508,26.110000610351562,2266900
2017-03-01,26.31999969482422,26.34000015258789,26.229999542236328,26.290000915527344,1646400
2017-03-02,26.389999389648438,26.420000076293945,26.350000381469727,26.399999618530273,2871200
2017-03-03,26.309999465942383,26.360000610351562,26.170000076293945,26.170000076293945,2932900
2017-03-06,26.200000762939453,26.280000686645508,26.200000762939453,26.260000228881836,1043200
2017-03-07,26.309999465942383,26.31999969482422,26.260000228881836,26.290000915527344,687200
2017-03-08,26.34000015258789,26.389999389648438,26.329999923706055,26.3799991607666,1171800
2017-03-09,26.309999465942383,26.360000610351562,26.290000915527344,26.329999923706055,1519800
2017-03-10,26.260000228881836,26.280000686645508,26.1200008392334,26.149999618530273,2008600
2017-03-13,26.15999984741211,26.190000534057617,26.1299991607666,26.190000534057617,1252100
2017-03-14,26.25,26.280000686645508,26.200000762939453,26.280000686645508,1214100
2017-03-15,26.25,26.25,25.969999313354492,25.969999313354492,3038700
2017-03-16,25.920000076293945,25.969999313354492,25.8799991607666,25.8799991607666,2869100
2017-03-17,25.90999984741211,25.920000076293945,25.860000610351562,25.889999389648438,1814700
2017-03-20,25.8700008392334,25.93000030517578,25.860000610351562,25.899999618530273,742900
2017-03-21,25.770000457763672,25.770000457763672,25.719999313354492,25.739999771118164,1933800
2017-03-22,25.729999542236328,25.760000228881836,25.700000762939453,25.719999313354492,970200
2017-03-23,25.729999542236328,25.770000457763672,25.719999313354492,25.75,1110700
2017-03-24,25.739999771118164,25.760000228881836,25.690000534057617,25.739999771118164,2017600
2017-03-27,25.530000686645508,25.610000610351562,25.520000457763672,25.600000381469727,1814800
2017-03-28,25.600000381469727,25.760000228881836,25.579999923706055,25.739999771118164,1657600
2017-03-29,25.84000015258789,25.850000381469727,25.790000915527344,25.790000915527344,550700
2017-03-30,25.829999923706055,25.959999084472656,25.809999465942383,25.959999084472656,1195300
2017-03-31,25.920000076293945,25.969999313354492,25.889999389648438,25.950000762939453,880100
2017-04-03,25.969999313354492,26.0,25.940000534057617,25.950000762939453,645000
2017-04-04,25.989999771118164,26.010000228881836,25.959999084472656,25.979999542236328,813100
2017-04-05,25.989999771118164,26.110000610351562,25.940000534057617,25.969999313354492,4699400
2017-04-06,25.979999542236328,26.030000686645508,25.969999313354492,26.030000686645508,807500
2017-04-07,26.06999969482422,26.15999984741211,26.040000915527344,26.149999618530273,1037600
2017-04-10,26.1200008392334,26.1299991607666,26.079999923706055,26.100000381469727,666800
2017-04-11,26.049999237060547,26.049999237060547,25.989999771118164,26.020000457763672,688200
2017-04-12,26.020000457763672,26.059999465942383,25.8700008392334,25.889999389648438,1544800
2017-04-13,25.90999984741211,25.989999771118164,25.90999984741211,25.979999542236328,820600
2017-04-17,25.889999389648438,25.93000030517578,25.829999923706055,25.90999984741211,880800
2017-04-18,25.780000686645508,25.81999969482422,25.690000534057617,25.690000534057617,1290900
2017-04-19,25.760000228881836,25.799999237060547,25.75,25.780000686645508,417500
2017-04-20,25.709999084472656,25.790000915527344,25.68000030517578,25.790000915527344,668900
2017-04-21,25.799999237060547,25.84000015258789,25.790000915527344,25.809999465942383,745900
2017-04-24,25.56999969482422,25.6200008392334,25.56999969482422,25.56999969482422,1643100
2017-04-25,25.59000015258789,25.59000015258789,25.479999542236328,25.5,1698300
2017-04-26,25.600000381469727,25.649999618530273,25.540000915527344,25.559999465942383,863600
2017-04-27,25.610000610351562,25.65999984741211,25.579999923706055,25.600000381469727,724600
2017-04-28,25.559999465942383,25.600000381469727,25.540000915527344,25.56999969482422,840200
2017-05-01,25.559999465942383,25.600000381469727,25.530000686645508,25.59000015258789,617700
2017-05-02,25.59000015258789,25.6200008392334,25.549999237060547,25.549999237060547,332500
2017-05-03,25.579999923706055,25.65999984741211,25.549999237060547,25.649999618530273,876700
2017-05-04,25.610000610351562,25.610000610351562,25.489999771118164,25.489999771118164,885400
2017-05-05,25.510000228881836,25.520000457763672,25.440000534057617,25.450000762939453,680100
2017-05-08,25.549999237060547,25.610000610351562,25.549999237060547,25.59000015258789,773200
2017-05-09,25.700000762939453,25.75,25.670000076293945,25.719999313354492,1847600
2017-05-10,25.700000762939453,25.760000228881836,25.700000762939453,25.729999542236328,549000
2017-05-11,25.760000228881836,25.760000228881836,25.709999084472656,25.739999771118164,349100
2017-05-12,25.649999618530273,25.649999618530273,25.610000610351562,25.610000610351562,690600
2017-05-15,25.520000457763672,25.56999969482422,25.520000457763672,25.540000915527344,739800
2017-05-16,25.389999389648438,25.40999984741211,25.329999923706055,25.350000381469727,1746200
2017-05-17,25.280000686645508,25.290000915527344,25.18000030517578,25.18000030517578,1257800
2017-05-18,25.209999084472656,25.329999923706055,25.190000534057617,25.270000457763672,1206800
2017-05-19,25.1200008392334,25.139999389648438,25.06999969482422,25.09000015258789,1152100
2017-05-22,25.040000915527344,25.059999465942383,25.0,25.049999237060547,1134000
2017-05-23,25.030000686645508,25.170000076293945,25.020000457763672,25.15999984741211,1008900
2017-05-24,25.15999984741211,25.18000030517578,25.079999923706055,25.079999923706055,1115900
2017-05-25,25.09000015258789,25.1299991607666,25.079999923706055,25.110000610351562,1103100
2017-05-26,25.18000030517578,25.200000762939453,25.149999618530273,25.170000076293945,413400
2017-05-30,25.15999984741211,25.18000030517578,25.1200008392334,25.139999389648438,1113800
2017-05-31,25.100000381469727,25.100000381469727,25.020000457763672,25.079999923706055,959000
2017-06-01,25.1299991607666,25.139999389648438,25.09000015258789,25.110000610351562,917100
2017-06-02,25.020000457763672,25.030000686645508,24.969999313354492,24.989999771118164,1416000
2017-06-05,25.020000457763672,25.040000915527344,25.0,25.010000228881836,1086100
2017-06-06,24.959999084472656,24.989999771118164,24.940000534057617,24.950000762939453,895700
2017-06-07,25.010000228881836,25.049999237060547,24.940000534057617,24.979999542236328,522500
2017-06-08,25.049999237060547,25.110000610351562,25.049999237060547,25.06999969482422,724300
2017-06-09,25.200000762939453,25.200000762939453,25.1299991607666,25.149999618530273,652100
2017-06-12,25.1200008392334,25.15999984741211,25.100000381469727,25.110000610351562,429800
2017-06-13,25.09000015258789,25.100000381469727,25.059999465942383,25.079999923706055,398000
2017-06-14,24.950000762939453,25.110000610351562,24.90999984741211,25.059999465942383,1676600
2017-06-15,25.18000030517578,25.229999542236328,25.18000030517578,25.209999084472656,1148400
2017-06-16,25.170000076293945,25.18000030517578,25.100000381469727,25.1200008392334,917400
2017-06-19,25.15999984741211,25.229999542236328,25.149999618530273,25.229999542236328,637300
2017-06-20,25.229999542236328,25.290000915527344,25.229999542236328,25.270000457763672,615200
2017-06-21,25.260000228881836,25.270000457763672,25.200000762939453,25.219999313354492,1105800
2017-06-22,25.219999313354492,25.25,25.200000762939453,25.229999542236328,896800
2017-06-23,25.18000030517578,25.18000030517578,25.1200008392334,25.149999618530273,323100
2017-06-26,25.1200008392334,25.200000762939453,25.110000610351562,25.190000534057617,596600
2017-06-27,25.020000457763672,25.040000915527344,24.90999984741211,24.90999984741211,1282600
2017-06-28,24.920000076293945,24.920000076293945,24.809999465942383,24.829999923706055,944400
2017-06-29,24.809999465942383,24.809999465942383,24.709999084472656,24.709999084472656,1831800
2017-06-30,24.760000228881836,24.790000915527344,24.729999542236328,24.75,1529700
2017-07-03,24.8700008392334,24.899999618530273,24.850000381469727,24.899999618530273,794300
2017-07-05,24.959999084472656,24.959999084472656,24.899999618530273,24.90999984741211,1570200
2017-07-06,24.829999923706055,24.850000381469727,24.790000915527344,24.799999237060547,357800
2017-07-07,24.850000381469727,24.889999389648438,24.829999923706055,24.84000015258789,376400
2017-07-10,24.8700008392334,24.8799991607666,24.84000015258789,24.850000381469727,212900
2017-07-11,24.8700008392334,24.8799991607666,24.75,24.760000228881836,1556800
2017-07-12,24.790000915527344,24.829999923706055,24.75,24.760000228881836,900900
2017-07-13,24.770000457763672,24.81999969482422,24.760000228881836,24.770000457763672,411500
2017-07-14,24.670000076293945,24.68000030517578,24.610000610351562,24.6200008392334,768100
2017-07-17,24.6200008392334,24.639999389648438,24.59000015258789,24.6200008392334,508200
2017-07-18,24.479999542236328,24.510000228881836,24.450000762939453,24.489999771118164,970500
2017-07-19,24.5,24.549999237060547,24.5,24.549999237060547,785600
2017-07-20,24.510000228881836,24.520000457763672,24.350000381469727,24.399999618530273,1016700
2017-07-21,24.3700008392334,24.3799991607666,24.299999237060547,24.31999969482422,644600
2017-07-24,24.329999923706055,24.3700008392334,24.31999969482422,24.329999923706055,419700
2017-07-25,24.299999237060547,24.3700008392334,24.260000228881836,24.3700008392334,757900
2017-07-26,24.3799991607666,24.40999984741211,24.18000030517578,24.229999542236328,1329500
2017-07-27,24.280000686645508,24.3799991607666,24.260000228881836,24.31999969482422,1390700
2017-07-28,24.239999771118164,24.25,24.15999984741211,24.170000076293945,859200
2017-07-31,24.209999084472656,24.219999313354492,24.040000915527344,24.06999969482422,1432700
2017-08-01,24.079999923706055,24.1299991607666,24.040000915527344,24.110000610351562,1150800
2017-08-02,24.100000381469727,24.110000610351562,23.979999542236328,24.079999923706055,2221800
2017-08-03,24.100000381469727,24.110000610351562,24.020000457763672,24.020000457763672,2071800
2017-08-04,24.1200008392334,24.299999237060547,24.110000610351562,24.229999542236328,2543100
2017-08-07,24.270000457763672,24.270000457763672,24.209999084472656,24.219999313354492,852700
2017-08-08,24.190000534057617,24.329999923706055,24.170000076293945,24.260000228881836,1390400
2017-08-09,24.299999237060547,24.329999923706055,24.229999542236328,24.239999771118164,1164800
2017-08-10,24.260000228881836,24.280000686645508,24.190000534057617,24.200000762939453,947700
2017-08-11,24.15999984741211,24.209999084472656,24.09000015258789,24.110000610351562,1472100
2017-08-14,24.200000762939453,24.229999542236328,24.18000030517578,24.209999084472656,832100
2017-08-15,24.360000610351562,24.3799991607666,24.299999237060547,24.31999969482422,915100
2017-08-16,24.389999389648438,24.389999389648438,24.219999313354492,24.239999771118164,757500
2017-08-17,24.31999969482422,24.31999969482422,24.25,24.290000915527344,542600
2017-08-18,24.209999084472656,24.270000457763672,24.200000762939453,24.209999084472656,249100
2017-08-21,24.18000030517578,24.190000534057617,24.110000610351562,24.139999389648438,632900
2017-08-22,24.209999084472656,24.260000228881836,24.209999084472656,24.239999771118164,558000
2017-08-23,24.200000762939453,24.209999084472656,24.139999389648438,24.139999389648438,686900
2017-08-24,24.18000030517578,24.200000762939453,24.15999984741211,24.190000534057617,807600
2017-08-25,24.15999984741211,24.209999084472656,23.969999313354492,23.989999771118164,1768700
2017-08-28,23.979999542236328,23.979999542236328,23.899999618530273,23.920000076293945,1302600
2017-08-29,23.809999465942383,23.950000762939453,23.809999465942383,23.950000762939453,1602900
2017-08-30,24.030000686645508,24.110000610351562,24.010000228881836,24.100000381469727,1435200
2017-08-31,24.139999389648438,24.149999618530273,24.030000686645508,24.030000686645508,1254400
2017-09-01,24.020000457763672,24.110000610351562,24.0,24.079999923706055,1087700
2017-09-05,24.010000228881836,24.010000228881836,23.920000076293945,23.950000762939453,702800
2017-09-06,23.940000534057617,23.959999084472656,23.8700008392334,23.93000030517578,3111600
2017-09-07,23.770000457763672,23.829999923706055,23.729999542236328,23.760000228881836,2717600
2017-09-08,23.670000076293945,23.729999542236328,23.65999984741211,23.700000762939453,922300
2017-09-11,23.809999465942383,23.8700008392334,23.780000686645508,23.860000610351562,1451100
2017-09-12,23.8700008392334,23.889999389648438,23.81999969482422,23.850000381469727,2010900
2017-09-13,23.8700008392334,24.020000457763672,23.8700008392334,23.989999771118164,1976200
2017-09-14,23.989999771118164,23.989999771118164,23.899999618530273,23.920000076293945,1644000
2017-09-15,23.84000015258789,23.8700008392334,23.780000686645508,23.84000015258789,1469500
2017-09-18,23.8700008392334,23.940000534057617,23.829999923706055,23.899999618530273,611100
2017-09-19,23.84000015258789,23.899999618530273,23.809999465942383,23.829999923706055,582300
2017-09-20,23.81999969482422,24.06999969482422,23.739999771118164,24.020000457763672,2371000
2017-09-21,24.0,24.0,23.90999984741211,23.950000762939453,1203900
2017-09-22,23.899999618530273,23.940000534057617,23.860000610351562,23.93000030517578,1051700
2017-09-25,24.020000457763672,24.079999923706055,24.0,24.06999969482422,1238200
2017-09-26,24.15999984741211,24.229999542236328,24.1200008392334,24.149999618530273,1075800
2017-09-27,24.290000915527344,24.299999237060547,24.200000762939453,24.270000457763672,1619600
2017-09-28,24.229999542236328,24.229999542236328,24.18000030517578,24.200000762939453,816300
2017-09-29,24.170000076293945,24.229999542236328,24.149999618530273,24.18000030517578,642100
2017-10-02,24.299999237060547,24.360000610351562,24.270000457763672,24.31999969482422,1225700
2017-10-03,24.31999969482422,24.329999923706055,24.270000457763672,24.309999465942383,442700
2017-10-04,24.280000686645508,24.299999237060547,24.260000228881836,24.280000686645508,637400
2017-10-05,24.360000610351562,24.420000076293945,24.34000015258789,24.40999984741211,831400
2017-10-06,24.450000762939453,24.469999313354492,24.350000381469727,24.3700008392334,1172000
2017-10-09,24.360000610351562,24.3700008392334,24.309999465942383,24.329999923706055,1368300
2017-10-10,24.25,24.25,24.18000030517578,24.200000762939453,2710800
2017-10-11,24.15999984741211,24.190000534057617,24.1200008392334,24.1299991607666,1299800
2017-10-12,24.18000030517578,24.219999313354492,24.139999389648438,24.18000030517578,1161600
2017-10-13,24.100000381469727,24.190000534057617,24.09000015258789,24.18000030517578,824600
2017-10-16,24.219999313354492,24.25,24.18000030517578,24.239999771118164,733500
2017-10-17,24.31999969482422,24.360000610351562,24.280000686645508,24.299999237060547,1242500
2017-10-18,24.329999923706055,24.34000015258789,24.260000228881836,24.270000457763672,726100
2017-10-19,24.219999313354492,24.239999771118164,24.18000030517578,24.209999084472656,490100
2017-10-20,24.309999465942383,24.3700008392334,24.299999237060547,24.350000381469727,577900
2017-10-23,24.43000030517578,24.440000534057617,24.3700008392334,24.3799991607666,610200
2017-10-24,24.40999984741211,24.43000030517578,24.360000610351562,24.420000076293945,419800
2017-10-25,24.360000610351562,24.389999389648438,24.329999923706055,24.360000610351562,459500
2017-10-26,24.440000534057617,24.6299991607666,24.440000534057617,24.6200008392334,2757500
2017-10-27,24.709999084472656,24.75,24.649999618530273,24.68000030517578,2014700
2017-10-30,24.709999084472656,24.709999084472656,24.549999237060547,24.559999465942383,707600
2017-10-31,24.600000381469727,24.610000610351562,24.559999465942383,24.579999923706055,683200
2017-11-01,24.649999618530273,24.65999984741211,24.579999923706055,24.6299991607666,1327300
2017-11-02,24.639999389648438,24.649999618530273,24.549999237060547,24.6299991607666,1168200
2017-11-03,24.600000381469727,24.709999084472656,24.600000381469727,24.690000534057617,1159700
2017-11-06,24.719999313354492,24.719999313354492,24.6299991607666,24.6299991607666,753800
2017-11-07,24.700000762939453,24.739999771118164,24.65999984741211,24.670000076293945,830000
2017-11-08,24.65999984741211,24.690000534057617,24.649999618530273,24.65999984741211,1051800
2017-11-09,24.639999389648438,24.649999618530273,24.540000915527344,24.559999465942383,794900
2017-11-10,24.540000915527344,24.549999237060547,24.5,24.540000915527344,779300
2017-11-13,24.559999465942383,24.59000015258789,24.549999237060547,24.559999465942383,383600
2017-11-14,24.450000762939453,24.479999542236328,24.3700008392334,24.389999389648438,2395500
2017-11-15,24.350000381469727,24.40999984741211,24.329999923706055,24.3799991607666,976000
2017-11-16,24.399999618530273,24.43000030517578,24.3799991607666,24.40999984741211,751700
2017-11-17,24.3700008392334,24.389999389648438,24.31999969482422,24.34000015258789,969800
2017-11-20,24.389999389648438,24.469999313354492,24.389999389648438,24.459999084472656,737700
2017-11-21,24.450000762939453,24.450000762939453,24.399999618530273,24.43000030517578,914100
2017-11-22,24.360000610351562,24.360000610351562,24.229999542236328,24.239999771118164,1565200
2017-11-24,24.139999389648438,24.139999389648438,24.100000381469727,24.1299991607666,751900
2017-11-27,24.06999969482422,24.170000076293945,24.059999465942383,24.15999984741211,1222300
2017-11-28,24.190000534057617,24.270000457763672,24.190000534057617,24.260000228881836,1448100
2017-11-29,24.270000457763672,24.299999237060547,24.219999313354492,24.25,869700
2017-11-30,24.219999313354492,24.229999542236328,24.1200008392334,24.190000534057617,2147600
2017-12-01,24.239999771118164,24.260000228881836,24.09000015258789,24.170000076293945,1941700
2017-12-04,24.25,24.280000686645508,24.239999771118164,24.25,1310800
2017-12-05,24.299999237060547,24.31999969482422,24.260000228881836,24.290000915527344,593900
2017-12-06,24.309999465942383,24.3700008392334,24.309999465942383,24.350000381469727,327700
2017-12-07,24.389999389648438,24.40999984741211,24.34000015258789,24.399999618530273,431300
2017-12-08,24.420000076293945,24.469999313354492,24.40999984741211,24.440000534057617,370500
2017-12-11,24.420000076293945,24.450000762939453,24.3799991607666,24.440000534057617,562900
2017-12-12,24.489999771118164,24.520000457763672,24.469999313354492,24.479999542236328,503300
2017-12-13,24.440000534057617,24.459999084472656,24.299999237060547,24.309999465942383,2250900
2017-12-14,24.360000610351562,24.399999618530273,24.309999465942383,24.329999923706055,1208600
2017-12-15,24.360000610351562,24.450000762939453,24.360000610351562,24.43000030517578,1388900
2017-12-18,24.309999465942383,24.3700008392334,24.280000686645508,24.3700008392334,1257400
2017-12-19,24.360000610351562,24.3700008392334,24.299999237060547,24.299999237060547,591800
2017-12-20,24.309999465942383,24.31999969482422,24.239999771118164,24.270000457763672,421500
2017-12-21,24.299999237060547,24.309999465942383,24.25,24.260000228881836,1463000
2017-12-22,24.290000915527344,24.31999969482422,24.270000457763672,24.270000457763672,184700
2017-12-26,24.260000228881836,24.260000228881836,24.239999771118164,24.25,517500
2017-12-27,24.190000534057617,24.219999313354492,24.18000030517578,24.200000762939453,678700
2017-12-28,24.1299991607666,24.149999618530273,24.110000610351562,24.1299991607666,426100
2017-12-29,24.040000915527344,24.049999237060547,23.979999542236328,24.030000686645508,1459200
2018-01-02,23.93000030517578,23.969999313354492,23.920000076293945,23.93000030517578,546200
2018-01-03,23.979999542236328,24.030000686645508,23.969999313354492,24.020000457763672,679900
2018-01-04,23.950000762939453,23.959999084472656,23.920000076293945,23.940000534057617,650500
2018-01-05,23.979999542236328,24.0,23.950000762939453,23.959999084472656,370100
2018-01-08,24.059999465942383,24.079999923706055,24.040000915527344,24.06999969482422,969800
2018-01-09,24.110000610351562,24.139999389648438,24.100000381469727,24.1200008392334,1158400
2018-01-10,24.0,24.09000015258789,24.0,24.059999465942383,485100
2018-01-11,23.979999542236328,23.979999542236328,23.93000030517578,23.959999084472656,586800
2018-01-12,23.799999237060547,23.81999969482422,23.709999084472656,23.709999084472656,1098700
2018-01-16,23.65999984741211,23.68000030517578,23.549999237060547,23.579999923706055,2527000
2018-01-17,23.639999389648438,23.65999984741211,23.520000457763672,23.639999389648438,1057700
2018-01-18,23.6200008392334,23.639999389648438,23.579999923706055,23.610000610351562,425700
2018-01-19,23.600000381469727,23.649999618530273,23.579999923706055,23.649999618530273,748900
2018-01-22,23.59000015258789,23.639999389648438,23.559999465942383,23.56999969482422,1338400
2018-01-23,23.559999465942383,23.56999969482422,23.489999771118164,23.510000228881836,735500
2018-01-24,23.309999465942383,23.31999969482422,23.25,23.280000686645508,2078500
2018-01-25,23.170000076293945,23.3799991607666,23.09000015258789,23.309999465942383,4503100
2018-01-26,23.270000457763672,23.280000686645508,23.190000534057617,23.260000228881836,1603500
2018-01-29,23.34000015258789,23.389999389648438,23.299999237060547,23.31999969482422,1411200
2018-01-30,23.219999313354492,23.31999969482422,23.209999084472656,23.280000686645508,1466600
2018-01-31,23.209999084472656,23.309999465942383,23.170000076293945,23.25,1401800
2018-02-01,23.239999771118164,23.25,23.110000610351562,23.1299991607666,1743300
2018-02-02,23.270000457763672,23.350000381469727,23.229999542236328,23.270000457763672,3709800
2018-02-05,23.350000381469727,23.399999618530273,23.34000015258789,23.3700008392334,3408900
2018-02-06,23.479999542236328,23.510000228881836,23.3700008392334,23.420000076293945,2694900
2018-02-07,23.469999313354492,23.610000610351562,23.450000762939453,23.600000381469727,2405400
2018-02-08,23.520000457763672,23.610000610351562,23.510000228881836,23.600000381469727,1663600
2018-02-09,23.610000610351562,23.649999618530273,23.579999923706055,23.6200008392334,1841300
2018-02-12,23.600000381469727,23.600000381469727,23.530000686645508,23.540000915527344,1097600
2018-02-13,23.43000030517578,23.440000534057617,23.389999389648438,23.40999984741211,1308500
2018-02-14,23.469999313354492,23.479999542236328,23.229999542236328,23.229999542236328,1639500
2018-02-15,23.18000030517578,23.229999542236328,23.1200008392334,23.1299991607666,1538000
2018-02-16,23.25,23.309999465942383,23.200000762939453,23.290000915527344,812600
2018-02-20,23.399999618530273,23.450000762939453,23.389999389648438,23.440000534057617,1366800
2018-02-21,23.459999084472656,23.549999237060547,23.399999618530273,23.530000686645508,1138000
2018-02-22,23.469999313354492,23.479999542236328,23.420000076293945,23.450000762939453,2011900
2018-02-23,23.489999771118164,23.520000457763672,23.459999084472656,23.5,523300
2018-02-26,23.489999771118164,23.530000686645508,23.469999313354492,23.469999313354492,1095400
2018-02-27,23.530000686645508,23.649999618530273,23.520000457763672,23.6200008392334,1527100
2018-02-28,23.649999618530273,23.709999084472656,23.639999389648438,23.690000534057617,1119700
2018-03-01,23.739999771118164,23.770000457763672,23.579999923706055,23.610000610351562,1405800
2018-03-02,23.540000915527344,23.559999465942383,23.5,23.510000228881836,602700
2018-03-05,23.559999465942383,23.56999969482422,23.489999771118164,23.510000228881836,1274300
2018-03-06,23.459999084472656,23.459999084472656,23.40999984741211,23.450000762939453,1492700
2018-03-07,23.420000076293945,23.540000915527344,23.40999984741211,23.43000030517578,443000
2018-03-08,23.459999084472656,23.600000381469727,23.459999084472656,23.579999923706055,520100
2018-03-09,23.600000381469727,23.600000381469727,23.530000686645508,23.549999237060547,641000
2018-03-12,23.549999237060547,23.56999969482422,23.5,23.520000457763672,1024800
2018-03-13,23.5,23.530000686645508,23.43000030517578,23.459999084472656,609600
2018-03-14,23.469999313354492,23.510000228881836,23.459999084472656,23.469999313354492,1280200
2018-03-15,23.5,23.59000015258789,23.5,23.559999465942383,564300
2018-03-16,23.559999465942383,23.649999618530273,23.559999465942383,23.6200008392334,782500
2018-03-19,23.540000915527344,23.559999465942383,23.489999771118164,23.520000457763672,403400
2018-03-20,23.59000015258789,23.65999984741211,23.59000015258789,23.65999984741211,841100
2018-03-21,23.579999923706055,23.6200008392334,23.459999084472656,23.469999313354492,1043800
2018-03-22,23.5,23.549999237060547,23.489999771118164,23.5,723600
2018-03-23,23.450000762939453,23.459999084472656,23.399999618530273,23.420000076293945,798700
2018-03-26,23.34000015258789,23.360000610351562,23.290000915527344,23.309999465942383,1186400
2018-03-27,23.420000076293945,23.440000534057617,23.3700008392334,23.420000076293945,533400
2018-03-28,23.5,23.6299991607666,23.5,23.6299991607666,696500
2018-03-29,23.559999465942383,23.6299991607666,23.559999465942383,23.610000610351562,942600
2018-04-02,23.540000915527344,23.6200008392334,23.540000915527344,23.600000381469727,301100
2018-04-03,23.639999389648438,23.65999984741211,23.6200008392334,23.639999389648438,541300
2018-04-04,23.600000381469727,23.6299991607666,23.56999969482422,23.6299991607666,634500
2018-04-05,23.68000030517578,23.75,23.65999984741211,23.719999313354492,720400
2018-04-06,23.6299991607666,23.670000076293945,23.610000610351562,23.6299991607666,1083700
2018-04-09,23.559999465942383,23.579999923706055,23.549999237060547,23.56999969482422,2411100
2018-04-10,23.5,23.549999237060547,23.479999542236328,23.510000228881836,876800
2018-04-11,23.489999771118164,23.520000457763672,23.43000030517578,23.489999771118164,696500
2018-04-12,23.579999923706055,23.600000381469727,23.520000457763672,23.540000915527344,1713300
2018-04-13,23.549999237060547,23.559999465942383,23.520000457763672,23.540000915527344,1506500
2018-04-16,23.440000534057617,23.479999542236328,23.43000030517578,23.459999084472656,512100
2018-04-17,23.5,23.520000457763672,23.459999084472656,23.459999084472656,574000
2018-04-18,23.479999542236328,23.520000457763672,23.459999084472656,23.510000228881836,388000
2018-04-19,23.489999771118164,23.600000381469727,23.489999771118164,23.579999923706055,298900
2018-04-20,23.690000534057617,23.739999771118164,23.670000076293945,23.719999313354492,1691000
2018-04-23,23.799999237060547,23.8799991607666,23.799999237060547,23.8700008392334,1482900
2018-04-24,23.860000610351562,23.8799991607666,23.809999465942383,23.84000015258789,1062600
2018-04-25,23.93000030517578,23.959999084472656,23.90999984741211,23.940000534057617,816400
2018-04-26,23.889999389648438,24.059999465942383,23.889999389648438,24.049999237060547,958500
2018-04-27,24.100000381469727,24.1200008392334,24.030000686645508,24.030000686645508,826800
2018-04-30,24.1299991607666,24.139999389648438,24.06999969482422,24.1299991607666,782700
2018-05-01,24.25,24.31999969482422,24.239999771118164,24.290000915527344,2809700
2018-05-02,24.290000915527344,24.399999618530273,24.229999542236328,24.399999618530273,1757300
2018-05-03,24.309999465942383,24.350000381469727,24.270000457763672,24.299999237060547,883200
2018-05-04,24.389999389648438,24.40999984741211,24.309999465942383,24.329999923706055,925100
2018-05-07,24.399999618530273,24.420000076293945,24.360000610351562,24.3799991607666,997100
2018-05-08,24.479999542236328,24.520000457763672,24.43000030517578,24.469999313354492,767000
2018-05-09,24.440000534057617,24.479999542236328,24.420000076293945,24.469999313354492,583000
2018-05-10,24.360000610351562,24.450000762939453,24.329999923706055,24.360000610351562,673200
2018-05-11,24.290000915527344,24.350000381469727,24.280000686645508,24.31999969482422,369600
2018-05-14,24.260000228881836,24.360000610351562,24.25,24.350000381469727,946400
2018-05-15,24.540000915527344,24.579999923706055,24.469999313354492,24.5,1044400
2018-05-16,24.559999465942383,24.600000381469727,24.530000686645508,24.559999465942383,2209100
2018-05-17,24.600000381469727,24.6200008392334,24.559999465942383,24.59000015258789,796700
2018-05-18,24.670000076293945,24.68000030517578,24.610000610351562,24.639999389648438,484000
2018-05-21,24.65999984741211,24.690000534057617,24.610000610351562,24.6200008392334,971300
2018-05-22,24.600000381469727,24.639999389648438,24.59000015258789,24.610000610351562,740900
2018-05-23,24.739999771118164,24.790000915527344,24.709999084472656,24.709999084472656,2260800
2018-05-24,24.700000762939453,24.700000762939453,24.6299991607666,24.68000030517578,471600
2018-05-25,24.799999237060547,24.809999465942383,24.770000457763672,24.799999237060547,604700
2018-05-29,24.920000076293945,25.0,24.90999984741211,24.969999313354492,1098400
2018-05-30,24.850000381469727,24.8700008392334,24.760000228881836,24.780000686645508,2345800
2018-05-31,24.780000686645508,24.81999969482422,24.739999771118164,24.760000228881836,3064000
2018-06-01,24.790000915527344,24.8799991607666,24.770000457763672,24.799999237060547,1583400
2018-06-04,24.719999313354492,24.799999237060547,24.700000762939453,24.780000686645508,2888900
2018-06-05,24.799999237060547,24.850000381469727,24.700000762939453,24.75,1837200
2018-06-06,24.649999618530273,24.68000030517578,24.600000381469727,24.68000030517578,1524800
2018-06-07,24.59000015258789,24.6299991607666,24.579999923706055,24.6299991607666,1027100
2018-06-08,24.68000030517578,24.690000534057617,24.639999389648438,24.639999389648438,586500
2018-06-11,24.639999389648438,24.670000076293945,24.610000610351562,24.65999984741211,948400
2018-06-12,24.65999984741211,24.75,24.639999389648438,24.709999084472656,1051300
2018-06-13,24.690000534057617,24.780000686645508,24.639999389648438,24.670000076293945,1800800
2018-06-14,24.81999969482422,24.989999771118164,24.81999969482422,24.989999771118164,3826300
2018-06-15,24.959999084472656,25.0,24.950000762939453,24.969999313354492,1226700
2018-06-18,25.0,25.010000228881836,24.969999313354492,24.969999313354492,1152700
2018-06-19,25.06999969482422,25.09000015258789,25.030000686645508,25.040000915527344,849600
2018-06-20,25.040000915527344,25.079999923706055,25.030000686645508,25.059999465942383,1258100
2018-06-21,25.040000915527344,25.059999465942383,24.950000762939453,24.989999771118164,3080000
2018-06-22,24.920000076293945,24.989999771118164,24.899999618530273,24.899999618530273,1596700
2018-06-25,24.8799991607666,24.899999618530273,24.84000015258789,24.860000610351562,941900
2018-06-26,24.920000076293945,24.989999771118164,24.90999984741211,24.989999771118164,1220600
2018-06-27,25.040000915527344,25.170000076293945,25.040000915527344,25.139999389648438,1612500
2018-06-28,25.149999618530273,25.170000076293945,25.09000015258789,25.139999389648438,798900
2018-06-29,25.020000457763672,25.040000915527344,24.940000534057617,24.940000534057617,1134200
2018-07-02,25.110000610351562,25.110000610351562,25.059999465942383,25.059999465942383,788600
2018-07-03,25.0,25.0,24.959999084472656,24.979999542236328,492100
2018-07-05,24.920000076293945,24.950000762939453,24.889999389648438,24.899999618530273,860800
2018-07-06,24.809999465942383,24.84000015258789,24.780000686645508,24.81999969482422,727600
2018-07-09,24.770000457763672,24.8700008392334,24.760000228881836,24.829999923706055,791800
2018-07-10,24.899999618530273,24.920000076293945,24.84000015258789,24.84000015258789,873200
2018-07-11,24.84000015258789,25.030000686645508,24.84000015258789,25.010000228881836,795600
2018-07-12,25.030000686645508,25.040000915527344,24.989999771118164,25.030000686645508,1109800
2018-07-13,25.079999923706055,25.100000381469727,25.0,25.0,543700
2018-07-16,24.950000762939453,24.989999771118164,24.93000030517578,24.959999084472656,458500
2018-07-17,25.0,25.110000610351562,25.0,25.06999969482422,1234200
2018-07-18,25.149999618530273,25.149999618530273,25.079999923706055,25.100000381469727,507500
2018-07-19,25.229999542236328,25.239999771118164,25.06999969482422,25.149999618530273,1390200
2018-07-20,24.989999771118164,25.010000228881836,24.93000030517578,24.950000762939453,1048500
2018-07-23,24.950000762939453,25.020000457763672,24.950000762939453,24.989999771118164,1576300
2018-07-24,24.989999771118164,25.010000228881836,24.940000534057617,25.0,353900
2018-07-25,24.940000534057617,25.0,24.8700008392334,24.8799991607666,397200
2018-07-26,24.969999313354492,25.049999237060547,24.959999084472656,25.049999237060547,1280000
2018-07-27,25.040000915527344,25.040000915527344,25.010000228881836,25.020000457763672,439700
2018-07-30,24.969999313354492,24.969999313354492,24.90999984741211,24.93000030517578,591300
2018-07-31,24.959999084472656,24.989999771118164,24.940000534057617,24.979999542236328,576200
2018-08-01,25.010000228881836,25.030000686645508,24.989999771118164,25.010000228881836,445800
2018-08-02,25.100000381469727,25.170000076293945,25.079999923706055,25.149999618530273,906700
2018-08-03,25.190000534057617,25.190000534057617,25.110000610351562,25.170000076293945,730700
2018-08-06,25.229999542236328,25.25,25.200000762939453,25.209999084472656,647900
2018-08-07,25.149999618530273,25.200000762939453,25.139999389648438,25.18000030517578,304900
2018-08-08,25.18000030517578,25.200000762939453,25.139999389648438,25.149999618530273,288500
2018-08-09,25.190000534057617,25.299999237060547,25.18000030517578,25.299999237060547,474400
2018-08-10,25.489999771118164,25.520000457763672,25.420000076293945,25.479999542236328,718400
2018-08-13,25.469999313354492,25.530000686645508,25.440000534057617,25.489999771118164,700800
2018-08-14,25.5,25.6200008392334,25.489999771118164,25.59000015258789,1770600
2018-08-15,25.65999984741211,25.670000076293945,25.579999923706055,25.59000015258789,877900
2018-08-16,25.559999465942383,25.6200008392334,25.5,25.56999969482422,640800
2018-08-17,25.489999771118164,25.510000228881836,25.440000534057617,25.440000534057617,1019300
2018-08-20,25.440000534057617,25.469999313354492,25.3700008392334,25.3799991607666,606200
2018-08-21,25.299999237060547,25.31999969482422,25.170000076293945,25.229999542236328,1564500
2018-08-22,25.15999984741211,25.209999084472656,25.139999389648438,25.15999984741211,983300
2018-08-23,25.280000686645508,25.350000381469727,25.229999542236328,25.31999969482422,1141900
2018-08-24,25.25,25.270000457763672,25.15999984741211,25.200000762939453,767500
2018-08-27,25.15999984741211,25.170000076293945,25.079999923706055,25.100000381469727,1301900
2018-08-28,25.010000228881836,25.100000381469727,25.010000228881836,25.100000381469727,993500
2018-08-29,25.100000381469727,25.139999389648438,25.049999237060547,25.059999465942383,597200
2018-08-30,25.110000610351562,25.149999618530273,25.079999923706055,25.079999923706055,610000
2018-08-31,25.15999984741211,25.239999771118164,25.1200008392334,25.190000534057617,988600
2018-09-04,25.31999969482422,25.3700008392334,25.290000915527344,25.299999237060547,2664700
2018-09-05,25.209999084472656,25.260000228881836,25.209999084472656,25.209999084472656,476900
2018-09-06,25.190000534057617,25.239999771118164,25.170000076293945,25.209999084472656,873700
2018-09-07,25.25,25.309999465942383,25.229999542236328,25.280000686645508,741000
2018-09-10,25.229999542236328,25.239999771118164,25.200000762939453,25.229999542236328,955000
2018-09-11,25.25,25.280000686645508,25.229999542236328,25.25,621900
2018-09-12,25.219999313354492,25.239999771118164,25.1200008392334,25.15999984741211,850100
2018-09-13,25.049999237060547,25.110000610351562,25.040000915527344,25.09000015258789,518500
2018-09-14,25.1200008392334,25.209999084472656,25.100000381469727,25.18000030517578,1536400
2018-09-17,25.06999969482422,25.09000015258789,25.059999465942383,25.059999465942383,338400
2018-09-18,25.049999237060547,25.1299991607666,25.020000457763672,25.100000381469727,393500
2018-09-19,25.100000381469727,25.1299991607666,25.059999465942383,25.09000015258789,267900
2018-09-20,24.940000534057617,24.979999542236328,24.899999618530273,24.90999984741211,1248000
2018-09-21,25.010000228881836,25.030000686645508,24.969999313354492,24.989999771118164,742700
2018-09-24,24.90999984741211,25.010000228881836,24.889999389648438,24.989999771118164,2013500
2018-09-25,24.969999313354492,25.010000228881836,24.940000534057617,25.010000228881836,695100
2018-09-26,25.059999465942383,25.059999465942383,24.93000030517578,25.020000457763672,629000
2018-09-27,25.170000076293945,25.219999313354492,25.1200008392334,25.200000762939453,2658200
2018-09-28,25.299999237060547,25.309999465942383,25.219999313354492,25.260000228881836,1125200
2018-10-01,25.270000457763672,25.329999923706055,25.25,25.299999237060547,1595100
2018-10-02,25.3700008392334,25.389999389648438,25.31999969482422,25.34000015258789,1471500
2018-10-03,25.3799991607666,25.450000762939453,25.3700008392334,25.420000076293945,1033800
2018-10-04,25.43000030517578,25.479999542236328,25.3799991607666,25.43000030517578,1018000
2018-10-05,25.40999984741211,25.450000762939453,25.389999389648438,25.399999618530273,1279500
2018-10-08,25.5,25.510000228881836,25.43000030517578,25.43000030517578,761000
2018-10-09,25.510000228881836,25.540000915527344,25.40999984741211,25.420000076293945,898600
2018-10-10,25.389999389648438,25.420000076293945,25.350000381469727,25.389999389648438,1051600
2018-10-11,25.290000915527344,25.34000015258789,25.25,25.25,446700
2018-10-12,25.309999465942383,25.360000610351562,25.299999237060547,25.329999923706055,1070400
2018-10-15,25.270000457763672,25.290000915527344,25.25,25.270000457763672,422600
2018-10-16,25.209999084472656,25.280000686645508,25.209999084472656,25.280000686645508,244900
2018-10-17,25.360000610351562,25.43000030517578,25.329999923706055,25.40999984741211,641500
2018-10-18,25.440000534057617,25.530000686645508,25.420000076293945,25.520000457763672,541900
2018-10-19,25.510000228881836,25.520000457763672,25.420000076293945,25.469999313354492,667200
2018-10-22,25.520000457763672,25.56999969482422,25.520000457763672,25.559999465942383,1247000
2018-10-23,25.540000915527344,25.559999465942383,25.489999771118164,25.520000457763672,711300
2018-10-24,25.65999984741211,25.68000030517578,25.6200008392334,25.649999618530273,1189200
2018-10-25,25.65999984741211,25.75,25.65999984741211,25.719999313354492,1760100
2018-10-26,25.75,25.75,25.6299991607666,25.649999618530273,585100
2018-10-29,25.709999084472656,25.75,25.690000534057617,25.719999313354492,400700
2018-10-30,25.760000228881836,25.84000015258789,25.75,25.829999923706055,571700
2018-10-31,25.860000610351562,25.8799991607666,25.799999237060547,25.81999969482422,814100
2018-11-01,25.719999313354492,25.719999313354492,25.6200008392334,25.649999618530273,781400
2018-11-02,25.670000076293945,25.739999771118164,25.6200008392334,25.709999084472656,802900
2018-11-05,25.709999084472656,25.709999084472656,25.639999389648438,25.700000762939453,752800
2018-11-06,25.670000076293945,25.68000030517578,25.6299991607666,25.639999389648438,422200
2018-11-07,25.520000457763672,25.6200008392334,25.520000457763672,25.59000015258789,892800
2018-11-08,25.639999389648438,25.780000686645508,25.610000610351562,25.739999771118164,960500
2018-11-09,25.809999465942383,25.850000381469727,25.770000457763672,25.790000915527344,756900
2018-11-12,25.950000762939453,26.020000457763672,25.920000076293945,26.020000457763672,617600
2018-11-13,25.950000762939453,25.969999313354492,25.8799991607666,25.93000030517578,1204600
2018-11-14,25.93000030517578,25.940000534057617,25.799999237060547,25.84000015258789,714100
2018-11-15,25.940000534057617,25.940000534057617,25.84000015258789,25.899999618530273,475800
2018-11-16,25.739999771118164,25.75,25.700000762939453,25.709999084472656,991400
2018-11-19,25.690000534057617,25.709999084472656,25.639999389648438,25.690000534057617,496700
2018-11-20,25.719999313354492,25.850000381469727,25.719999313354492,25.81999969482422,374800
2018-11-21,25.770000457763672,25.81999969482422,25.760000228881836,25.81999969482422,514600
2018-11-23,25.81999969482422,25.8799991607666,25.81999969482422,25.8700008392334,147200
2018-11-26,25.81999969482422,25.920000076293945,25.81999969482422,25.920000076293945,244700
2018-11-27,25.899999618530273,26.030000686645508,25.899999618530273,25.989999771118164,1076000
2018-11-28,26.0,26.040000915527344,25.809999465942383,25.860000610351562,1654300
2018-11-29,25.850000381469727,25.8799991607666,25.81999969482422,25.81999969482422,535900
2018-11-30,25.8799991607666,25.989999771118164,25.8799991607666,25.920000076293945,325700
2018-12-03,25.8799991607666,25.93000030517578,25.8700008392334,25.93000030517578,478600
2018-12-04,25.780000686645508,25.93000030517578,25.780000686645508,25.8799991607666,879100
2018-12-06,25.8700008392334,25.8799991607666,25.790000915527344,25.8700008392334,492100
2018-12-07,25.81999969482422,25.850000381469727,25.780000686645508,25.799999237060547,1236600
2018-12-10,25.850000381469727,25.989999771118164,25.850000381469727,25.969999313354492,1093100
2018-12-11,25.989999771118164,26.079999923706055,25.979999542236328,26.040000915527344,554600
2018-12-12,26.0,26.0,25.899999618530273,25.940000534057617,874300
2018-12-13,25.959999084472656,26.010000228881836,25.93000030517578,25.940000534057617,832900
2018-12-14,26.09000015258789,26.1200008392334,26.040000915527344,26.040000915527344,446600
2018-12-17,25.979999542236328,26.0,25.940000534057617,25.969999313354492,437300
2018-12-18,25.90999984741211,25.979999542236328,25.90999984741211,25.959999084472656,903600
2018-12-19,25.8799991607666,25.969999313354492,25.809999465942383,25.969999313354492,850000
2018-12-20,25.81999969482422,25.8700008392334,25.709999084472656,25.770000457763672,1127500
2018-12-21,25.81999969482422,25.969999313354492,25.81999969482422,25.940000534057617,1157000
2018-12-24,25.6200008392334,25.6200008392334,25.489999771118164,25.549999237060547,907100
2018-12-26,25.579999923706055,25.719999313354492,25.559999465942383,25.68000030517578,723700
2018-12-27,25.65999984741211,25.65999984741211,25.520000457763672,25.56999969482422,571600
2018-12-28,25.469999313354492,25.549999237060547,25.469999313354492,25.5,892100
2018-12-31,25.520000457763672,25.530000686645508,25.450000762939453,25.450000762939453,625300
2019-01-02,25.65999984741211,25.700000762939453,25.6200008392334,25.639999389648438,1241600
2019-01-03,25.610000610351562,25.610000610351562,25.5,25.5,486200
2019-01-04,25.6200008392334,25.6200008392334,25.459999084472656,25.459999084472656,1367300
2019-01-07,25.360000610351562,25.389999389648438,25.34000015258789,25.350000381469727,947600
2019-01-08,25.420000076293945,25.450000762939453,25.399999618530273,25.43000030517578,1929000
2019-01-09,25.350000381469727,25.3700008392334,25.190000534057617,25.190000534057617,1293800
2019-01-10,25.260000228881836,25.350000381469727,25.260000228881836,25.34000015258789,691400
2019-01-11,25.329999923706055,25.389999389648438,25.329999923706055,25.360000610351562,624700
2019-01-14,25.34000015258789,25.3700008392334,25.31999969482422,25.360000610351562,597000
2019-01-15,25.40999984741211,25.540000915527344,25.389999389648438,25.450000762939453,1286500
2019-01-16,25.459999084472656,25.5,25.459999084472656,25.479999542236328,268900
2019-01-17,25.479999542236328,25.549999237060547,25.469999313354492,25.479999542236328,330400
2019-01-18,25.489999771118164,25.59000015258789,25.489999771118164,25.559999465942383,1957700
2019-01-22,25.6299991607666,25.6299991607666,25.540000915527344,25.559999465942383,794700
2019-01-23,25.549999237060547,25.579999923706055,25.5,25.5,1153800
2019-01-24,25.530000686645508,25.68000030517578,25.530000686645508,25.649999618530273,267400
2019-01-25,25.549999237060547,25.549999237060547,25.43000030517578,25.440000534057617,619100
2019-01-28,25.440000534057617,25.469999313354492,25.399999618530273,25.459999084472656,932700
2019-01-29,25.459999084472656,25.469999313354492,25.420000076293945,25.469999313354492,591200
2019-01-30,25.469999313354492,25.5,25.299999237060547,25.34000015258789,1213100
2019-01-31,25.309999465942383,25.40999984741211,25.309999465942383,25.389999389648438,1455000
2019-02-01,25.350000381469727,25.420000076293945,25.350000381469727,25.389999389648438,1043600
2019-02-04,25.459999084472656,25.5,25.459999084472656,25.459999084472656,806700
2019-02-05,25.510000228881836,25.559999465942383,25.479999542236328,25.530000686645508,633000
2019-02-06,25.549999237060547,25.639999389648438,25.549999237060547,25.6299991607666,575200
2019-02-07,25.649999618530273,25.690000534057617,25.639999389648438,25.690000534057617,396900
2019-02-08,25.690000534057617,25.719999313354492,25.670000076293945,25.719999313354492,263800
2019-02-11,25.780000686645508,25.850000381469727,25.780000686645508,25.81999969482422,829300
2019-02-12,25.799999237060547,25.81999969482422,25.719999313354492,25.729999542236328,437000
2019-02-13,25.81999969482422,25.8700008392334,25.770000457763672,25.8700008392334,374100
2019-02-14,25.84000015258789,25.899999618530273,25.81999969482422,25.84000015258789,522600
2019-02-15,25.829999923706055,25.8799991607666,25.780000686645508,25.790000915527344,480000
2019-02-19,25.790000915527344,25.790000915527344,25.68000030517578,25.690000534057617,1069200
2019-02-20,25.719999313354492,25.729999542236328,25.649999618530273,25.709999084472656,352200
2019-02-21,25.690000534057617,25.75,25.690000534057617,25.729999542236328,209100
2019-02-22,25.729999542236328,25.75,25.690000534057617,25.719999313354492,165800
2019-02-25,25.68000030517578,25.739999771118164,25.68000030517578,25.700000762939453,372100
2019-02-26,25.65999984741211,25.709999084472656,25.559999465942383,25.600000381469727,391400
2019-02-27,25.56999969482422,25.639999389648438,25.56999969482422,25.6200008392334,389100
2019-02-28,25.610000610351562,25.670000076293945,25.600000381469727,25.639999389648438,340500
2019-03-01,25.6299991607666,25.75,25.610000610351562,25.739999771118164,886700
2019-03-04,25.770000457763672,25.81999969482422,25.770000457763672,25.770000457763672,254100
2019-03-05,25.809999465942383,25.8799991607666,25.799999237060547,25.84000015258789,426200
2019-03-06,25.829999923706055,25.850000381469727,25.81999969482422,25.84000015258789,782600
2019-03-07,25.950000762939453,26.06999969482422,25.950000762939453,26.06999969482422,689700
2019-03-08,25.989999771118164,25.989999771118164,25.959999084472656,25.989999771118164,512400
2019-03-11,25.950000762939453,25.989999771118164,25.93000030517578,25.93000030517578,605700
2019-03-12,25.899999618530273,25.90999984741211,25.850000381469727,25.8799991607666,593800
2019-03-13,25.84000015258789,25.850000381469727,25.75,25.760000228881836,519800
2019-03-14,25.829999923706055,25.850000381469727,25.81999969482422,25.84000015258789,266500
2019-03-15,25.81999969482422,25.81999969482422,25.770000457763672,25.799999237060547,349800
2019-03-18,25.75,25.809999465942383,25.75,25.770000457763672,381500
2019-03-19,25.729999542236328,25.760000228881836,25.719999313354492,25.739999771118164,269400
2019-03-20,25.75,25.780000686645508,25.559999465942383,25.59000015258789,1034500
2019-03-21,25.690000534057617,25.809999465942383,25.68000030517578,25.75,575800
2019-03-22,25.799999237060547,25.860000610351562,25.790000915527344,25.799999237060547,690100
2019-03-25,25.760000228881836,25.809999465942383,25.760000228881836,25.799999237060547,416100
2019-03-26,25.829999923706055,25.8799991607666,25.81999969482422,25.8799991607666,254000
2019-03-27,25.889999389648438,25.920000076293945,25.8700008392334,25.90999984741211,225300
2019-03-28,25.989999771118164,26.030000686645508,25.969999313354492,26.0,315000
2019-03-29,25.979999542236328,26.030000686645508,25.969999313354492,26.030000686645508,582400
2019-04-01,25.969999313354492,26.030000686645508,25.959999084472656,26.010000228881836,877300
2019-04-02,26.049999237060547,26.100000381469727,26.030000686645508,26.040000915527344,325500
2019-04-03,25.979999542236328,26.0,25.950000762939453,26.0,2471200
2019-04-04,26.049999237060547,26.049999237060547,26.030000686645508,26.030000686645508,294000
2019-04-05,26.040000915527344,26.09000015258789,26.040000915527344,26.059999465942383,222400
2019-04-08,25.979999542236328,26.0,25.959999084472656,25.969999313354492,329800
2019-04-09,25.93000030517578,25.979999542236328,25.93000030517578,25.979999542236328,958800
2019-04-10,26.020000457763672,26.020000457763672,25.93000030517578,25.940000534057617,1064300
2019-04-11,26.010000228881836,26.030000686645508,25.979999542236328,26.020000457763672,287100
2019-04-12,25.920000076293945,25.979999542236328,25.90999984741211,25.959999084472656,336400
2019-04-15,25.93000030517578,25.969999313354492,25.93000030517578,25.950000762939453,197500
2019-04-16,25.989999771118164,26.010000228881836,25.959999084472656,26.010000228881836,267200
2019-04-17,25.989999771118164,26.010000228881836,25.979999542236328,25.989999771118164,162200
2019-04-18,26.09000015258789,26.139999389648438,26.079999923706055,26.1299991607666,491700
2019-04-22,26.09000015258789,26.100000381469727,26.06999969482422,26.06999969482422,230300
2019-04-23,26.18000030517578,26.219999313354492,26.15999984741211,26.15999984741211,734000
2019-04-24,26.229999542236328,26.34000015258789,26.190000534057617,26.290000915527344,565400
2019-04-25,26.329999923706055,26.350000381469727,26.299999237060547,26.34000015258789,709900
2019-04-26,26.299999237060547,26.309999465942383,26.25,26.309999465942383,268300
2019-04-29,26.309999465942383,26.329999923706055,26.25,26.25,293500
2019-04-30,26.15999984741211,26.209999084472656,26.149999618530273,26.170000076293945,1107300
2019-05-01,26.139999389648438,26.229999542236328,26.06999969482422,26.200000762939453,732900
2019-05-02,26.209999084472656,26.270000457763672,26.209999084472656,26.260000228881836,240100
2019-05-03,26.270000457763672,26.280000686645508,26.15999984741211,26.15999984741211,1292700
2019-05-06,26.219999313354492,26.229999542236328,26.170000076293945,26.18000030517578,453100
2019-05-07,26.209999084472656,26.25,26.190000534057617,26.200000762939453,451300
2019-05-08,26.190000534057617,26.229999542236328,26.170000076293945,26.209999084472656,254100
2019-05-09,26.209999084472656,26.229999542236328,26.1200008392334,26.15999984741211,205000
2019-05-10,26.1200008392334,26.15999984741211,26.09000015258789,26.149999618530273,273200
2019-05-13,26.06999969482422,26.15999984741211,26.06999969482422,26.149999618530273,395400
2019-05-14,26.190000534057617,26.209999084472656,26.190000534057617,26.209999084472656,200100
2019-05-15,26.239999771118164,26.260000228881836,26.190000534057617,26.219999313354492,414700
2019-05-16,26.260000228881836,26.31999969482422,26.260000228881836,26.290000915527344,169400
2019-05-17,26.299999237060547,26.350000381469727,26.299999237060547,26.350000381469727,399700
2019-05-20,26.34000015258789,26.34000015258789,26.31999969482422,26.329999923706055,400400
2019-05-21,26.3700008392334,26.389999389648438,26.309999465942383,26.3700008392334,758700
2019-05-22,26.3700008392334,26.389999389648438,26.360000610351562,26.389999389648438,311500
2019-05-23,26.459999084472656,26.469999313354492,26.309999465942383,26.34000015258789,538400
2019-05-24,26.299999237060547,26.309999465942383,26.25,26.25,228000
2019-05-28,26.299999237060547,26.3799991607666,26.299999237060547,26.360000610351562,455000
2019-05-29,26.399999618530273,26.43000030517578,26.3799991607666,26.420000076293945,355200
2019-05-30,26.440000534057617,26.459999084472656,26.420000076293945,26.43000030517578,228300
2019-05-31,26.389999389648438,26.389999389648438,26.309999465942383,26.31999969482422,569600
2019-06-03,26.299999237060547,26.299999237060547,26.149999618530273,26.18000030517578,2164100
2019-06-04,26.200000762939453,26.219999313354492,26.1299991607666,26.149999618530273,880800
2019-06-05,26.1299991607666,26.239999771118164,26.110000610351562,26.239999771118164,1373700
2019-06-06,26.149999618530273,26.190000534057617,26.09000015258789,26.149999618530273,567000
2019-06-07,26.059999465942383,26.079999923706055,26.0,26.040000915527344,685100
2019-06-10,26.079999923706055,26.139999389648438,26.06999969482422,26.06999969482422,497700
2019-06-11,26.079999923706055,26.110000610351562,26.059999465942383,26.079999923706055,160500
2019-06-12,26.110000610351562,26.15999984741211,26.06999969482422,26.149999618530273,407200
2019-06-13,26.170000076293945,26.190000534057617,26.149999618530273,26.170000076293945,288800
2019-06-14,26.260000228881836,26.329999923706055,26.239999771118164,26.309999465942383,541100
2019-06-17,26.270000457763672,26.329999923706055,26.270000457763672,26.31999969482422,226000
2019-06-18,26.290000915527344,26.3799991607666,26.290000915527344,26.360000610351562,782400
2019-06-19,26.309999465942383,26.329999923706055,26.190000534057617,26.239999771118164,853600
2019-06-20,26.09000015258789,26.1200008392334,26.06999969482422,26.079999923706055,652300
2019-06-21,26.059999465942383,26.09000015258789,25.950000762939453,25.950000762939453,1123300
2019-06-24,25.940000534057617,25.959999084472656,25.899999618530273,25.90999984741211,3073800
2019-06-25,25.90999984741211,26.010000228881836,25.889999389648438,25.969999313354492,1605700
2019-06-26,25.979999542236328,26.010000228881836,25.93000030517578,25.989999771118164,224300
2019-06-27,25.979999542236328,26.0,25.979999542236328,25.989999771118164,753200
2019-06-28,25.969999313354492,26.010000228881836,25.940000534057617,25.969999313354492,285900
2019-07-01,26.049999237060547,26.170000076293945,26.040000915527344,26.15999984741211,1022300
2019-07-02,26.1200008392334,26.15999984741211,26.09000015258789,26.139999389648438,383900
2019-07-03,26.1200008392334,26.15999984741211,26.09000015258789,26.139999389648438,677800
2019-07-05,26.270000457763672,26.34000015258789,26.270000457763672,26.280000686645508,389700
2019-07-08,26.309999465942383,26.34000015258789,26.299999237060547,26.329999923706055,316900
2019-07-09,26.360000610351562,26.3700008392334,26.34000015258789,26.350000381469727,370400
2019-07-10,26.290000915527344,26.309999465942383,26.229999542236328,26.239999771118164,540500
2019-07-11,26.229999542236328,26.270000457763672,26.229999542236328,26.239999771118164,158900
2019-07-12,26.239999771118164,26.239999771118164,26.170000076293945,26.190000534057617,208900
2019-07-15,26.190000534057617,26.229999542236328,26.190000534057617,26.229999542236328,217900
2019-07-16,26.299999237060547,26.360000610351562,26.299999237060547,26.350000381469727,485600
2019-07-17,26.34000015258789,26.34000015258789,26.280000686645508,26.299999237060547,260000
2019-07-18,26.299999237060547,26.31999969482422,26.15999984741211,26.15999984741211,350600
2019-07-19,26.280000686645508,26.329999923706055,26.260000228881836,26.290000915527344,332100
2019-07-22,26.31999969482422,26.34000015258789,26.309999465942383,26.34000015258789,286100
2019-07-23,26.43000030517578,26.469999313354492,26.43000030517578,26.459999084472656,309900
2019-07-24,26.450000762939453,26.479999542236328,26.420000076293945,26.459999084472656,292300
2019-07-25,26.440000534057617,26.530000686645508,26.40999984741211,26.510000228881836,1315600
2019-07-26,26.520000457763672,26.579999923706055,26.520000457763672,26.549999237060547,438500
2019-07-29,26.59000015258789,26.600000381469727,26.559999465942383,26.56999969482422,803900
2019-07-30,26.59000015258789,26.610000610351562,26.56999969482422,26.56999969482422,274300
2019-07-31,26.579999923706055,26.739999771118164,26.549999237060547,26.729999542236328,810400
2019-08-01,26.799999237060547,26.799999237060547,26.639999389648438,26.649999618530273,1117900
2019-08-02,26.65999984741211,26.65999984741211,26.579999923706055,26.59000015258789,370700
2019-08-05,26.479999542236328,26.5,26.420000076293945,26.459999084472656,1188500
2019-08-06,26.489999771118164,26.510000228881836,26.450000762939453,26.489999771118164,369900
2019-08-07,26.440000534057617,26.479999542236328,26.399999618530273,26.469999313354492,1999900
2019-08-08,26.510000228881836,26.510000228881836,26.420000076293945,26.489999771118164,2407900
2019-08-09,26.459999084472656,26.489999771118164,26.40999984741211,26.459999084472656,523600
2019-08-12,26.43000030517578,26.450000762939453,26.40999984741211,26.440000534057617,650200
2019-08-13,26.440000534057617,26.559999465942383,26.43000030517578,26.559999465942383,483800
2019-08-14,26.549999237060547,26.6200008392334,26.530000686645508,26.6200008392334,813600
2019-08-15,26.600000381469727,26.670000076293945,26.59000015258789,26.639999389648438,2435300
2019-08-16,26.709999084472656,26.709999084472656,26.639999389648438,26.65999984741211,730300
2019-08-19,26.68000030517578,26.729999542236328,26.670000076293945,26.719999313354492,517900
2019-08-20,26.729999542236328,26.739999771118164,26.649999618530273,26.65999984741211,516700
2019-08-21,26.670000076293945,26.709999084472656,26.65999984741211,26.690000534057617,1076900
2019-08-22,26.670000076293945,26.700000762939453,26.639999389648438,26.670000076293945,299600
2019-08-23,26.700000762939453,26.770000457763672,26.510000228881836,26.520000457763672,2520300
2019-08-26,26.6200008392334,26.65999984741211,26.610000610351562,26.65999984741211,487700
2019-08-27,26.6200008392334,26.639999389648438,26.610000610351562,26.639999389648438,284900
2019-08-28,26.68000030517578,26.709999084472656,26.670000076293945,26.700000762939453,808700
2019-08-29,26.729999542236328,26.790000915527344,26.700000762939453,26.770000457763672,1463500
2019-08-30,26.790000915527344,26.920000076293945,26.75,26.8700008392334,623500
2019-09-03,26.989999771118164,27.010000228881836,26.899999618530273,26.93000030517578,1803600
2019-09-04,26.81999969482422,26.829999923706055,26.75,26.760000228881836,1136600
2019-09-05,26.68000030517578,26.770000457763672,26.670000076293945,26.770000457763672,799900
2019-09-06,26.729999542236328,26.780000686645508,26.700000762939453,26.780000686645508,813300
2019-09-09,26.739999771118164,26.75,26.700000762939453,26.729999542236328,936100
2019-09-10,26.75,26.770000457763672,26.739999771118164,26.760000228881836,286900
2019-09-11,26.84000015258789,26.8700008392334,26.829999923706055,26.84000015258789,449500
2019-09-12,26.8799991607666,26.899999618530273,26.719999313354492,26.760000228881836,450400
2019-09-13,26.709999084472656,26.75,26.700000762939453,26.719999313354492,2010800
2019-09-16,26.799999237060547,26.860000610351562,26.799999237060547,26.84000015258789,433100
2019-09-17,26.81999969482422,26.84000015258789,26.719999313354492,26.719999313354492,395400
2019-09-18,26.760000228881836,26.860000610351562,26.75,26.81999969482422,895600
2019-09-19,26.760000228881836,26.790000915527344,26.729999542236328,26.760000228881836,517200
2019-09-20,26.829999923706055,26.860000610351562,26.81999969482422,26.829999923706055,303200
2019-09-23,26.889999389648438,26.889999389648438,26.850000381469727,26.8700008392334,355300
2019-09-24,26.850000381469727,26.850000381469727,26.770000457763672,26.770000457763672,513600
2019-09-25,26.899999618530273,26.989999771118164,26.8799991607666,26.979999542236328,894900
2019-09-26,26.950000762939453,27.059999465942383,26.93000030517578,27.049999237060547,821500
2019-09-27,27.040000915527344,27.040000915527344,26.979999542236328,27.010000228881836,394300
2019-09-30,27.100000381469727,27.110000610351562,27.059999465942383,27.100000381469727,427500
2019-10-01,27.15999984741211,27.170000076293945,27.0,27.010000228881836,972700
2019-10-02,27.030000686645508,27.040000915527344,26.979999542236328,26.989999771118164,713300
2019-10-03,27.0,27.010000228881836,26.899999618530273,26.979999542236328,896300
2019-10-04,26.979999542236328,27.0,26.950000762939453,26.959999084472656,2127300
2019-10-07,26.950000762939453,27.010000228881836,26.940000534057617,27.010000228881836,452900
2019-10-08,27.0,27.079999923706055,27.0,27.049999237060547,1320500
2019-10-09,27.0,27.049999237060547,27.0,27.030000686645508,346000
2019-10-10,26.959999084472656,26.989999771118164,26.90999984741211,26.920000076293945,467300
2019-10-11,26.81999969482422,26.860000610351562,26.790000915527344,26.81999969482422,558800
2019-10-14,26.8799991607666,26.899999618530273,26.860000610351562,26.899999618530273,336600
2019-10-15,26.90999984741211,26.93000030517578,26.809999465942383,26.81999969482422,413600
2019-10-16,26.799999237060547,26.81999969482422,26.729999542236328,26.75,614600
2019-10-17,26.65999984741211,26.68000030517578,26.6299991607666,26.649999618530273,545400
2019-10-18,26.610000610351562,26.6299991607666,26.549999237060547,26.549999237060547,397300
2019-10-21,26.540000915527344,26.59000015258789,26.540000915527344,26.56999969482422,391100
2019-10-22,26.610000610351562,26.639999389648438,26.559999465942383,26.6299991607666,2139300
2019-10-23,26.639999389648438,26.65999984741211,26.600000381469727,26.6200008392334,408100
2019-10-24,26.610000610351562,26.719999313354492,26.610000610351562,26.700000762939453,624900
2019-10-25,26.709999084472656,26.75,26.690000534057617,26.729999542236328,368600
2019-10-28,26.709999084472656,26.719999313354492,26.690000534057617,26.709999084472656,505800
2019-10-29,26.709999084472656,26.719999313354492,26.670000076293945,26.700000762939453,325400
2019-10-30,26.700000762939453,26.780000686645508,26.6299991607666,26.639999389648438,319200
2019-10-31,26.610000610351562,26.639999389648438,26.59000015258789,26.59000015258789,293500
2019-11-01,26.600000381469727,26.610000610351562,26.559999465942383,26.579999923706055,648800
2019-11-04,26.6200008392334,26.68000030517578,26.610000610351562,26.68000030517578,389200
2019-11-05,26.729999542236328,26.799999237060547,26.719999313354492,26.780000686645508,1795200
2019-11-06,26.75,26.790000915527344,26.75,26.780000686645508,425200
2019-11-07,26.799999237060547,26.8700008392334,26.799999237060547,26.84000015258789,548200
2019-11-08,26.90999984741211,26.920000076293945,26.8799991607666,26.899999618530273,237400
2019-11-11,26.8700008392334,26.8700008392334,26.850000381469727,26.860000610351562,135500
2019-11-12,26.899999618530273,26.920000076293945,26.8799991607666,26.899999618530273,347500
2019-11-13,26.920000076293945,26.920000076293945,26.889999389648438,26.889999389648438,150900
2019-11-14,26.90999984741211,26.93000030517578,26.850000381469727,26.8700008392334,123200
2019-11-15,26.829999923706055,26.84000015258789,26.809999465942383,26.809999465942383,439200
2019-11-18,26.790000915527344,26.790000915527344,26.729999542236328,26.760000228881836,528700
2019-11-19,26.770000457763672,26.790000915527344,26.760000228881836,26.790000915527344,269700
2019-11-20,26.799999237060547,26.829999923706055,26.790000915527344,26.790000915527344,473500
2019-11-21,26.790000915527344,26.850000381469727,26.780000686645508,26.829999923706055,111300
2019-11-22,26.809999465942383,26.920000076293945,26.809999465942383,26.90999984741211,225800
2019-11-25,26.93000030517578,26.940000534057617,26.889999389648438,26.93000030517578,601200
2019-11-26,26.920000076293945,26.940000534057617,26.899999618530273,26.899999618530273,307900
2019-11-27,26.940000534057617,26.959999084472656,26.93000030517578,26.940000534057617,176000
2019-11-29,26.950000762939453,26.979999542236328,26.899999618530273,26.90999984741211,2004200
2019-12-02,26.8799991607666,26.889999389648438,26.790000915527344,26.799999237060547,704800
2019-12-03,26.770000457763672,26.790000915527344,26.75,26.770000457763672,499700
2019-12-04,26.700000762939453,26.760000228881836,26.68000030517578,26.739999771118164,317000
2019-12-05,26.719999313354492,26.719999313354492,26.68000030517578,26.68000030517578,270800
2019-12-06,26.760000228881836,26.81999969482422,26.75,26.780000686645508,313400
2019-12-09,26.739999771118164,26.780000686645508,26.739999771118164,26.75,212200
2019-12-10,26.709999084472656,26.75,26.700000762939453,26.719999313354492,205700
2019-12-11,26.700000762939453,26.719999313354492,26.59000015258789,26.6200008392334,552300
2019-12-12,26.610000610351562,26.739999771118164,26.610000610351562,26.65999984741211,627300
2019-12-13,26.579999923706055,26.65999984741211,26.579999923706055,26.65999984741211,291700
2019-12-16,26.59000015258789,26.6299991607666,26.56999969482422,26.610000610351562,814400
2019-12-17,26.639999389648438,26.65999984741211,26.6299991607666,26.65999984741211,199300
2019-12-18,26.690000534057617,26.719999313354492,26.68000030517578,26.709999084472656,237900
2019-12-19,26.719999313354492,26.729999542236328,26.690000534057617,26.709999084472656,427300
2019-12-20,26.760000228881836,26.809999465942383,26.760000228881836,26.799999237060547,686800
2019-12-23,26.3700008392334,26.3700008392334,26.239999771118164,26.260000228881836,826000
2019-12-24,26.270000457763672,26.280000686645508,26.239999771118164,26.260000228881836,274200
2019-12-26,26.239999771118164,26.260000228881836,26.209999084472656,26.219999313354492,235100
2019-12-27,26.1200008392334,26.139999389648438,26.06999969482422,26.09000015258789,573300
2019-12-30,26.040000915527344,26.049999237060547,26.0,26.040000915527344,527600
2019-12-31,25.959999084472656,25.979999542236328,25.93000030517578,25.969999313354492,505200
2020-01-02,26.049999237060547,26.079999923706055,25.989999771118164,26.059999465942383,556500
2020-01-03,26.1200008392334,26.1200008392334,26.040000915527344,26.09000015258789,663500
2020-01-06,26.020000457763672,26.049999237060547,26.020000457763672,26.030000686645508,308800
2020-01-07,26.100000381469727,26.139999389648438,26.100000381469727,26.1200008392334,145100
2020-01-08,26.149999618530273,26.209999084472656,26.139999389648438,26.190000534057617,685600
2020-01-09,26.239999771118164,26.280000686645508,26.239999771118164,26.239999771118164,167000
2020-01-10,26.260000228881836,26.270000457763672,26.209999084472656,26.219999313354492,211800
2020-01-13,26.25,26.260000228881836,26.209999084472656,26.219999313354492,217000
2020-01-14,26.270000457763672,26.280000686645508,26.219999313354492,26.229999542236328,589900
2020-01-15,26.18000030517578,26.219999313354492,26.18000030517578,26.190000534057617,242500
2020-01-16,26.190000534057617,26.239999771118164,26.190000534057617,26.229999542236328,108600
2020-01-17,26.290000915527344,26.31999969482422,26.290000915527344,26.31999969482422,284500
2020-01-21,26.260000228881836,26.309999465942383,26.260000228881836,26.299999237060547,327200
2020-01-22,26.270000457763672,26.329999923706055,26.270000457763672,26.280000686645508,216500
2020-01-23,26.329999923706055,26.3700008392334,26.31999969482422,26.350000381469727,126400
2020-01-24,26.3799991607666,26.420000076293945,26.3799991607666,26.389999389648438,221800
2020-01-27,26.399999618530273,26.440000534057617,26.399999618530273,26.43000030517578,226800
2020-01-28,26.459999084472656,26.479999542236328,26.43000030517578,26.43000030517578,158400
2020-01-29,26.479999542236328,26.489999771118164,26.440000534057617,26.469999313354492,152600
2020-01-30,26.43000030517578,26.440000534057617,26.389999389648438,26.389999389648438,160900
2020-01-31,26.350000381469727,26.360000610351562,26.270000457763672,26.280000686645508,784700
2020-02-03,26.3799991607666,26.43000030517578,26.3799991607666,26.40999984741211,860600
2020-02-04,26.43000030517578,26.450000762939453,26.43000030517578,26.450000762939453,469400
2020-02-05,26.520000457763672,26.549999237060547,26.5,26.549999237060547,388100
2020-02-06,26.549999237060547,26.6200008392334,26.549999237060547,26.600000381469727,140600
2020-02-07,26.59000015258789,26.65999984741211,26.59000015258789,26.65999984741211,95700
2020-02-10,26.68000030517578,26.709999084472656,26.65999984741211,26.700000762939453,256100
2020-02-11,26.690000534057617,26.690000534057617,26.65999984741211,26.670000076293945,268900
2020-02-12,26.65999984741211,26.75,26.65999984741211,26.739999771118164,172400
2020-02-13,26.739999771118164,26.770000457763672,26.719999313354492,26.770000457763672,592400
2020-02-14,26.770000457763672,26.780000686645508,26.729999542236328,26.760000228881836,162600
2020-02-18,26.860000610351562,26.8700008392334,26.799999237060547,26.860000610351562,148400
2020-02-19,26.90999984741211,26.940000534057617,26.899999618530273,26.90999984741211,246100
2020-02-20,26.940000534057617,26.989999771118164,26.93000030517578,26.989999771118164,385600
2020-02-21,26.940000534057617,26.940000534057617,26.81999969482422,26.829999923706055,1199500
2020-02-24,26.8700008392334,26.8799991607666,26.780000686645508,26.84000015258789,335800
2020-02-25,26.829999923706055,26.84000015258789,26.729999542236328,26.760000228881836,355000
2020-02-26,26.790000915527344,26.84000015258789,26.760000228881836,26.780000686645508,1037600
2020-02-27,26.639999389648438,26.68000030517578,26.59000015258789,26.6200008392334,1103600
2020-02-28,26.6200008392334,26.709999084472656,26.489999771118164,26.530000686645508,4081100
2020-03-02,26.40999984741211,26.420000076293945,26.290000915527344,26.389999389648438,1447200
2020-03-03,26.389999389648438,26.389999389648438,26.229999542236328,26.280000686645508,1429500
2020-03-04,26.3700008392334,26.40999984741211,26.34000015258789,26.3700008392334,613900
2020-03-05,26.239999771118164,26.280000686645508,26.15999984741211,26.170000076293945,848300
2020-03-06,25.93000030517578,26.040000915527344,25.920000076293945,26.020000457763672,1574800
2020-03-09,25.739999771118164,25.75,24.639999389648438,25.739999771118164,2684400
2020-03-10,25.90999984741211,26.15999984741211,25.90999984741211,26.1200008392334,5135700
2020-03-11,26.040000915527344,26.170000076293945,26.010000228881836,26.15999984741211,722700
2020-03-12,26.25,26.65999984741211,26.190000534057617,26.440000534057617,3224700
2020-03-13,26.56999969482422,27.969999313354492,26.540000915527344,27.440000534057617,1333500
2020-03-16,26.649999618530273,26.690000534057617,26.329999923706055,26.559999465942383,1673200
2020-03-17,26.93000030517578,27.100000381469727,26.90999984741211,27.030000686645508,1456000
2020-03-18,27.229999542236328,28.010000228881836,27.219999313354492,27.440000534057617,4116300
2020-03-19,28.889999389648438,28.899999618530273,27.75,28.09000015258789,4056500
2020-03-20,28.0,28.079999923706055,27.68000030517578,28.010000228881836,6811700
2020-03-23,27.860000610351562,28.0,27.729999542236328,27.969999313354492,2220200
2020-03-24,27.549999237060547,27.739999771118164,27.510000228881836,27.649999618530273,5991000
2020-03-25,27.549999237060547,27.639999389648438,27.299999237060547,27.389999389648438,4433200
2020-03-26,27.149999618530273,27.15999984741211,26.940000534057617,26.950000762939453,7221000
2020-03-27,27.079999923706055,27.110000610351562,26.670000076293945,26.729999542236328,4150600
2020-03-30,26.889999389648438,26.950000762939453,26.84000015258789,26.850000381469727,2272500
2020-03-31,26.979999542236328,27.049999237060547,26.790000915527344,26.829999923706055,1534800
2020-04-01,26.989999771118164,27.049999237060547,26.950000762939453,27.0,3000000
2020-04-02,27.1200008392334,27.209999084472656,27.040000915527344,27.139999389648438,3650000
2020-04-03,27.260000228881836,27.350000381469727,27.239999771118164,27.290000915527344,3110700
2020-04-06,27.270000457763672,27.360000610351562,27.25,27.299999237060547,1704900
2020-04-07,27.010000228881836,27.100000381469727,27.0,27.049999237060547,2140300
2020-04-08,27.06999969482422,27.149999618530273,27.06999969482422,27.149999618530273,2153400
2020-04-09,26.950000762939453,27.0,26.889999389648438,26.950000762939453,1685500
2020-04-13,26.940000534057617,26.969999313354492,26.8799991607666,26.90999984741211,1185600
2020-04-14,26.81999969482422,26.84000015258789,26.760000228881836,26.760000228881836,2435900
2020-04-15,27.049999237060547,27.059999465942383,26.8799991607666,26.959999084472656,2069600
2020-04-16,27.020000457763672,27.18000030517578,26.989999771118164,27.079999923706055,2609300
2020-04-17,27.020000457763672,27.040000915527344,26.969999313354492,27.010000228881836,881600
2020-04-20,27.06999969482422,27.100000381469727,27.010000228881836,27.100000381469727,1298900
2020-04-21,27.200000762939453,27.219999313354492,27.100000381469727,27.139999389648438,1643800
2020-04-22,27.100000381469727,27.229999542236328,27.100000381469727,27.219999313354492,947700
2020-04-23,27.239999771118164,27.260000228881836,27.100000381469727,27.229999542236328,1491100
2020-04-24,27.200000762939453,27.229999542236328,27.15999984741211,27.170000076293945,843600
2020-04-27,27.059999465942383,27.1299991607666,27.049999237060547,27.100000381469727,2184200
2020-04-28,26.979999542236328,27.079999923706055,26.969999313354492,27.06999969482422,1051400
2020-04-29,26.979999542236328,27.040000915527344,26.940000534057617,26.959999084472656,781800
2020-04-30,26.969999313354492,27.0,26.760000228881836,26.790000915527344,1839200
2020-05-01,26.790000915527344,26.84000015258789,26.739999771118164,26.81999969482422,1096100
2020-05-04,26.93000030517578,26.979999542236328,26.90999984741211,26.969999313354492,1000500
2020-05-05,27.0,27.030000686645508,26.899999618530273,26.989999771118164,4938200
2020-05-06,27.06999969482422,27.1299991607666,27.040000915527344,27.1200008392334,755100
2020-05-07,27.149999618530273,27.18000030517578,27.010000228881836,27.040000915527344,653200
2020-05-08,27.030000686645508,27.059999465942383,26.90999984741211,27.030000686645508,1091300
2020-05-11,27.079999923706055,27.15999984741211,27.059999465942383,27.1299991607666,4346000
2020-05-12,27.020000457763672,27.079999923706055,26.989999771118164,27.079999923706055,629400
2020-05-13,27.020000457763672,27.149999618530273,27.0,27.1299991607666,826600
2020-05-14,27.190000534057617,27.209999084472656,27.1299991607666,27.15999984741211,940300
2020-05-15,27.1200008392334,27.200000762939453,27.09000015258789,27.18000030517578,450800
2020-05-18,27.079999923706055,27.100000381469727,26.950000762939453,26.959999084472656,1819600
2020-05-19,26.93000030517578,26.950000762939453,26.8700008392334,26.940000534057617,803400
2020-05-20,26.829999923706055,26.860000610351562,26.790000915527344,26.850000381469727,1790200
2020-05-21,26.84000015258789,26.940000534057617,26.829999923706055,26.90999984741211,1025400
2020-05-22,27.0,27.030000686645508,26.979999542236328,26.989999771118164,2072200
2020-05-26,26.809999465942383,26.81999969482422,26.75,26.790000915527344,1059900
2020-05-27,26.780000686645508,26.8700008392334,26.760000228881836,26.780000686645508,581800
2020-05-28,26.719999313354492,26.739999771118164,26.610000610351562,26.639999389648438,3065100
2020-05-29,26.579999923706055,26.649999618530273,26.530000686645508,26.600000381469727,1369300
2020-06-01,26.530000686645508,26.549999237060547,26.450000762939453,26.450000762939453,1381400
2020-06-02,26.399999618530273,26.440000534057617,26.360000610351562,26.420000076293945,787400
2020-06-03,26.3799991607666,26.389999389648438,26.260000228881836,26.260000228881836,6785400
2020-06-04,26.280000686645508,26.280000686645508,26.100000381469727,26.15999984741211,3238700
2020-06-05,26.15999984741211,26.229999542236328,26.139999389648438,26.209999084472656,4095300
2020-06-08,26.15999984741211,26.190000534057617,26.1200008392334,26.139999389648438,1794500
2020-06-09,26.139999389648438,26.149999618530273,26.030000686645508,26.059999465942383,1034100
2020-06-10,25.989999771118164,26.06999969482422,25.8799991607666,25.93000030517578,1231100
2020-06-11,26.040000915527344,26.200000762939453,25.969999313354492,26.190000534057617,1079800
2020-06-12,26.18000030517578,26.3700008392334,26.139999389648438,26.260000228881836,1784900
2020-06-15,26.280000686645508,26.299999237060547,26.110000610351562,26.149999618530273,725200
2020-06-16,26.170000076293945,26.299999237060547,26.170000076293945,26.229999542236328,1421400
2020-06-17,26.239999771118164,26.329999923706055,26.239999771118164,26.25,751200
2020-06-18,26.309999465942383,26.3799991607666,26.290000915527344,26.350000381469727,616000
2020-06-19,26.299999237060547,26.420000076293945,26.299999237060547,26.3799991607666,1957900
2020-06-22,26.31999969482422,26.31999969482422,26.209999084472656,26.239999771118164,935100
2020-06-23,26.100000381469727,26.149999618530273,26.049999237060547,26.149999618530273,1563800
2020-06-24,26.209999084472656,26.290000915527344,26.200000762939453,26.270000457763672,1174900
2020-06-25,26.350000381469727,26.3700008392334,26.309999465942383,26.309999465942383,1144800
2020-06-26,26.329999923706055,26.40999984741211,26.31999969482422,26.350000381469727,556200
2020-06-29,26.280000686645508,26.389999389648438,26.280000686645508,26.360000610351562,551400
2020-06-30,26.389999389648438,26.40999984741211,26.280000686645508,26.31999969482422,995400
2020-07-01,26.309999465942383,26.329999923706055,26.229999542236328,26.260000228881836,736900
2020-07-02,26.239999771118164,26.329999923706055,26.200000762939453,26.280000686645508,519300
2020-07-06,26.1200008392334,26.170000076293945,26.09000015258789,26.139999389648438,984100
2020-07-07,26.149999618530273,26.219999313354492,26.149999618530273,26.200000762939453,598100
2020-07-08,26.139999389648438,26.149999618530273,26.049999237060547,26.059999465942383,439000
2020-07-09,26.040000915527344,26.15999984741211,26.030000686645508,26.149999618530273,629200
2020-07-10,26.09000015258789,26.1299991607666,26.059999465942383,26.110000610351562,219500
2020-07-13,26.06999969482422,26.09000015258789,26.010000228881836,26.06999969482422,374500
2020-07-14,26.09000015258789,26.09000015258789,25.989999771118164,26.020000457763672,774400
2020-07-15,25.899999618530273,25.979999542236328,25.8700008392334,25.950000762939453,525400
2020-07-16,25.979999542236328,26.049999237060547,25.90999984741211,26.040000915527344,373900
2020-07-17,25.969999313354492,25.969999313354492,25.90999984741211,25.93000030517578,420100
2020-07-20,25.93000030517578,25.969999313354492,25.8799991607666,25.889999389648438,296500
2020-07-21,25.860000610351562,25.8700008392334,25.68000030517578,25.729999542236328,1351000
2020-07-22,25.649999618530273,25.68000030517578,25.6200008392334,25.65999984741211,653800
2020-07-23,25.68000030517578,25.690000534057617,25.559999465942383,25.610000610351562,1249900
2020-07-24,25.549999237060547,25.579999923706055,25.489999771118164,25.5,1095200
2020-07-27,25.329999923706055,25.350000381469727,25.25,25.309999465942383,1412600
2020-07-28,25.329999923706055,25.360000610351562,25.290000915527344,25.350000381469727,1246000
2020-07-29,25.280000686645508,25.280000686645508,25.170000076293945,25.229999542236328,1282400
2020-07-30,25.200000762939453,25.25,25.1200008392334,25.1299991607666,537200
2020-07-31,25.149999618530273,25.290000915527344,25.1299991607666,25.280000686645508,1742100
2020-08-03,25.389999389648438,25.40999984741211,25.270000457763672,25.280000686645508,1447400
2020-08-04,25.34000015258789,25.350000381469727,25.190000534057617,25.190000534057617,1094400
2020-08-05,25.059999465942383,25.110000610351562,25.010000228881836,25.079999923706055,1266200
2020-08-06,25.09000015258789,25.15999984741211,25.040000915527344,25.079999923706055,766900
2020-08-07,25.25,25.309999465942383,25.219999313354492,25.229999542236328,1201700
2020-08-10,25.270000457763672,25.299999237060547,25.209999084472656,25.270000457763672,1037600
2020-08-11,25.260000228881836,25.329999923706055,25.219999313354492,25.309999465942383,1124600
2020-08-12,25.229999542236328,25.270000457763672,25.190000534057617,25.229999542236328,607700
2020-08-13,25.170000076293945,25.239999771118164,25.110000610351562,25.219999313354492,1077600
2020-08-14,25.170000076293945,25.190000534057617,25.1299991607666,25.18000030517578,1913500
2020-08-17,25.1200008392334,25.1200008392334,25.06999969482422,25.06999969482422,951900
2020-08-18,24.920000076293945,24.979999542236328,24.889999389648438,24.93000030517578,1104800
2020-08-19,24.950000762939453,25.149999618530273,24.920000076293945,25.1299991607666,1512800
2020-08-20,25.190000534057617,25.190000534057617,25.059999465942383,25.059999465942383,933200
2020-08-21,25.200000762939453,25.260000228881836,25.18000030517578,25.18000030517578,1667500
2020-08-24,25.110000610351562,25.219999313354492,25.110000610351562,25.219999313354492,450400
2020-08-25,25.139999389648438,25.190000534057617,25.1200008392334,25.1299991607666,869200
2020-08-26,25.190000534057617,25.190000534057617,25.079999923706055,25.100000381469727,879900
2020-08-27,25.020000457763672,25.219999313354492,25.0,25.1299991607666,698300
2020-08-28,24.959999084472656,25.010000228881836,24.920000076293945,24.93000030517578,1200300
2020-08-31,24.899999618530273,24.940000534057617,24.850000381469727,24.899999618530273,1732200
2020-09-01,24.799999237060547,24.969999313354492,24.799999237060547,24.950000762939453,1022900
2020-09-02,25.049999237060547,25.100000381469727,25.030000686645508,25.040000915527344,1923900
2020-09-03,25.06999969482422,25.1299991607666,25.040000915527344,25.049999237060547,1004400
2020-09-04,25.139999389648438,25.18000030517578,25.040000915527344,25.09000015258789,1193400
2020-09-08,25.209999084472656,25.25,25.18000030517578,25.219999313354492,1556900
2020-09-09,25.200000762939453,25.200000762939453,25.149999618530273,25.18000030517578,646300
2020-09-10,25.06999969482422,25.239999771118164,25.040000915527344,25.229999542236328,950300
2020-09-11,25.170000076293945,25.229999542236328,25.170000076293945,25.18000030517578,467800
2020-09-14,25.100000381469727,25.149999618530273,25.079999923706055,25.1200008392334,611900
2020-09-15,25.100000381469727,25.170000076293945,25.09000015258789,25.139999389648438,448500
2020-09-16,25.100000381469727,25.200000762939453,25.079999923706055,25.170000076293945,601600
2020-09-17,25.200000762939453,25.200000762939453,25.079999923706055,25.079999923706055,875600
2020-09-18,25.110000610351562,25.1299991607666,25.049999237060547,25.110000610351562,820100
2020-09-21,25.239999771118164,25.34000015258789,25.229999542236328,25.290000915527344,1408500
2020-09-22,25.299999237060547,25.420000076293945,25.280000686645508,25.3799991607666,1328300
2020-09-23,25.450000762939453,25.540000915527344,25.399999618530273,25.520000457763672,12116400
2020-09-24,25.540000915527344,25.559999465942383,25.440000534057617,25.479999542236328,2385000
2020-09-25,25.56999969482422,25.600000381469727,25.540000915527344,25.549999237060547,1410500
2020-09-28,25.450000762939453,25.5,25.43000030517578,25.469999313354492,756400
2020-09-29,25.399999618530273,25.420000076293945,25.350000381469727,25.350000381469727,1239000
2020-09-30,25.399999618530273,25.450000762939453,25.299999237060547,25.350000381469727,1218000
2020-10-01,25.329999923706055,25.3799991607666,25.309999465942383,25.309999465942383,915800
2020-10-02,25.3700008392334,25.3799991607666,25.329999923706055,25.3700008392334,1354000
2020-10-05,25.270000457763672,25.270000457763672,25.219999313354492,25.260000228881836,1047100
2020-10-06,25.219999313354492,25.350000381469727,25.219999313354492,25.329999923706055,2283000
2020-10-07,25.309999465942383,25.31999969482422,25.280000686645508,25.299999237060547,1158500
2020-10-08,25.299999237060547,25.350000381469727,25.280000686645508,25.290000915527344,885300
2020-10-09,25.170000076293945,25.200000762939453,25.1200008392334,25.139999389648438,1993200
2020-10-12,25.1299991607666,25.139999389648438,25.110000610351562,25.110000610351562,676000
2020-10-13,25.219999313354492,25.270000457763672,25.209999084472656,25.260000228881836,12537500
2020-10-14,25.209999084472656,25.229999542236328,25.170000076293945,25.200000762939453,879300
2020-10-15,25.31999969482422,25.350000381469727,25.299999237060547,25.31999969482422,1417200
2020-10-16,25.280000686645508,25.299999237060547,25.260000228881836,25.290000915527344,951300
2020-10-19,25.170000076293945,25.229999542236328,25.15999984741211,25.209999084472656,545900
2020-10-20,25.149999618530273,25.170000076293945,25.100000381469727,25.1299991607666,1538500
2020-10-21,25.049999237060547,25.049999237060547,24.959999084472656,25.0,1624000
2020-10-22,25.040000915527344,25.100000381469727,25.040000915527344,25.100000381469727,1276100
2020-10-23,25.030000686645508,25.100000381469727,25.030000686645508,25.040000915527344,481500
2020-10-26,25.09000015258789,25.1299991607666,25.09000015258789,25.1299991607666,368300
2020-10-27,25.059999465942383,25.09000015258789,25.040000915527344,25.079999923706055,181800
2020-10-28,25.229999542236328,25.270000457763672,25.200000762939453,25.239999771118164,648700
2020-10-29,25.299999237060547,25.40999984741211,25.299999237060547,25.34000015258789,1219600
2020-10-30,25.31999969482422,25.399999618530273,25.299999237060547,25.3700008392334,608500
2020-11-02,25.420000076293945,25.43000030517578,25.3799991607666,25.399999618530273,1713500
2020-11-03,25.229999542236328,25.270000457763672,25.18000030517578,25.260000228881836,6207800
2020-11-04,25.270000457763672,25.299999237060547,25.190000534057617,25.219999313354492,1126600
2020-11-05,25.010000228881836,25.06999969482422,24.950000762939453,24.979999542236328,1556800
2020-11-06,24.920000076293945,24.969999313354492,24.8700008392334,24.889999389648438,3497000
2020-11-09,24.860000610351562,25.09000015258789,24.860000610351562,25.049999237060547,1846300
2020-11-10,25.0,25.059999465942383,25.0,25.049999237060547,734400
2020-11-11,25.1200008392334,25.149999618530273,25.079999923706055,25.079999923706055,495700
2020-11-12,25.100000381469727,25.110000610351562,25.049999237060547,25.079999923706055,497400
2020-11-13,25.049999237060547,25.059999465942383,25.020000457763672,25.030000686645508,1036000
2020-11-16,25.010000228881836,25.020000457763672,24.969999313354492,24.969999313354492,2991700
2020-11-17,24.90999984741211,24.950000762939453,24.90999984741211,24.93000030517578,1027300
2020-11-18,24.920000076293945,24.940000534057617,24.8799991607666,24.940000534057617,408400
2020-11-19,25.010000228881836,25.010000228881836,24.889999389648438,24.899999618530273,302800
2020-11-20,24.889999389648438,24.940000534057617,24.889999389648438,24.93000030517578,333800
2020-11-23,24.850000381469727,25.030000686645508,24.84000015258789,24.969999313354492,749600
2020-11-24,24.940000534057617,24.969999313354492,24.850000381469727,24.850000381469727,665600
2020-11-25,24.850000381469727,24.8700008392334,24.799999237060547,24.809999465942383,599100
2020-11-27,24.799999237060547,24.799999237060547,24.75,24.760000228881836,198300
2020-11-30,24.690000534057617,24.81999969482422,24.68000030517578,24.81999969482422,435700
2020-12-01,24.719999313354492,24.75,24.579999923706055,24.600000381469727,980900
2020-12-02,24.6299991607666,24.639999389648438,24.559999465942383,24.56999969482422,1125200
2020-12-03,24.440000534057617,24.489999771118164,24.40999984741211,24.440000534057617,1003000
2020-12-04,24.40999984741211,24.5,24.399999618530273,24.469999313354492,1834200
2020-12-07,24.479999542236328,24.520000457763672,24.440000534057617,24.510000228881836,896900
2020-12-08,24.489999771118164,24.549999237060547,24.489999771118164,24.540000915527344,612100
2020-12-09,24.510000228881836,24.600000381469727,24.489999771118164,24.549999237060547,518700
2020-12-10,24.549999237060547,24.549999237060547,24.450000762939453,24.479999542236328,608700
2020-12-11,24.520000457763672,24.549999237060547,24.510000228881836,24.540000915527344,1017700
2020-12-14,24.40999984741211,24.5,24.399999618530273,24.469999313354492,455400
2020-12-15,24.420000076293945,24.450000762939453,24.3799991607666,24.389999389648438,853900
2020-12-16,24.329999923706055,24.459999084472656,24.31999969482422,24.360000610351562,749800
2020-12-17,24.219999313354492,24.239999771118164,24.190000534057617,24.229999542236328,922000
2020-12-18,24.270000457763672,24.299999237060547,24.25,24.260000228881836,898400
2020-12-21,24.3700008392334,24.3799991607666,24.260000228881836,24.309999465942383,618900
2020-12-22,24.34000015258789,24.450000762939453,24.34000015258789,24.440000534057617,1401500
2020-12-23,24.329999923706055,24.3799991607666,24.299999237060547,24.329999923706055,758600
2020-12-24,24.329999923706055,24.360000610351562,24.329999923706055,24.350000381469727,280500
2020-12-28,24.309999465942383,24.3700008392334,24.280000686645508,24.350000381469727,1036100
2020-12-29,24.270000457763672,24.290000915527344,24.219999313354492,24.270000457763672,1444700
2020-12-30,24.200000762939453,24.209999084472656,24.15999984741211,24.170000076293945,1463900
2020-12-31,24.170000076293945,24.270000457763672,24.170000076293945,24.239999771118164,801500
2021-01-04,24.1299991607666,24.260000228881836,24.1299991607666,24.260000228881836,1322800
2021-01-05,24.200000762939453,24.219999313354492,24.110000610351562,24.1200008392334,723300
2021-01-06,24.18000030517578,24.219999313354492,24.09000015258789,24.09000015258789,1042800
2021-01-07,24.209999084472656,24.270000457763672,24.209999084472656,24.229999542236328,1018000
2021-01-08,24.190000534057617,24.34000015258789,24.18000030517578,24.270000457763672,1677700
2021-01-11,24.440000534057617,24.469999313354492,24.3700008392334,24.420000076293945,1445200
2021-01-12,24.40999984741211,24.40999984741211,24.270000457763672,24.290000915527344,1360500
2021-01-13,24.360000610351562,24.389999389648438,24.31999969482422,24.3700008392334,956500
2021-01-14,24.40999984741211,24.420000076293945,24.280000686645508,24.31999969482422,614300
2021-01-15,24.420000076293945,24.479999542236328,24.40999984741211,24.479999542236328,1177500
2021-01-19,24.389999389648438,24.43000030517578,24.3799991607666,24.40999984741211,1408600
2021-01-20,24.43000030517578,24.459999084472656,24.3799991607666,24.399999618530273,489300
2021-01-21,24.329999923706055,24.350000381469727,24.280000686645508,24.290000915527344,803900
2021-01-22,24.350000381469727,24.350000381469727,24.299999237060547,24.34000015258789,847100
2021-01-25,24.350000381469727,24.40999984741211,24.34000015258789,24.3700008392334,580600
2021-01-26,24.329999923706055,24.350000381469727,24.290000915527344,24.299999237060547,857300
2021-01-27,24.40999984741211,24.510000228881836,24.389999389648438,24.450000762939453,982200
2021-01-28,24.420000076293945,24.43000030517578,24.3700008392334,24.389999389648438,663600
2021-01-29,24.3700008392334,24.43000030517578,24.3700008392334,24.420000076293945,876000
2021-02-01,24.479999542236328,24.549999237060547,24.469999313354492,24.540000915527344,2183100
2021-02-02,24.56999969482422,24.610000610351562,24.549999237060547,24.56999969482422,1459000
2021-02-03,24.579999923706055,24.610000610351562,24.559999465942383,24.559999465942383,1656900
2021-02-04,24.6299991607666,24.690000534057617,24.6299991607666,24.670000076293945,1394400
2021-02-05,24.59000015258789,24.600000381469727,24.530000686645508,24.530000686645508,1402500
2021-02-08,24.540000915527344,24.549999237060547,24.5,24.520000457763672,1732500
2021-02-09,24.420000076293945,24.440000534057617,24.3700008392334,24.389999389648438,2006900
2021-02-10,24.350000381469727,24.3799991607666,24.34000015258789,24.3799991607666,654000
2021-02-11,24.350000381469727,24.389999389648438,24.34000015258789,24.3700008392334,257000
2021-02-12,24.440000534057617,24.450000762939453,24.360000610351562,24.389999389648438,501800
2021-02-16,24.399999618530273,24.43000030517578,24.3700008392334,24.389999389648438,1107500
2021-02-17,24.510000228881836,24.540000915527344,24.489999771118164,24.489999771118164,937800
2021-02-18,24.43000030517578,24.479999542236328,24.399999618530273,24.40999984741211,585300
2021-02-19,24.350000381469727,24.3799991607666,24.31999969482422,24.350000381469727,1163300
2021-02-22,24.299999237060547,24.329999923706055,24.25,24.280000686645508,706800
2021-02-23,24.299999237060547,24.329999923706055,24.260000228881836,24.299999237060547,441600
2021-02-24,24.34000015258789,24.3799991607666,24.260000228881836,24.260000228881836,913600
2021-02-25,24.190000534057617,24.34000015258789,24.170000076293945,24.34000015258789,952200
2021-02-26,24.389999389648438,24.520000457763672,24.389999389648438,24.520000457763672,1347700
2021-03-01,24.5,24.559999465942383,24.5,24.540000915527344,2242400
2021-03-02,24.530000686645508,24.559999465942383,24.450000762939453,24.450000762939453,1381600
2021-03-03,24.530000686645508,24.540000915527344,24.469999313354492,24.520000457763672,1015200
2021-03-04,24.56999969482422,24.709999084472656,24.530000686645508,24.68000030517578,2128000
2021-03-05,24.739999771118164,24.809999465942383,24.729999542236328,24.770000457763672,2631000
2021-03-08,24.850000381469727,24.90999984741211,24.829999923706055,24.90999984741211,1656300
2021-03-09,24.799999237060547,24.81999969482422,24.770000457763672,24.770000457763672,1468100
2021-03-10,24.75,24.81999969482422,24.729999542236328,24.729999542236328,2050200
2021-03-11,24.700000762939453,24.739999771118164,24.610000610351562,24.610000610351562,1643300
2021-03-12,24.760000228881836,24.780000686645508,24.68000030517578,24.690000534057617,789100
2021-03-15,24.760000228881836,24.780000686645508,24.719999313354492,24.739999771118164,504500
2021-03-16,24.75,24.799999237060547,24.729999542236328,24.739999771118164,338800
2021-03-17,24.75,24.790000915527344,24.610000610351562,24.6200008392334,3055700
2021-03-18,24.739999771118164,24.770000457763672,24.690000534057617,24.770000457763672,901800
2021-03-19,24.809999465942383,24.84000015258789,24.760000228881836,24.780000686645508,2222500
2021-03-22,24.739999771118164,24.770000457763672,24.709999084472656,24.729999542236328,850600
2021-03-23,24.84000015258789,24.8799991607666,24.81999969482422,24.8799991607666,1252400
2021-03-24,24.93000030517578,24.950000762939453,24.889999389648438,24.940000534057617,1726800
2021-03-25,24.940000534057617,25.040000915527344,24.940000534057617,25.010000228881836,1476700
2021-03-26,25.0,25.010000228881836,24.959999084472656,24.979999542236328,654800
2021-03-29,24.989999771118164,25.040000915527344,24.969999313354492,25.040000915527344,1128400
2021-03-30,25.1200008392334,25.149999618530273,25.110000610351562,25.139999389648438,749900
2021-03-31,25.110000610351562,25.1200008392334,25.049999237060547,25.1200008392334,1381600
2021-04-01,25.049999237060547,25.09000015258789,25.010000228881836,25.010000228881836,1955700
2021-04-05,24.989999771118164,25.0,24.920000076293945,24.93000030517578,1704600
2021-04-06,24.90999984741211,24.920000076293945,24.860000610351562,24.8700008392334,1845900
2021-04-07,24.850000381469727,24.920000076293945,24.81999969482422,24.899999618530273,758900
2021-04-08,24.84000015258789,24.84000015258789,24.780000686645508,24.790000915527344,582000
2021-04-09,24.850000381469727,24.860000610351562,24.799999237060547,24.809999465942383,691200
2021-04-12,24.790000915527344,24.81999969482422,24.790000915527344,24.799999237060547,479900
2021-04-13,24.780000686645508,24.780000686645508,24.709999084472656,24.709999084472656,498700
2021-04-14,24.690000534057617,24.719999313354492,24.649999618530273,24.68000030517578,632200
2021-04-15,24.65999984741211,24.700000762939453,24.649999618530273,24.68000030517578,390300
2021-04-16,24.649999618530273,24.670000076293945,24.6299991607666,24.649999618530273,431700
2021-04-19,24.530000686645508,24.559999465942383,24.510000228881836,24.510000228881836,1068000
2021-04-20,24.520000457763672,24.56999969482422,24.5,24.549999237060547,827200
2021-04-21,24.600000381469727,24.6200008392334,24.520000457763672,24.520000457763672,417300
2021-04-22,24.549999237060547,24.610000610351562,24.549999237060547,24.59000015258789,358100
2021-04-23,24.479999542236328,24.530000686645508,24.440000534057617,24.450000762939453,567800
2021-04-26,24.479999542236328,24.489999771118164,24.43000030517578,24.450000762939453,802000
2021-04-27,24.469999313354492,24.489999771118164,24.440000534057617,24.459999084472656,364800
2021-04-28,24.5,24.510000228881836,24.3700008392334,24.3700008392334,472700
2021-04-29,24.389999389648438,24.43000030517578,24.3799991607666,24.3799991607666,266300
2021-04-30,24.450000762939453,24.579999923706055,24.450000762939453,24.579999923706055,1124700
2021-05-03,24.520000457763672,24.520000457763672,24.450000762939453,24.469999313354492,1026600
2021-05-04,24.549999237060547,24.59000015258789,24.530000686645508,24.579999923706055,1225600
2021-05-05,24.579999923706055,24.59000015258789,24.559999465942383,24.56999969482422,1427800
2021-05-06,24.5,24.5,24.450000762939453,24.450000762939453,476200
2021-05-07,24.3799991607666,24.399999618530273,24.270000457763672,24.270000457763672,1844700
2021-05-10,24.219999313354492,24.280000686645508,24.219999313354492,24.270000457763672,659600
2021-05-11,24.25,24.260000228881836,24.219999313354492,24.25,549500
2021-05-12,24.360000610351562,24.43000030517578,24.329999923706055,24.43000030517578,2379900
2021-05-13,24.40999984741211,24.450000762939453,24.3799991607666,24.389999389648438,450000
2021-05-14,24.309999465942383,24.31999969482422,24.290000915527344,24.290000915527344,638300
2021-05-17,24.299999237060547,24.309999465942383,24.25,24.260000228881836,251800
2021-05-18,24.149999618530273,24.190000534057617,24.139999389648438,24.149999618530273,673700
2021-05-19,24.200000762939453,24.290000915527344,24.139999389648438,24.260000228881836,1294600
2021-05-20,24.200000762939453,24.200000762939453,24.139999389648438,24.139999389648438,848700
2021-05-21,24.170000076293945,24.260000228881836,24.170000076293945,24.219999313354492,685900
2021-05-24,24.18000030517578,24.190000534057617,24.149999618530273,24.15999984741211,716000
2021-05-25,24.1299991607666,24.170000076293945,24.110000610351562,24.1299991607666,618800
2021-05-26,24.190000534057617,24.239999771118164,24.139999389648438,24.219999313354492,336300
2021-05-27,24.219999313354492,24.239999771118164,24.190000534057617,24.200000762939453,354600
2021-05-28,24.299999237060547,24.299999237060547,24.209999084472656,24.219999313354492,600300
2021-06-01,24.149999618530273,24.18000030517578,24.1200008392334,24.18000030517578,740200
2021-06-02,24.219999313354492,24.239999771118164,24.18000030517578,24.18000030517578,1497400
2021-06-03,24.280000686645508,24.360000610351562,24.280000686645508,24.329999923706055,2083200
2021-06-04,24.239999771118164,24.25,24.209999084472656,24.239999771118164,1383300
2021-06-07,24.209999084472656,24.229999542236328,24.18000030517578,24.200000762939453,842900
2021-06-08,24.239999771118164,24.25,24.209999084472656,24.229999542236328,691000
2021-06-09,24.170000076293945,24.260000228881836,24.15999984741211,24.25,814700
2021-06-10,24.290000915527344,24.290000915527344,24.200000762939453,24.229999542236328,769600
2021-06-11,24.299999237060547,24.3799991607666,24.299999237060547,24.350000381469727,1090100
2021-06-14,24.309999465942383,24.350000381469727,24.309999465942383,24.329999923706055,905900
2021-06-15,24.34000015258789,24.3700008392334,24.34000015258789,24.350000381469727,469600
2021-06-16,24.350000381469727,24.559999465942383,24.34000015258789,24.549999237060547,1917600
2021-06-17,24.65999984741211,24.75,24.639999389648438,24.739999771118164,1970500
2021-06-18,24.809999465942383,24.850000381469727,24.790000915527344,24.81999969482422,1275600
2021-06-21,24.739999771118164,24.760000228881836,24.690000534057617,24.700000762939453,655200
2021-06-22,24.729999542236328,24.760000228881836,24.649999618530273,24.65999984741211,454500
2021-06-23,24.6299991607666,24.709999084472656,24.610000610351562,24.700000762939453,1048400
2021-06-24,24.68000030517578,24.719999313354492,24.65999984741211,24.68000030517578,414200
2021-06-25,24.6299991607666,24.709999084472656,24.610000610351562,24.690000534057617,356900
2021-06-28,24.709999084472656,24.729999542236328,24.68000030517578,24.700000762939453,777600
2021-06-29,24.770000457763672,24.790000915527344,24.739999771118164,24.760000228881836,634300
2021-06-30,24.790000915527344,24.860000610351562,24.790000915527344,24.829999923706055,869600
2021-07-01,24.84000015258789,24.899999618530273,24.809999465942383,24.899999618530273,2239600
2021-07-02,24.8799991607666,24.899999618530273,24.790000915527344,24.799999237060547,1107400
2021-07-06,24.860000610351562,24.920000076293945,24.84000015258789,24.889999389648438,1152100
2021-07-07,24.899999618530273,24.969999313354492,24.8799991607666,24.93000030517578,699100
2021-07-08,24.81999969482422,24.860000610351562,24.809999465942383,24.829999923706055,1236800
2021-07-09,24.790000915527344,24.809999465942383,24.760000228881836,24.770000457763672,1252200
2021-07-12,24.81999969482422,24.81999969482422,24.770000457763672,24.799999237060547,426500
2021-07-13,24.90999984741211,24.950000762939453,24.850000381469727,24.950000762939453,1477500
2021-07-14,24.84000015258789,24.860000610351562,24.829999923706055,24.829999923706055,890100
2021-07-15,24.8799991607666,24.920000076293945,24.860000610351562,24.899999618530273,376900
2021-07-16,24.90999984741211,24.940000534057617,24.889999389648438,24.93000030517578,812600
2021-07-19,24.93000030517578,24.979999542236328,24.899999618530273,24.969999313354492,1113000
2021-07-20,25.040000915527344,25.049999237060547,24.989999771118164,25.0,1459200
2021-07-21,25.020000457763672,25.030000686645508,24.93000030517578,24.940000534057617,754900
2021-07-22,24.860000610351562,24.979999542236328,24.860000610351562,24.969999313354492,953500
2021-07-23,24.969999313354492,25.010000228881836,24.969999313354492,24.979999542236328,429200
2021-07-26,24.940000534057617,24.940000534057617,24.8700008392334,24.899999618530273,449400
2021-07-27,24.860000610351562,24.899999618530273,24.81999969482422,24.860000610351562,787300
2021-07-28,24.899999618530273,24.940000534057617,24.790000915527344,24.790000915527344,749500
2021-07-29,24.719999313354492,24.729999542236328,24.690000534057617,24.700000762939453,826200
2021-07-30,24.719999313354492,24.780000686645508,24.700000762939453,24.770000457763672,624000
2021-08-02,24.719999313354492,24.760000228881836,24.709999084472656,24.739999771118164,908000
2021-08-03,24.719999313354492,24.770000457763672,24.719999313354492,24.75,584100
2021-08-04,24.68000030517578,24.809999465942383,24.68000030517578,24.790000915527344,651900
2021-08-05,24.790000915527344,24.809999465942383,24.760000228881836,24.790000915527344,154500
2021-08-06,24.899999618530273,24.950000762939453,24.8799991607666,24.93000030517578,1315500
2021-08-09,24.920000076293945,24.989999771118164,24.920000076293945,24.979999542236328,432600
2021-08-10,25.030000686645508,25.030000686645508,25.0,25.0,868700
2021-08-11,24.959999084472656,24.989999771118164,24.93000030517578,24.950000762939453,993700
2021-08-12,24.979999542236328,25.0,24.969999313354492,24.979999542236328,178900
2021-08-13,24.90999984741211,24.93000030517578,24.84000015258789,24.860000610351562,741000
2021-08-16,24.860000610351562,24.889999389648438,24.850000381469727,24.8799991607666,487200
2021-08-17,24.959999084472656,25.030000686645508,24.959999084472656,25.030000686645508,1009400
2021-08-18,25.010000228881836,25.059999465942383,24.969999313354492,25.030000686645508,537400
2021-08-19,25.100000381469727,25.149999618530273,25.079999923706055,25.149999618530273,990400
2021-08-20,25.149999618530273,25.15999984741211,25.110000610351562,25.1200008392334,775600
2021-08-23,25.020000457763672,25.040000915527344,24.969999313354492,24.969999313354492,1123400
2021-08-24,24.979999542236328,25.0,24.93000030517578,24.950000762939453,1077100
2021-08-25,24.989999771118164,25.020000457763672,24.93000030517578,24.93000030517578,668400
2021-08-26,24.969999313354492,25.010000228881836,24.969999313354492,25.0,322000
2021-08-27,25.010000228881836,25.030000686645508,24.8799991607666,24.889999389648438,860300
2021-08-30,24.889999389648438,24.920000076293945,24.8799991607666,24.889999389648438,380200
2021-08-31,24.850000381469727,24.90999984741211,24.829999923706055,24.889999389648438,697100
2021-09-01,24.829999923706055,24.850000381469727,24.809999465942383,24.84000015258789,1026700
2021-09-02,24.809999465942383,24.829999923706055,24.770000457763672,24.780000686645508,806600
2021-09-03,24.719999313354492,24.75,24.700000762939453,24.729999542236328,726500
2021-09-07,24.81999969482422,24.860000610351562,24.799999237060547,24.850000381469727,452600
2021-09-08,24.899999618530273,24.940000534057617,24.8700008392334,24.889999389648438,1004800
2021-09-09,24.829999923706055,24.8799991607666,24.809999465942383,24.829999923706055,197600
2021-09-10,24.81999969482422,24.8799991607666,24.809999465942383,24.8700008392334,399600
2021-09-13,24.899999618530273,24.899999618530273,24.860000610351562,24.8700008392334,157500
2021-09-14,24.799999237060547,24.889999389648438,24.790000915527344,24.8700008392334,380500
2021-09-15,24.829999923706055,24.860000610351562,24.81999969482422,24.81999969482422,187700
2021-09-16,24.940000534057617,24.959999084472656,24.93000030517578,24.93000030517578,424200
2021-09-17,24.969999313354492,25.030000686645508,24.950000762939453,25.020000457763672,2018400
2021-09-20,25.049999237060547,25.059999465942383,25.010000228881836,25.030000686645508,1386000
2021-09-21,25.020000457763672,25.049999237060547,25.010000228881836,25.010000228881836,625000
2021-09-22,25.030000686645508,25.110000610351562,24.969999313354492,25.079999923706055,883600
2021-09-23,25.0,25.010000228881836,24.959999084472656,24.979999542236328,515700
2021-09-24,25.059999465942383,25.06999969482422,25.030000686645508,25.049999237060547,459200
2021-09-27,25.09000015258789,25.09000015258789,25.049999237060547,25.079999923706055,255500
2021-09-28,25.149999618530273,25.190000534057617,25.1299991607666,25.170000076293945,2258100
2021-09-29,25.25,25.350000381469727,25.239999771118164,25.350000381469727,843000
2021-09-30,25.329999923706055,25.350000381469727,25.270000457763672,25.309999465942383,777700
2021-10-01,25.229999542236328,25.280000686645508,25.229999542236328,25.260000228881836,1521900
2021-10-04,25.18000030517578,25.200000762939453,25.149999618530273,25.18000030517578,875100
2021-10-05,25.25,25.25,25.190000534057617,25.229999542236328,648000
2021-10-06,25.329999923706055,25.350000381469727,25.290000915527344,25.299999237060547,1121500
2021-10-07,25.290000915527344,25.299999237060547,25.260000228881836,25.290000915527344,480000
2021-10-08,25.25,25.290000915527344,25.239999771118164,25.270000457763672,383500
2021-10-11,25.280000686645508,25.34000015258789,25.260000228881836,25.34000015258789,1882400
2021-10-12,25.350000381469727,25.389999389648438,25.34000015258789,25.3700008392334,778800
2021-10-13,25.299999237060547,25.309999465942383,25.229999542236328,25.229999542236328,759800
2021-10-14,25.200000762939453,25.239999771118164,25.200000762939453,25.229999542236328,509000
2021-10-15,25.219999313354492,25.25,25.190000534057617,25.200000762939453,488200
2021-10-18,25.219999313354492,25.239999771118164,25.18000030517578,25.209999084472656,1630300
2021-10-19,25.1299991607666,25.170000076293945,25.110000610351562,25.149999618530273,968400
2021-10-20,25.139999389648438,25.15999984741211,25.09000015258789,25.110000610351562,780500
2021-10-21,25.110000610351562,25.170000076293945,25.100000381469727,25.170000076293945,538700
2021-10-22,25.1299991607666,25.15999984741211,25.100000381469727,25.1200008392334,378400
2021-10-25,25.170000076293945,25.190000534057617,25.15999984741211,25.15999984741211,354900
2021-10-26,25.15999984741211,25.229999542236328,25.15999984741211,25.209999084472656,784000
2021-10-27,25.15999984741211,25.200000762939453,25.139999389648438,25.200000762939453,336100
2021-10-28,25.1299991607666,25.1299991607666,25.020000457763672,25.049999237060547,567800
2021-10-29,25.1200008392334,25.299999237060547,25.1200008392334,25.25,799200
2021-11-01,25.239999771118164,25.25,25.170000076293945,25.170000076293945,2226100
2021-11-02,25.209999084472656,25.260000228881836,25.200000762939453,25.229999542236328,1107800
2021-11-03,25.25,25.270000457763672,25.15999984741211,25.170000076293945,1701600
2021-11-04,25.270000457763672,25.34000015258789,25.270000457763672,25.299999237060547,1068900
2021-11-05,25.329999923706055,25.3700008392334,25.270000457763672,25.280000686645508,636700
2021-11-08,25.25,25.260000228881836,25.209999084472656,25.229999542236328,604700
2021-11-09,25.209999084472656,25.25,25.18000030517578,25.200000762939453,305300
2021-11-10,25.260000228881836,25.469999313354492,25.239999771118164,25.469999313354492,1698500
2021-11-11,25.469999313354492,25.530000686645508,25.469999313354492,25.530000686645508,568000
2021-11-12,25.540000915527344,25.549999237060547,25.479999542236328,25.5,259500
2021-11-15,25.510000228881836,25.639999389648438,25.489999771118164,25.639999389648438,505600
2021-11-16,25.68000030517578,25.739999771118164,25.649999618530273,25.739999771118164,1412100
2021-11-17,25.719999313354492,25.75,25.670000076293945,25.690000534057617,683000
2021-11-18,25.670000076293945,25.690000534057617,25.6200008392334,25.6200008392334,708100
2021-11-19,25.700000762939453,25.760000228881836,25.690000534057617,25.75,678500
2021-11-22,25.850000381469727,25.889999389648438,25.809999465942383,25.8799991607666,1089500
2021-11-23,25.889999389648438,25.899999618530273,25.84000015258789,25.8700008392334,776400
2021-11-24,25.979999542236328,26.0,25.940000534057617,25.969999313354492,1009200
2021-11-26,25.809999465942383,25.81999969482422,25.739999771118164,25.770000457763672,1100400
2021-11-29,25.829999923706055,25.860000610351562,25.809999465942383,25.81999969482422,750000
2021-11-30,25.649999618530273,25.920000076293945,25.6200008392334,25.700000762939453,2115600
2021-12-01,25.700000762939453,25.780000686645508,25.649999618530273,25.770000457763672,1826900
2021-12-02,25.700000762939453,25.790000915527344,25.700000762939453,25.780000686645508,732400
2021-12-03,25.790000915527344,25.860000610351562,25.739999771118164,25.770000457763672,1324100
2021-12-06,25.799999237060547,25.850000381469727,25.790000915527344,25.809999465942383,682100
2021-12-07,25.889999389648438,25.889999389648438,25.809999465942383,25.81999969482422,2785100
2021-12-08,25.780000686645508,25.790000915527344,25.690000534057617,25.700000762939453,584500
2021-12-09,25.760000228881836,25.829999923706055,25.75,25.790000915527344,751800
2021-12-10,25.799999237060547,25.829999923706055,25.729999542236328,25.75,560700
2021-12-13,25.760000228881836,25.84000015258789,25.760000228881836,25.829999923706055,711700
2021-12-14,25.809999465942383,25.889999389648438,25.799999237060547,25.8799991607666,621700
2021-12-15,25.889999389648438,25.979999542236328,25.81999969482422,25.84000015258789,734900
2021-12-16,25.729999542236328,25.780000686645508,25.709999084472656,25.729999542236328,1118600
2021-12-17,25.760000228881836,25.90999984741211,25.760000228881836,25.90999984741211,545200
2021-12-20,25.850000381469727,25.889999389648438,25.829999923706055,25.8799991607666,1423000
2021-12-21,25.8700008392334,25.90999984741211,25.850000381469727,25.850000381469727,887000
2021-12-22,25.799999237060547,25.809999465942383,25.739999771118164,25.75,2101600
2021-12-23,25.809999465942383,25.809999465942383,25.729999542236328,25.729999542236328,2216500
2021-12-27,25.780000686645508,25.780000686645508,25.739999771118164,25.739999771118164,1344300
2021-12-28,25.760000228881836,25.809999465942383,25.75,25.770000457763672,820200
2021-12-29,25.739999771118164,25.739999771118164,25.65999984741211,25.700000762939453,1252000
2021-12-30,25.739999771118164,25.780000686645508,25.709999084472656,25.739999771118164,367600
2021-12-31,25.690000534057617,25.709999084472656,25.6200008392334,25.6299991607666,1161300
2022-01-03,25.739999771118164,25.809999465942383,25.739999771118164,25.790000915527344,3449500
2022-01-04,25.809999465942383,25.81999969482422,25.739999771118164,25.809999465942383,1310300
2022-01-05,25.719999313354492,25.790000915527344,25.690000534057617,25.780000686645508,1029900
2022-01-06,25.770000457763672,25.81999969482422,25.739999771118164,25.799999237060547,1398600
2022-01-07,25.739999771118164,25.75,25.639999389648438,25.65999984741211,540400
2022-01-10,25.770000457763672,25.780000686645508,25.700000762939453,25.719999313354492,1004300
2022-01-11,25.709999084472656,25.739999771118164,25.610000610351562,25.610000610351562,1311700
2022-01-12,25.530000686645508,25.530000686645508,25.43000030517578,25.440000534057617,3489200
2022-01-13,25.3700008392334,25.43000030517578,25.360000610351562,25.43000030517578,3801200
2022-01-14,25.440000534057617,25.530000686645508,25.420000076293945,25.5,2303000
2022-01-18,25.600000381469727,25.670000076293945,25.579999923706055,25.65999984741211,1940200
2022-01-19,25.59000015258789,25.6200008392334,25.56999969482422,25.600000381469727,1510100
2022-01-20,25.59000015258789,25.68000030517578,25.559999465942383,25.68000030517578,1033000
2022-01-21,25.579999923706055,25.6200008392334,25.579999923706055,25.610000610351562,1224500
2022-01-24,25.719999313354492,25.75,25.65999984741211,25.690000534057617,1946000
2022-01-25,25.760000228881836,25.780000686645508,25.690000534057617,25.700000762939453,1312800
2022-01-26,25.709999084472656,25.860000610351562,25.709999084472656,25.84000015258789,1583300
2022-01-27,26.010000228881836,26.06999969482422,25.979999542236328,26.059999465942383,1530300
2022-01-28,26.040000915527344,26.06999969482422,26.0,26.049999237060547,1791500
2022-01-31,25.969999313354492,25.989999771118164,25.850000381469727,25.8700008392334,2055800
2022-02-01,25.799999237060547,25.850000381469727,25.790000915527344,25.799999237060547,4019500
2022-02-02,25.700000762939453,25.739999771118164,25.68000030517578,25.700000762939453,4401600
2022-02-03,25.610000610351562,25.6200008392334,25.510000228881836,25.56999969482422,6514000
2022-02-04,25.600000381469727,25.6299991607666,25.540000915527344,25.549999237060547,2243900
2022-02-07,25.59000015258789,25.59000015258789,25.530000686645508,25.559999465942383,1159800
2022-02-08,25.59000015258789,25.6299991607666,25.579999923706055,25.600000381469727,1590900
2022-02-09,25.559999465942383,25.600000381469727,25.540000915527344,25.56999969482422,638800
2022-02-10,25.68000030517578,25.700000762939453,25.479999542236328,25.610000610351562,2931500
2022-02-11,25.65999984741211,25.739999771118164,25.610000610351562,25.719999313354492,2208700
2022-02-14,25.780000686645508,25.81999969482422,25.75,25.790000915527344,1933900
2022-02-15,25.729999542236328,25.780000686645508,25.68000030517578,25.690000534057617,1251000
2022-02-16,25.68000030517578,25.68000030517578,25.610000610351562,25.639999389648438,695200
2022-02-17,25.649999618530273,25.670000076293945,25.6200008392334,25.649999618530273,859500
2022-02-18,25.670000076293945,25.75,25.65999984741211,25.719999313354492,1144300
2022-02-22,25.709999084472656,25.729999542236328,25.670000076293945,25.729999542236328,1171700
2022-02-23,25.690000534057617,25.770000457763672,25.670000076293945,25.760000228881836,1214300
2022-02-24,26.040000915527344,26.15999984741211,25.940000534057617,25.969999313354492,4162400
2022-02-25,25.93000030517578,25.940000534057617,25.84000015258789,25.84000015258789,1293400
2022-02-28,25.93000030517578,25.93000030517578,25.860000610351562,25.8799991607666,1352500
2022-03-01,26.0,26.1200008392334,25.979999542236328,26.079999923706055,2498000
2022-03-02,26.1200008392334,26.190000534057617,26.040000915527344,26.059999465942383,1451400
2022-03-03,26.1299991607666,26.219999313354492,26.110000610351562,26.15999984741211,1780800
2022-03-04,26.450000762939453,26.469999313354492,26.360000610351562,26.360000610351562,3212400
2022-03-07,26.43000030517578,26.579999923706055,26.420000076293945,26.549999237060547,2507900
2022-03-08,26.5,26.56999969482422,26.40999984741211,26.5,1497200
2022-03-09,26.25,26.309999465942383,26.190000534057617,26.239999771118164,1594900
2022-03-10,26.309999465942383,26.3799991607666,26.290000915527344,26.3700008392334,1098000
2022-03-11,26.389999389648438,26.559999465942383,26.360000610351562,26.510000228881836,1661300
2022-03-14,26.459999084472656,26.510000228881836,26.399999618530273,26.5,1739500
2022-03-15,26.399999618530273,26.520000457763672,26.3700008392334,26.469999313354492,762600
2022-03-16,26.3700008392334,26.5,26.280000686645508,26.280000686645508,1958400
2022-03-17,26.270000457763672,26.290000915527344,26.1299991607666,26.219999313354492,3088600
2022-03-18,26.360000610351562,26.3700008392334,26.239999771118164,26.25,913700
2022-03-21,26.270000457763672,26.350000381469727,26.25,26.350000381469727,1232300
2022-03-22,26.31999969482422,26.360000610351562,26.290000915527344,26.34000015258789,928500
2022-03-23,26.40999984741211,26.440000534057617,26.360000610351562,26.3700008392334,465600
2022-03-24,26.43000030517578,26.459999084472656,26.3700008392334,26.399999618530273,1666300
2022-03-25,26.389999389648438,26.43000030517578,26.350000381469727,26.40999984741211,599200
2022-03-28,26.559999465942383,26.559999465942383,26.459999084472656,26.489999771118164,1086700
2022-03-29,26.25,26.350000381469727,26.209999084472656,26.329999923706055,1542200
2022-03-30,26.170000076293945,26.200000762939453,26.1299991607666,26.190000534057617,3972300
2022-03-31,26.280000686645508,26.31999969482422,26.190000534057617,26.299999237060547,1679100
2022-04-01,26.3700008392334,26.399999618530273,26.34000015258789,26.34000015258789,1824200
2022-04-04,26.43000030517578,26.479999542236328,26.40999984741211,26.459999084472656,1158100
2022-04-05,26.450000762939453,26.600000381469727,26.420000076293945,26.600000381469727,2081500
2022-04-06,26.559999465942383,26.68000030517578,26.549999237060547,26.6200008392334,1653400
2022-04-07,26.600000381469727,26.690000534057617,26.579999923706055,26.670000076293945,880400
2022-04-08,26.75,26.780000686645508,26.65999984741211,26.670000076293945,1706700
2022-04-11,26.719999313354492,26.739999771118164,26.690000534057617,26.729999542236328,797200
2022-04-12,26.709999084472656,26.81999969482422,26.690000534057617,26.81999969482422,1410200
2022-04-13,26.860000610351562,26.8700008392334,26.68000030517578,26.709999084472656,2906500
2022-04-14,26.799999237060547,26.93000030517578,26.799999237060547,26.829999923706055,1525700
2022-04-18,26.8799991607666,26.959999084472656,26.860000610351562,26.940000534057617,1149000
2022-04-19,26.989999771118164,27.010000228881836,26.950000762939453,27.0,1498500
2022-04-20,26.84000015258789,26.860000610351562,26.790000915527344,26.809999465942383,1235200
2022-04-21,26.770000457763672,26.90999984741211,26.75,26.889999389648438,2180300
2022-04-22,26.979999542236328,27.09000015258789,26.969999313354492,27.049999237060547,1207300
2022-04-25,27.18000030517578,27.229999542236328,27.149999618530273,27.18000030517578,2316400
2022-04-26,27.25,27.360000610351562,27.239999771118164,27.350000381469727,2241400
2022-04-27,27.549999237060547,27.610000610351562,27.479999542236328,27.520000457763672,3872300
2022-04-28,27.719999313354492,27.770000457763672,27.670000076293945,27.68000030517578,2427100
2022-04-29,27.600000381469727,27.6200008392334,27.479999542236328,27.56999969482422,3029200
2022-05-02,27.68000030517578,27.739999771118164,27.6200008392334,27.709999084472656,2294100
2022-05-03,27.579999923706055,27.690000534057617,27.559999465942383,27.65999984741211,2199600
2022-05-04,27.600000381469727,27.709999084472656,27.389999389648438,27.43000030517578,10608800
2022-05-05,27.600000381469727,27.790000915527344,27.600000381469727,27.65999984741211,3165300
2022-05-06,27.6299991607666,27.739999771118164,27.600000381469727,27.709999084472656,2506400
2022-05-09,27.739999771118164,27.809999465942383,27.639999389648438,27.719999313354492,3017700
2022-05-10,27.700000762939453,27.799999237060547,27.700000762939453,27.780000686645508,10162000
2022-05-11,27.709999084472656,27.809999465942383,27.6299991607666,27.809999465942383,2300200
2022-05-12,27.920000076293945,28.049999237060547,27.889999389648438,28.049999237060547,3214900
2022-05-13,28.06999969482422,28.06999969482422,27.93000030517578,27.969999313354492,2855600
2022-05-16,27.93000030517578,27.969999313354492,27.84000015258789,27.860000610351562,1721900
2022-05-17,27.670000076293945,27.690000534057617,27.610000610351562,27.6299991607666,7703800
2022-05-18,27.690000534057617,27.780000686645508,27.6299991607666,27.770000457763672,2184000
2022-05-19,27.559999465942383,27.559999465942383,27.440000534057617,27.479999542236328,6258400
2022-05-20,27.530000686645508,27.610000610351562,27.520000457763672,27.540000915527344,2677600
2022-05-23,27.350000381469727,27.3700008392334,27.270000457763672,27.290000915527344,3716700
2022-05-24,27.260000228881836,27.270000457763672,27.15999984741211,27.209999084472656,3642500
2022-05-25,27.329999923706055,27.3700008392334,27.260000228881836,27.309999465942383,1545200
2022-05-26,27.260000228881836,27.280000686645508,27.200000762939453,27.219999313354492,1289400
2022-05-27,27.18000030517578,27.239999771118164,27.1200008392334,27.15999984741211,2677900
2022-05-31,27.239999771118164,27.290000915527344,27.170000076293945,27.209999084472656,2716100
2022-06-01,27.239999771118164,27.459999084472656,27.229999542236328,27.420000076293945,3746400
2022-06-02,27.290000915527344,27.329999923706055,27.18000030517578,27.18000030517578,6241000
2022-06-03,27.25,27.329999923706055,27.209999084472656,27.299999237060547,5713900
2022-06-06,27.290000915527344,27.389999389648438,27.280000686645508,27.360000610351562,2805900
2022-06-07,27.459999084472656,27.459999084472656,27.31999969482422,27.329999923706055,1496600
2022-06-08,27.360000610351562,27.40999984741211,27.329999923706055,27.40999984741211,1002500
2022-06-09,27.43000030517578,27.6200008392334,27.399999618530273,27.610000610351562,4253600
2022-06-10,27.780000686645508,27.850000381469727,27.770000457763672,27.829999923706055,2510900
2022-06-13,28.0,28.1299991607666,27.969999313354492,28.100000381469727,6183800
2022-06-14,28.040000915527344,28.209999084472656,28.030000686645508,28.15999984741211,4136500
2022-06-15,28.100000381469727,28.209999084472656,27.920000076293945,27.940000534057617,5882000
2022-06-16,27.8799991607666,27.959999084472656,27.59000015258789,27.670000076293945,4908000
2022-06-17,27.90999984741211,28.049999237060547,27.899999618530273,27.950000762939453,2106900
2022-06-21,27.84000015258789,27.899999618530273,27.790000915527344,27.850000381469727,2527800
2022-06-22,27.850000381469727,27.850000381469727,27.709999084472656,27.809999465942383,1780800
2022-06-23,27.850000381469727,27.90999984741211,27.770000457763672,27.84000015258789,2163500
2022-06-24,27.81999969482422,27.850000381469727,27.739999771118164,27.780000686645508,1427100
2022-06-27,27.739999771118164,27.760000228881836,27.65999984741211,27.729999542236328,1464900
2022-06-28,27.860000610351562,27.90999984741211,27.829999923706055,27.889999389648438,1676900
2022-06-29,27.959999084472656,28.059999465942383,27.950000762939453,28.049999237060547,2025400
2022-06-30,28.06999969482422,28.09000015258789,27.93000030517578,27.959999084472656,2113500
2022-07-01,28.139999389648438,28.209999084472656,28.040000915527344,28.049999237060547,2964500
2022-07-05,28.450000762939453,28.520000457763672,28.40999984741211,28.450000762939453,3325500
2022-07-06,28.559999465942383,28.649999618530273,28.530000686645508,28.579999923706055,4650600
2022-07-07,28.579999923706055,28.639999389648438,28.530000686645508,28.59000015258789,2323700
2022-07-08,28.600000381469727,28.670000076293945,28.530000686645508,28.56999969482422,1736300
2022-07-11,28.860000610351562,28.920000076293945,28.799999237060547,28.899999618530273,4233500
2022-07-12,28.889999389648438,28.90999984741211,28.799999237060547,28.889999389648438,1586700
2022-07-13,28.950000762939453,28.969999313354492,28.700000762939453,28.829999923706055,1624200
2022-07-14,29.139999389648438,29.200000762939453,28.950000762939453,29.030000686645508,3071100
2022-07-15,28.93000030517578,28.959999084472656,28.81999969482422,28.860000610351562,2392000
2022-07-18,28.68000030517578,28.709999084472656,28.540000915527344,28.700000762939453,3623300
2022-07-19,28.479999542236328,28.530000686645508,28.43000030517578,28.520000457763672,3228200
2022-07-20,28.489999771118164,28.65999984741211,28.479999542236328,28.600000381469727,2222100
2022-07-21,28.639999389648438,28.670000076293945,28.520000457763672,28.520000457763672,2831800
2022-07-22,28.520000457763672,28.530000686645508,28.350000381469727,28.479999542236328,3151300
2022-07-25,28.389999389648438,28.489999771118164,28.3799991607666,28.440000534057617,2012600
2022-07-26,28.579999923706055,28.65999984741211,28.579999923706055,28.65999984741211,2452400
2022-07-27,28.600000381469727,28.700000762939453,28.389999389648438,28.420000076293945,4947700
2022-07-28,28.440000534057617,28.540000915527344,28.389999389648438,28.399999618530273,2361500
2022-07-29,28.459999084472656,28.5,28.290000915527344,28.290000915527344,5538600
2022-08-01,28.190000534057617,28.219999313354492,28.1200008392334,28.18000030517578,5826900
2022-08-02,28.25,28.40999984741211,28.209999084472656,28.360000610351562,15058800
2022-08-03,28.40999984741211,28.549999237060547,28.399999618530273,28.440000534057617,2811300
2022-08-04,28.43000030517578,28.450000762939453,28.239999771118164,28.260000228881836,2536100
2022-08-05,28.540000915527344,28.559999465942383,28.459999084472656,28.5,3199400
2022-08-08,28.43000030517578,28.469999313354492,28.360000610351562,28.459999084472656,2802800
2022-08-09,28.360000610351562,28.450000762939453,28.350000381469727,28.43000030517578,1437600
2022-08-10,28.1200008392334,28.15999984741211,27.979999542236328,28.1200008392334,6198200
2022-08-11,28.030000686645508,28.139999389648438,27.979999542236328,28.139999389648438,2888900
2022-08-12,28.229999542236328,28.31999969482422,28.209999084472656,28.25,3069800
2022-08-15,28.34000015258789,28.5,28.34000015258789,28.5,4475400
2022-08-16,28.540000915527344,28.540000915527344,28.43000030517578,28.489999771118164,3038700
2022-08-17,28.540000915527344,28.579999923706055,28.459999084472656,28.530000686645508,2704800
2022-08-18,28.579999923706055,28.790000915527344,28.579999923706055,28.75,2970300
2022-08-19,28.90999984741211,28.959999084472656,28.889999389648438,28.93000030517578,3143700
2022-08-22,29.010000228881836,29.200000762939453,29.010000228881836,29.170000076293945,4688200
2022-08-23,29.15999984741211,29.170000076293945,28.93000030517578,29.049999237060547,14555300
2022-08-24,29.170000076293945,29.209999084472656,29.0,29.06999969482422,4544400
2022-08-25,29.059999465942383,29.100000381469727,28.979999542236328,29.020000457763672,2440300
2022-08-26,28.860000610351562,29.149999618530273,28.799999237060547,29.1299991607666,2743800
2022-08-29,29.1200008392334,29.18000030517578,29.059999465942383,29.139999389648438,3902000
2022-08-30,29.06999969482422,29.219999313354492,29.049999237060547,29.1299991607666,2619700
2022-08-31,29.200000762939453,29.219999313354492,29.030000686645508,29.110000610351562,2497800
2022-09-01,29.290000915527344,29.469999313354492,29.270000457763672,29.3700008392334,4864200
2022-09-02,29.25,29.389999389648438,29.18000030517578,29.3799991607666,2678200
2022-09-06,29.530000686645508,29.6299991607666,29.469999313354492,29.549999237060547,15048800
2022-09-07,29.639999389648438,29.649999618530273,29.34000015258789,29.34000015258789,3382800
2022-09-08,29.469999313354492,29.510000228881836,29.3700008392334,29.399999618530273,2431100
2022-09-09,29.200000762939453,29.229999542236328,29.149999618530273,29.190000534057617,3388900
2022-09-12,29.030000686645508,29.059999465942383,28.950000762939453,29.040000915527344,3580900
2022-09-13,29.309999465942383,29.459999084472656,29.25,29.440000534057617,7862100
2022-09-14,29.360000610351562,29.420000076293945,29.309999465942383,29.3799991607666,2120700
2022-09-15,29.40999984741211,29.43000030517578,29.350000381469727,29.399999618530273,2349500
2022-09-16,29.5,29.520000457763672,29.34000015258789,29.399999618530273,3646500
2022-09-19,29.5,29.510000228881836,29.360000610351562,29.3799991607666,1741700
2022-09-20,29.530000686645508,29.559999465942383,29.459999084472656,29.520000457763672,2065100
2022-09-21,29.65999984741211,29.920000076293945,29.639999389648438,29.809999465942383,4722000
2022-09-22,29.770000457763672,29.889999389648438,29.729999542236328,29.850000381469727,2584200
2022-09-23,30.049999237060547,30.3700008392334,30.049999237060547,30.31999969482422,4964300
2022-09-26,30.440000534057617,30.700000762939453,30.389999389648438,30.65999984741211,7721000
2022-09-27,30.59000015258789,30.760000228881836,30.520000457763672,30.670000076293945,7688600
2022-09-28,30.700000762939453,30.729999542236328,30.229999542236328,30.270000457763672,9864700
2022-09-29,30.309999465942383,30.360000610351562,30.1200008392334,30.149999618530273,6257300
2022-09-30,30.270000457763672,30.270000457763672,30.09000015258789,30.149999618530273,4762000
2022-10-03,30.170000076293945,30.219999313354492,29.959999084472656,30.010000228881836,3432000
2022-10-04,29.81999969482422,29.84000015258789,29.579999923706055,29.600000381469727,12310600
2022-10-05,29.920000076293945,30.030000686645508,29.84000015258789,29.8799991607666,4949000
2022-10-06,30.059999465942383,30.200000762939453,30.0,30.18000030517578,3243700
2022-10-07,30.239999771118164,30.34000015258789,30.15999984741211,30.299999237060547,4733000
2022-10-10,30.420000076293945,30.479999542236328,30.31999969482422,30.43000030517578,4099600
2022-10-11,30.40999984741211,30.489999771118164,30.209999084472656,30.450000762939453,4843100
2022-10-12,30.459999084472656,30.530000686645508,30.3799991607666,30.450000762939453,2466400
2022-10-13,30.559999465942383,30.579999923706055,30.139999389648438,30.25,7358300
2022-10-14,30.329999923706055,30.489999771118164,30.309999465942383,30.459999084472656,3993800
2022-10-17,30.25,30.270000457763672,30.09000015258789,30.149999618530273,4010000
2022-10-18,30.079999923706055,30.229999542236328,30.059999465942383,30.1299991607666,5326500
2022-10-19,30.309999465942383,30.40999984741211,30.270000457763672,30.350000381469727,3372900
2022-10-20,30.309999465942383,30.399999618530273,30.15999984741211,30.3700008392334,3437500
2022-10-21,30.469999313354492,30.489999771118164,30.049999237060547,30.110000610351562,6352400
2022-10-24,30.209999084472656,30.229999542236328,30.06999969482422,30.139999389648438,3132200
2022-10-25,29.950000762939453,29.950000762939453,29.790000915527344,29.809999465942383,5338900
2022-10-26,29.690000534057617,29.690000534057617,29.479999542236328,29.5,7681000
2022-10-27,29.68000030517578,29.75,29.530000686645508,29.729999542236328,4312800
2022-10-28,29.780000686645508,29.8700008392334,29.739999771118164,29.780000686645508,2480000
2022-10-31,29.979999542236328,30.049999237060547,29.959999084472656,30.030000686645508,2920800
2022-11-01,29.84000015258789,30.079999923706055,29.81999969482422,30.020000457763672,3313600
2022-11-02,29.920000076293945,30.149999618530273,29.700000762939453,30.149999618530273,5314900
2022-11-03,30.399999618530273,30.43000030517578,30.270000457763672,30.399999618530273,8854500
2022-11-04,30.030000686645508,30.1299991607666,29.799999237060547,29.829999923706055,5481400
2022-11-07,29.709999084472656,29.770000457763672,29.6200008392334,29.65999984741211,3220200
2022-11-08,29.690000534057617,29.700000762939453,29.440000534057617,29.530000686645508,4722300
2022-11-09,29.68000030517578,29.799999237060547,29.540000915527344,29.75,2870800
2022-11-10,29.260000228881836,29.299999237060547,29.06999969482422,29.06999969482422,10429200
2022-11-11,28.809999465942383,28.899999618530273,28.610000610351562,28.649999618530273,8430900
2022-11-14,28.829999923706055,28.8700008392334,28.700000762939453,28.780000686645508,6588500
2022-11-15,28.549999237060547,28.850000381469727,28.520000457763672,28.68000030517578,5245200
2022-11-16,28.600000381469727,28.719999313354492,28.579999923706055,28.6200008392334,2510600
2022-11-17,28.829999923706055,28.8799991607666,28.729999542236328,28.729999542236328,3651700
2022-11-18,28.75,28.84000015258789,28.700000762939453,28.809999465942383,3321400
2022-11-21,29.030000686645508,29.110000610351562,29.0,29.059999465942383,3623300
2022-11-22,28.969999313354492,28.989999771118164,28.8700008392334,28.8799991607666,3115900
2022-11-23,28.799999237060547,28.809999465942383,28.56999969482422,28.579999923706055,4713200
2022-11-25,28.65999984741211,28.690000534057617,28.56999969482422,28.579999923706055,1306400
2022-11-28,28.559999465942383,28.799999237060547,28.530000686645508,28.790000915527344,2833000
2022-11-29,28.799999237060547,28.84000015258789,28.700000762939453,28.84000015258789,1322500
2022-11-30,28.719999313354492,28.920000076293945,28.540000915527344,28.610000610351562,4062300
2022-12-01,28.309999465942383,28.3799991607666,28.239999771118164,28.260000228881836,6989500
2022-12-02,28.360000610351562,28.440000534057617,28.200000762939453,28.229999542236328,3845600
2022-12-05,28.25,28.469999313354492,28.219999313354492,28.459999084472656,5149200
2022-12-06,28.399999618530273,28.530000686645508,28.34000015258789,28.479999542236328,4039400
2022-12-07,28.3700008392334,28.459999084472656,28.350000381469727,28.389999389648438,2869900
2022-12-08,28.360000610351562,28.399999618530273,28.290000915527344,28.299999237060547,2483300
2022-12-09,28.34000015258789,28.389999389648438,28.229999542236328,28.360000610351562,2643000
2022-12-12,28.34000015258789,28.450000762939453,28.290000915527344,28.3799991607666,4195200
2022-12-13,28.030000686645508,28.149999618530273,28.020000457763672,28.1299991607666,9962200
2022-12-14,28.09000015258789,28.170000076293945,27.950000762939453,28.0,5789100
2022-12-15,28.059999465942383,28.350000381469727,28.040000915527344,28.260000228881836,9086600
2022-12-16,28.280000686645508,28.329999923706055,28.200000762939453,28.309999465942383,5050300
2022-12-19,28.030000686645508,28.1200008392334,27.989999771118164,28.06999969482422,5859400
2022-12-20,27.920000076293945,27.940000534057617,27.809999465942383,27.8799991607666,3683600
2022-12-21,27.920000076293945,27.989999771118164,27.8700008392334,27.950000762939453,4431800
2022-12-22,28.0,28.059999465942383,27.969999313354492,27.989999771118164,2743500
2022-12-23,28.010000228881836,28.049999237060547,27.950000762939453,27.979999542236328,1852300
2022-12-27,28.0,28.010000228881836,27.920000076293945,27.969999313354492,3022400
2022-12-28,27.920000076293945,28.06999969482422,27.8799991607666,28.06999969482422,1992100
2022-12-29,27.950000762939453,27.979999542236328,27.8700008392334,27.899999618530273,2110500
2022-12-30,27.860000610351562,27.93000030517578,27.770000457763672,27.809999465942383,3437100
2023-01-03,28.06999969482422,28.15999984741211,27.989999771118164,28.110000610351562,4482600
2023-01-04,27.969999313354492,28.06999969482422,27.940000534057617,28.010000228881836,1979100
2023-01-05,28.200000762939453,28.299999237060547,28.190000534057617,28.270000457763672,3417800
2023-01-06,28.260000228881836,28.329999923706055,27.899999618530273,27.899999618530273,3794000
2023-01-09,27.780000686645508,27.790000915527344,27.65999984741211,27.729999542236328,9855100
2023-01-10,27.729999542236328,27.790000915527344,27.690000534057617,27.75,1670000
2023-01-11,27.739999771118164,27.809999465942383,27.719999313354492,27.75,1929800
2023-01-12,27.56999969482422,27.75,27.440000534057617,27.479999542236328,4370500
2023-01-13,27.549999237060547,27.559999465942383,27.459999084472656,27.469999313354492,2049500
2023-01-17,27.440000534057617,27.579999923706055,27.40999984741211,27.549999237060547,2566900
2023-01-18,27.329999923706055,27.56999969482422,27.309999465942383,27.549999237060547,3212900
2023-01-19,27.5,27.56999969482422,27.440000534057617,27.479999542236328,2509100
2023-01-20,27.559999465942383,27.600000381469727,27.440000534057617,27.440000534057617,2634900
2023-01-23,27.510000228881836,27.530000686645508,27.440000534057617,27.479999542236328,3615600
2023-01-24,27.489999771118164,27.579999923706055,27.43000030517578,27.450000762939453,1754000
2023-01-25,27.440000534057617,27.469999313354492,27.350000381469727,27.360000610351562,2230900
2023-01-26,27.399999618530273,27.520000457763672,27.389999389648438,27.43000030517578,2657100
2023-01-27,27.520000457763672,27.540000915527344,27.440000534057617,27.469999313354492,2554400
2023-01-30,27.479999542236328,27.56999969482422,27.450000762939453,27.56999969482422,3006500
2023-01-31,27.549999237060547,27.610000610351562,27.5,27.510000228881836,2126300
2023-02-01,27.43000030517578,27.510000228881836,27.219999313354492,27.25,7138000
2023-02-02,27.31999969482422,27.479999542236328,27.309999465942383,27.43000030517578,4302100
2023-02-03,27.649999618530273,27.790000915527344,27.600000381469727,27.790000915527344,7868200
2023-02-06,27.899999618530273,28.010000228881836,27.8700008392334,27.950000762939453,6884400
2023-02-07,28.010000228881836,28.059999465942383,27.790000915527344,27.899999618530273,4282800
2023-02-08,27.8799991607666,27.940000534057617,27.860000610351562,27.93000030517578,1416500
2023-02-09,27.709999084472656,27.889999389648438,27.709999084472656,27.889999389648438,3609000
2023-02-10,27.899999618530273,28.010000228881836,27.8799991607666,27.979999542236328,3201800
2023-02-13,27.989999771118164,28.0,27.8799991607666,27.899999618530273,2010600
2023-02-14,27.920000076293945,27.969999313354492,27.780000686645508,27.8799991607666,3456700
2023-02-15,28.09000015258789,28.139999389648438,28.059999465942383,28.06999969482422,4805900
2023-02-16,28.139999389648438,28.18000030517578,28.059999465942383,28.110000610351562,4101800
2023-02-17,28.190000534057617,28.229999542236328,28.06999969482422,28.09000015258789,4187800
2023-02-21,28.1299991607666,28.200000762939453,28.059999465942383,28.18000030517578,2532000
2023-02-22,28.18000030517578,28.290000915527344,28.139999389648438,28.270000457763672,1745200
2023-02-23,28.270000457763672,28.350000381469727,28.25,28.280000686645508,4056600
2023-02-24,28.489999771118164,28.5,28.440000534057617,28.489999771118164,4869300
2023-02-27,28.3799991607666,28.399999618530273,28.290000915527344,28.34000015258789,3470300
2023-02-28,28.309999465942383,28.420000076293945,28.260000228881836,28.420000076293945,4060400
2023-03-01,28.260000228881836,28.34000015258789,28.219999313354492,28.270000457763672,3932300
2023-03-02,28.459999084472656,28.489999771118164,28.399999618530273,28.420000076293945,3976200
2023-03-03,28.3700008392334,28.450000762939453,28.299999237060547,28.309999465942383,2795100
2023-03-06,28.280000686645508,28.309999465942383,28.209999084472656,28.270000457763672,4169000
2023-03-07,28.350000381469727,28.6299991607666,28.34000015258789,28.6200008392334,4149300
2023-03-08,28.610000610351562,28.670000076293945,28.549999237060547,28.610000610351562,3127600
2023-03-09,28.549999237060547,28.559999465942383,28.5,28.530000686645508,2749300
2023-03-10,28.350000381469727,28.3700008392334,28.200000762939453,28.350000381469727,5632800
2023-03-13,28.15999984741211,28.190000534057617,28.059999465942383,28.09000015258789,5300200
2023-03-14,28.110000610351562,28.200000762939453,28.079999923706055,28.09000015258789,3386400
2023-03-15,28.469999313354492,28.510000228881836,28.3799991607666,28.389999389648438,5141900
2023-03-16,28.389999389648438,28.40999984741211,28.309999465942383,28.360000610351562,2670100
2023-03-17,28.290000915527344,28.329999923706055,28.149999618530273,28.200000762939453,2192400
2023-03-20,28.059999465942383,28.09000015258789,28.040000915527344,28.040000915527344,2226300
2023-03-21,27.989999771118164,28.06999969482422,27.969999313354492,28.030000686645508,2354900
2023-03-22,27.989999771118164,28.040000915527344,27.709999084472656,27.81999969482422,5645600
2023-03-23,27.780000686645508,27.889999389648438,27.729999542236328,27.860000610351562,3328800
2023-03-24,28.0,28.059999465942383,28.0,28.030000686645508,2368700
2023-03-27,27.989999771118164,28.0,27.940000534057617,27.940000534057617,1910500
2023-03-28,27.8799991607666,27.920000076293945,27.829999923706055,27.84000015258789,2077200
2023-03-29,27.90999984741211,27.950000762939453,27.8700008392334,27.90999984741211,1684100
2023-03-30,27.780000686645508,27.809999465942383,27.760000228881836,27.780000686645508,1006600
2023-03-31,27.84000015258789,27.899999618530273,27.790000915527344,27.8799991607666,2569800
2023-04-03,27.829999923706055,27.860000610351562,27.739999771118164,27.75,1753500
2023-04-04,27.75,27.760000228881836,27.600000381469727,27.639999389648438,2610700
2023-04-05,27.649999618530273,27.760000228881836,27.59000015258789,27.719999313354492,2528900
2023-04-06,27.790000915527344,27.799999237060547,27.690000534057617,27.739999771118164,2156600
2023-04-10,27.93000030517578,27.979999542236328,27.899999618530273,27.899999618530273,1882500
2023-04-11,27.790000915527344,27.850000381469727,27.770000457763672,27.799999237060547,785100
2023-04-12,27.649999618530273,27.700000762939453,27.6200008392334,27.649999618530273,2645600
2023-04-13,27.5,27.530000686645508,27.459999084472656,27.520000457763672,2468300
2023-04-14,27.56999969482422,27.719999313354492,27.559999465942383,27.68000030517578,2777400
2023-04-17,27.780000686645508,27.860000610351562,27.760000228881836,27.81999969482422,2011700
2023-04-18,27.770000457763672,27.790000915527344,27.719999313354492,27.719999313354492,1713400
2023-04-19,27.760000228881836,27.799999237060547,27.729999542236328,27.780000686645508,2011200
2023-04-20,27.760000228881836,27.780000686645508,27.709999084472656,27.780000686645508,1992300
2023-04-21,27.739999771118164,27.860000610351562,27.729999542236328,27.75,1885500
2023-04-24,27.709999084472656,27.729999542236328,27.639999389648438,27.65999984741211,1424500
2023-04-25,27.719999313354492,27.81999969482422,27.719999313354492,27.790000915527344,2056500
2023-04-26,27.56999969482422,27.709999084472656,27.559999465942383,27.700000762939453,2395100
2023-04-27,27.770000457763672,27.790000915527344,27.690000534057617,27.709999084472656,1971100
2023-04-28,27.799999237060547,27.84000015258789,27.700000762939453,27.75,3285800
2023-05-01,27.770000457763672,27.90999984741211,27.770000457763672,27.889999389648438,3558800
2023-05-02,27.93000030517578,27.969999313354492,27.809999465942383,27.81999969482422,7964800
2023-05-03,27.719999313354492,27.739999771118164,27.600000381469727,27.670000076293945,3155000
2023-05-04,27.700000762939453,27.75,27.649999618530273,27.700000762939453,3589400
2023-05-05,27.75,27.770000457763672,27.639999389648438,27.65999984741211,2238100
2023-05-08,27.6299991607666,27.709999084472656,27.6200008392334,27.700000762939453,1426500
2023-05-09,27.809999465942383,27.829999923706055,27.760000228881836,27.790000915527344,1240200
2023-05-10,27.709999084472656,27.780000686645508,27.690000534057617,27.739999771118164,1378900
2023-05-11,27.8799991607666,27.940000534057617,27.860000610351562,27.920000076293945,3647200
2023-05-12,27.969999313354492,28.100000381469727,27.959999084472656,28.100000381469727,2961100
2023-05-15,28.049999237060547,28.06999969482422,28.020000457763672,28.020000457763672,1000300
2023-05-16,28.049999237060547,28.110000610351562,28.0,28.09000015258789,2215200
2023-05-17,28.149999618530273,28.219999313354492,28.1299991607666,28.139999389648438,1376300
2023-05-18,28.290000915527344,28.3700008392334,28.290000915527344,28.350000381469727,2358100
2023-05-19,28.299999237060547,28.34000015258789,28.209999084472656,28.270000457763672,1897300
2023-05-22,28.290000915527344,28.31999969482422,28.25,28.290000915527344,1093400
2023-05-23,28.360000610351562,28.399999618530273,28.309999465942383,28.3700008392334,925500
2023-05-24,28.3799991607666,28.489999771118164,28.3799991607666,28.469999313354492,2664200
2023-05-25,28.540000915527344,28.610000610351562,28.540000915527344,28.600000381469727,2450100
2023-05-26,28.559999465942383,28.639999389648438,28.540000915527344,28.59000015258789,1989400
2023-05-30,28.520000457763672,28.59000015258789,28.520000457763672,28.559999465942383,2059000
2023-05-31,28.639999389648438,28.719999313354492,28.59000015258789,28.610000610351562,1903400
2023-06-01,28.559999465942383,28.559999465942383,27.399999618530273,28.270000457763672,5617500
2023-06-02,28.40999984741211,28.579999923706055,28.399999618530273,28.56999969482422,7704500
2023-06-05,28.639999389648438,28.649999618530273,28.520000457763672,28.520000457763672,2170600
2023-06-06,28.649999618530273,28.670000076293945,28.59000015258789,28.610000610351562,704000
2023-06-07,28.549999237060547,28.6299991607666,28.479999542236328,28.6200008392334,890200
2023-06-08,28.489999771118164,28.489999771118164,28.389999389648438,28.389999389648438,1922100
2023-06-09,28.450000762939453,28.489999771118164,28.420000076293945,28.479999542236328,1252100
2023-06-12,28.469999313354492,28.540000915527344,28.459999084472656,28.489999771118164,1207500
2023-06-13,28.399999618530273,28.450000762939453,28.360000610351562,28.399999618530273,2690300
2023-06-14,28.290000915527344,28.40999984741211,28.239999771118164,28.260000228881836,6221200
2023-06-15,28.270000457763672,28.270000457763672,28.09000015258789,28.100000381469727,1918400
2023-06-16,28.110000610351562,28.190000534057617,28.09000015258789,28.149999618530273,1682400
2023-06-20,28.239999771118164,28.299999237060547,28.229999542236328,28.229999542236328,1405700
2023-06-21,28.260000228881836,28.280000686645508,28.09000015258789,28.100000381469727,1237700
2023-06-22,28.15999984741211,28.219999313354492,28.1200008392334,28.200000762939453,1311100
2023-06-23,28.309999465942383,28.389999389648438,28.299999237060547,28.350000381469727,1626800
2023-06-26,28.31999969482422,28.34000015258789,28.290000915527344,28.31999969482422,1055900
2023-06-27,28.219999313354492,28.290000915527344,28.200000762939453,28.25,1113700
2023-06-28,28.3700008392334,28.440000534057617,28.34000015258789,28.3799991607666,1333200
2023-06-29,28.5,28.530000686645508,28.440000534057617,28.5,722600
2023-06-30,28.43000030517578,28.450000762939453,28.350000381469727,28.3799991607666,1517000
2023-07-03,28.420000076293945,28.43000030517578,28.350000381469727,28.40999984741211,847300
2023-07-05,28.420000076293945,28.540000915527344,28.420000076293945,28.540000915527344,828400
2023-07-06,28.469999313354492,28.600000381469727,28.459999084472656,28.469999313354492,882700
2023-07-07,28.389999389648438,28.399999618530273,28.219999313354492,28.229999542236328,1959500
2023-07-10,28.270000457763672,28.290000915527344,28.149999618530273,28.15999984741211,1270700
2023-07-11,28.1299991607666,28.170000076293945,28.06999969482422,28.09000015258789,2025000
2023-07-12,27.889999389648438,27.889999389648438,27.760000228881836,27.760000228881836,1287900
2023-07-13,27.65999984741211,27.670000076293945,27.549999237060547,27.56999969482422,1183700
2023-07-14,27.59000015258789,27.639999389648438,27.559999465942383,27.6200008392334,838300
2023-07-17,27.649999618530273,27.690000534057617,27.59000015258789,27.59000015258789,1196900
2023-07-18,27.610000610351562,27.670000076293945,27.579999923706055,27.610000610351562,669900
2023-07-19,27.709999084472656,27.790000915527344,27.68000030517578,27.719999313354492,1566900
2023-07-20,27.790000915527344,27.920000076293945,27.780000686645508,27.8799991607666,2486600
2023-07-21,27.940000534057617,28.0,27.940000534057617,27.959999084472656,2215600
2023-07-24,28.030000686645508,28.06999969482422,27.979999542236328,28.059999465942383,1487700
2023-07-25,28.139999389648438,28.139999389648438,28.030000686645508,28.030000686645508,1526200
2023-07-26,28.020000457763672,28.049999237060547,27.920000076293945,27.950000762939453,1435500
2023-07-27,28.100000381469727,28.219999313354492,28.100000381469727,28.209999084472656,3183500
2023-07-28,28.18000030517578,28.200000762939453,28.09000015258789,28.170000076293945,1139000
2023-07-31,28.200000762939453,28.239999771118164,28.139999389648438,28.219999313354492,889000
2023-08-01,28.34000015258789,28.389999389648438,28.299999237060547,28.350000381469727,1082000
2023-08-02,28.399999618530273,28.5,28.399999618530273,28.450000762939453,726900
2023-08-03,28.489999771118164,28.510000228881836,28.389999389648438,28.43000030517578,519600
2023-08-04,28.260000228881836,28.309999465942383,28.219999313354492,28.290000915527344,851800
2023-08-07,28.309999465942383,28.360000610351562,28.290000915527344,28.309999465942383,348300
2023-08-08,28.479999542236328,28.530000686645508,28.440000534057617,28.440000534057617,649200
2023-08-09,28.43000030517578,28.459999084472656,28.389999389648438,28.459999084472656,889100
2023-08-10,28.399999618530273,28.510000228881836,28.329999923706055,28.510000228881836,1192400
2023-08-11,28.540000915527344,28.59000015258789,28.489999771118164,28.56999969482422,1444900
2023-08-14,28.709999084472656,28.75,28.59000015258789,28.670000076293945,846800
2023-08-15,28.610000610351562,28.700000762939453,28.579999923706055,28.68000030517578,952900
2023-08-16,28.68000030517578,28.780000686645508,28.649999618530273,28.760000228881836,1066900
2023-08-17,28.670000076293945,28.809999465942383,28.65999984741211,28.75,686700
2023-08-18,28.790000915527344,28.809999465942383,28.729999542236328,28.770000457763672,677100
2023-08-21,28.75,28.790000915527344,28.719999313354492,28.739999771118164,2276700
2023-08-22,28.799999237060547,28.860000610351562,28.790000915527344,28.84000015258789,649000
2023-08-23,28.8700008392334,28.8799991607666,28.739999771118164,28.739999771118164,2112800
2023-08-24,28.889999389648438,28.969999313354492,28.84000015258789,28.969999313354492,1421000
2023-08-25,28.969999313354492,29.09000015258789,28.889999389648438,29.010000228881836,2377400
2023-08-28,28.989999771118164,29.010000228881836,28.959999084472656,28.959999084472656,710700
2023-08-29,29.06999969482422,29.06999969482422,28.790000915527344,28.799999237060547,2199100
2023-08-30,28.709999084472656,28.760000228881836,28.65999984741211,28.75,2983600
2023-08-31,28.860000610351562,28.920000076293945,28.860000610351562,28.889999389648438,2707600
2023-09-01,28.81999969482422,29.079999923706055,28.809999465942383,29.06999969482422,1260500
2023-09-05,29.15999984741211,29.25,29.15999984741211,29.219999313354492,1215500
2023-09-06,29.209999084472656,29.290000915527344,29.18000030517578,29.229999542236328,647600
2023-09-07,29.290000915527344,29.34000015258789,29.280000686645508,29.299999237060547,1034600
2023-09-08,29.290000915527344,29.329999923706055,29.209999084472656,29.329999923706055,1033200
2023-09-11,29.200000762939453,29.219999313354492,29.149999618530273,29.190000534057617,630500
2023-09-12,29.270000457763672,29.280000686645508,29.209999084472656,29.239999771118164,1827200
2023-09-13,29.229999542236328,29.260000228881836,29.190000534057617,29.260000228881836,549400
2023-09-14,29.3700008392334,29.450000762939453,29.329999923706055,29.440000534057617,1268500
2023-09-15,29.420000076293945,29.440000534057617,29.3700008392334,29.420000076293945,1295700
2023-09-18,29.399999618530273,29.440000534057617,29.34000015258789,29.3700008392334,479400
2023-09-19,29.350000381469727,29.399999618530273,29.329999923706055,29.389999389648438,366500
2023-09-20,29.350000381469727,29.459999084472656,29.260000228881836,29.440000534057617,827900
2023-09-21,29.5,29.530000686645508,29.440000534057617,29.459999084472656,980500
2023-09-22,29.530000686645508,29.559999465942383,29.459999084472656,29.530000686645508,1063900
2023-09-25,29.6200008392334,29.690000534057617,29.610000610351562,29.639999389648438,1412600
2023-09-26,29.65999984741211,29.739999771118164,29.649999618530273,29.729999542236328,1642700
2023-09-27,29.799999237060547,29.90999984741211,29.790000915527344,29.8700008392334,1609900
2023-09-28,29.760000228881836,29.790000915527344,29.690000534057617,29.709999084472656,1106400
2023-09-29,29.649999618530273,29.75,29.649999618530273,29.729999542236328,1590300
2023-10-02,29.850000381469727,29.969999313354492,29.850000381469727,29.959999084472656,3727200
2023-10-03,30.0,30.06999969482422,29.920000076293945,29.989999771118164,2486400
2023-10-04,29.889999389648438,29.979999542236328,29.8799991607666,29.899999618530273,1114900
2023-10-05,29.860000610351562,29.899999618530273,29.799999237060547,29.799999237060547,1368300
2023-10-06,29.90999984741211,29.950000762939453,29.700000762939453,29.739999771118164,1492000
2023-10-09,29.81999969482422,29.829999923706055,29.729999542236328,29.729999542236328,1777700
2023-10-10,29.709999084472656,29.729999542236328,29.639999389648438,29.65999984741211,2275900
2023-10-11,29.639999389648438,29.739999771118164,29.610000610351562,29.65999984741211,1343600
2023-10-12,29.760000228881836,29.920000076293945,29.760000228881836,29.90999984741211,1691000
2023-10-13,29.90999984741211,29.979999542236328,29.899999618530273,29.93000030517578,942200
2023-10-16,29.8700008392334,29.920000076293945,29.799999237060547,29.799999237060547,761500
2023-10-17,29.8799991607666,29.889999389648438,29.770000457763672,29.809999465942383,603400
2023-10-18,29.8799991607666,29.950000762939453,29.860000610351562,29.920000076293945,799000
2023-10-19,29.889999389648438,29.90999984741211,29.770000457763672,29.829999923706055,1728900
2023-10-20,29.84000015258789,29.8799991607666,29.81999969482422,29.84000015258789,769500
2023-10-23,29.84000015258789,29.8700008392334,29.65999984741211,29.690000534057617,1462800
2023-10-24,29.799999237060547,29.889999389648438,29.790000915527344,29.860000610351562,1564900
2023-10-25,29.940000534057617,29.959999084472656,29.8799991607666,29.940000534057617,1347000
2023-10-26,29.989999771118164,30.06999969482422,29.969999313354492,30.010000228881836,1026300
2023-10-27,29.950000762939453,30.0,29.920000076293945,29.969999313354492,1032400
2023-10-30,29.920000076293945,29.93000030517578,29.84000015258789,29.850000381469727,719400
2023-10-31,29.950000762939453,30.06999969482422,29.93000030517578,30.030000686645508,970400
2023-11-01,30.1299991607666,30.170000076293945,30.020000457763672,30.040000915527344,3264600
2023-11-02,29.84000015258789,29.940000534057617,29.809999465942383,29.889999389648438,1849900
2023-11-03,29.649999618530273,29.700000762939453,29.549999237060547,29.610000610351562,3525400
2023-11-06,29.59000015258789,29.649999618530273,29.559999465942383,29.639999389648438,1529900
2023-11-07,29.770000457763672,29.799999237060547,29.700000762939453,29.739999771118164,1004600
2023-11-08,29.790000915527344,29.799999237060547,29.709999084472656,29.729999542236328,585300
2023-11-09,29.739999771118164,29.8700008392334,29.700000762939453,29.860000610351562,1062400
2023-11-10,29.84000015258789,29.889999389648438,29.81999969482422,29.84000015258789,836200
2023-11-13,29.850000381469727,29.8799991607666,29.780000686645508,29.799999237060547,3831800
2023-11-14,29.510000228881836,29.520000457763672,29.31999969482422,29.329999923706055,2938300
2023-11-15,29.420000076293945,29.479999542236328,29.3799991607666,29.440000534057617,1378300
2023-11-16,29.420000076293945,29.469999313354492,29.350000381469727,29.459999084472656,790900
2023-11-17,29.389999389648438,29.420000076293945,29.299999237060547,29.299999237060547,1455100
2023-11-20,29.25,29.260000228881836,29.170000076293945,29.209999084472656,1715000
2023-11-21,29.139999389648438,29.280000686645508,29.139999389648438,29.239999771118164,1349700
2023-11-22,29.3799991607666,29.440000534057617,29.34000015258789,29.34000015258789,4330300
2023-11-24,29.260000228881836,29.270000457763672,29.200000762939453,29.209999084472656,983600
2023-11-27,29.200000762939453,29.229999542236328,29.149999618530273,29.149999618530273,1450400
2023-11-28,29.100000381469727,29.1299991607666,29.0,29.049999237060547,1524100
2023-11-29,29.06999969482422,29.1200008392334,29.020000457763672,29.079999923706055,1900400
2023-11-30,29.229999542236328,29.299999237060547,29.190000534057617,29.290000915527344,4121100
2023-12-01,29.309999465942383,29.34000015258789,29.15999984741211,29.200000762939453,2520400
2023-12-04,29.350000381469727,29.389999389648438,29.290000915527344,29.329999923706055,2271800
2023-12-05,29.3700008392334,29.459999084472656,29.31999969482422,29.440000534057617,1836800
2023-12-06,29.399999618530273,29.510000228881836,29.399999618530273,29.510000228881836,1537500
2023-12-07,29.40999984741211,29.43000030517578,29.25,29.350000381469727,2570400
2023-12-08,29.510000228881836,29.510000228881836,29.389999389648438,29.459999084472656,1460900
2023-12-11,29.520000457763672,29.540000915527344,29.469999313354492,29.5,956200
2023-12-12,29.459999084472656,29.5,29.40999984741211,29.420000076293945,1034200
2023-12-13,29.399999618530273,29.469999313354492,29.1200008392334,29.170000076293945,1509200
2023-12-14,28.989999771118164,29.010000228881836,28.860000610351562,28.899999618530273,3746200
2023-12-15,29.030000686645508,29.110000610351562,29.020000457763672,29.09000015258789,4411500
2023-12-18,27.31999969482422,27.3700008392334,27.309999465942383,27.34000015258789,1916800
2023-12-19,27.270000457763672,27.280000686645508,27.209999084472656,27.219999313354492,2544400
2023-12-20,27.25,27.350000381469727,27.239999771118164,27.34000015258789,2362500
2023-12-21,27.18000030517578,27.25,27.15999984741211,27.15999984741211,1696100
2023-12-22,27.110000610351562,27.170000076293945,27.06999969482422,27.149999618530273,1511500
2023-12-26,27.1200008392334,27.1299991607666,27.079999923706055,27.09000015258789,1106200
2023-12-27,27.040000915527344,27.040000915527344,26.93000030517578,26.950000762939453,783700
2023-12-28,26.979999542236328,27.06999969482422,26.920000076293945,27.040000915527344,2087100
2023-12-29,27.079999923706055,27.100000381469727,27.020000457763672,27.09000015258789,983800
2024-01-02,27.290000915527344,27.329999923706055,27.260000228881836,27.31999969482422,2109400
2024-01-03,27.420000076293945,27.469999313354492,27.360000610351562,27.40999984741211,1222900
2024-01-04,27.420000076293945,27.43000030517578,27.350000381469727,27.40999984741211,2839300
2024-01-05,27.43000030517578,27.440000534057617,27.260000228881836,27.40999984741211,1082100
2024-01-08,27.3799991607666,27.389999389648438,27.309999465942383,27.360000610351562,1193100
2024-01-09,27.389999389648438,27.479999542236328,27.3799991607666,27.450000762939453,407200
2024-01-10,27.440000534057617,27.459999084472656,27.389999389648438,27.399999618530273,1514800
2024-01-11,27.450000762939453,27.520000457763672,27.3799991607666,27.420000076293945,1172800
2024-01-12,27.399999618530273,27.459999084472656,27.350000381469727,27.450000762939453,849300
2024-01-16,27.6299991607666,27.709999084472656,27.6200008392334,27.690000534057617,1061500
2024-01-17,27.75,27.790000915527344,27.709999084472656,27.709999084472656,930100
2024-01-18,27.75,27.780000686645508,27.729999542236328,27.739999771118164,2123700
2024-01-19,27.739999771118164,27.760000228881836,27.690000534057617,27.700000762939453,1116600
2024-01-22,27.690000534057617,27.729999542236328,27.65999984741211,27.709999084472656,2171700
2024-01-23,27.75,27.850000381469727,27.75,27.780000686645508,996900
2024-01-24,27.56999969482422,27.709999084472656,27.559999465942383,27.700000762939453,851100
2024-01-25,27.719999313354492,27.829999923706055,27.719999313354492,27.780000686645508,1250900
2024-01-26,27.739999771118164,27.780000686645508,27.709999084472656,27.780000686645508,1154700
2024-01-29,27.850000381469727,27.8799991607666,27.770000457763672,27.780000686645508,1286200
2024-01-30,27.760000228881836,27.829999923706055,27.729999542236328,27.760000228881836,460600
2024-01-31,27.709999084472656,27.860000610351562,27.649999618530273,27.829999923706055,3424500
2024-02-01,27.809999465942383,27.84000015258789,27.65999984741211,27.690000534057617,3755500
2024-02-02,27.8799991607666,27.969999313354492,27.860000610351562,27.940000534057617,3216000
2024-02-05,28.059999465942383,28.1299991607666,28.059999465942383,28.09000015258789,3422600
2024-02-06,28.100000381469727,28.110000610351562,28.0,28.010000228881836,621700
2024-02-07,28.0,28.010000228881836,27.959999084472656,27.979999542236328,849000
2024-02-08,28.059999465942383,28.079999923706055,28.0,28.010000228881836,1686900
2024-02-09,28.020000457763672,28.030000686645508,27.979999542236328,27.989999771118164,1118200
2024-02-12,28.030000686645508,28.06999969482422,28.0,28.020000457763672,1127700
2024-02-13,28.18000030517578,28.260000228881836,28.18000030517578,28.239999771118164,3596900
2024-02-14,28.239999771118164,28.239999771118164,28.170000076293945,28.190000534057617,3242200
2024-02-15,28.110000610351562,28.139999389648438,28.059999465942383,28.079999923706055,948900
2024-02-16,28.18000030517578,28.18000030517578,28.06999969482422,28.09000015258789,643500
2024-02-20,28.0,28.059999465942383,27.969999313354492,28.049999237060547,1142700
2024-02-21,28.040000915527344,28.079999923706055,28.020000457763672,28.020000457763672,878600
2024-02-22,28.059999465942383,28.079999923706055,28.020000457763672,28.020000457763672,895300
2024-02-23,28.010000228881836,28.049999237060547,28.0,28.040000915527344,538700
2024-02-26,27.989999771118164,28.020000457763672,27.979999542236328,27.989999771118164,636800
2024-02-27,28.010000228881836,28.030000686645508,27.969999313354492,28.010000228881836,1424900
2024-02-28,28.049999237060547,28.079999923706055,28.020000457763672,28.030000686645508,502900
2024-02-29,28.0,28.1200008392334,27.969999313354492,28.09000015258789,1038700
2024-03-01,28.110000610351562,28.15999984741211,28.030000686645508,28.040000915527344,779700
2024-03-04,28.040000915527344,28.049999237060547,28.0,28.040000915527344,853200
2024-03-05,28.030000686645508,28.049999237060547,27.959999084472656,28.010000228881836,1249300
2024-03-06,27.950000762939453,27.959999084472656,27.8700008392334,27.90999984741211,841600
2024-03-07,27.860000610351562,27.8799991607666,27.770000457763672,27.770000457763672,1081500
2024-03-08,27.709999084472656,27.780000686645508,27.700000762939453,27.780000686645508,940100
2024-03-11,27.790000915527344,27.829999923706055,27.780000686645508,27.809999465942383,541900
2024-03-12,27.850000381469727,27.899999618530273,27.81999969482422,27.829999923706055,832000
2024-03-13,27.809999465942383,27.829999923706055,27.760000228881836,27.799999237060547,304700
2024-03-14,27.860000610351562,27.969999313354492,27.860000610351562,27.950000762939453,1062900
2024-03-15,27.989999771118164,28.0,27.959999084472656,27.979999542236328,396600
2024-03-18,27.989999771118164,28.049999237060547,27.989999771118164,28.040000915527344,659700
2024-03-19,28.1200008392334,28.139999389648438,28.09000015258789,28.110000610351562,909000
2024-03-20,28.190000534057617,28.200000762939453,27.979999542236328,27.979999542236328,837900
2024-03-21,28.079999923706055,28.18000030517578,28.06999969482422,28.170000076293945,719600
2024-03-22,28.260000228881836,28.31999969482422,28.239999771118164,28.31999969482422,736500
2024-03-25,28.25,28.260000228881836,28.219999313354492,28.25,255200
2024-03-26,28.219999313354492,28.280000686645508,28.209999084472656,28.270000457763672,245800
2024-03-27,28.299999237060547,28.31999969482422,28.280000686645508,28.290000915527344,209600
2024-03-28,28.31999969482422,28.3700008392334,28.299999237060547,28.3700008392334,392000
2024-04-01,28.3799991607666,28.510000228881836,28.3700008392334,28.479999542236328,664400
2024-04-02,28.459999084472656,28.459999084472656,28.399999618530273,28.440000534057617,582100
2024-04-03,28.40999984741211,28.420000076293945,28.290000915527344,28.309999465942383,3024900
2024-04-04,28.229999542236328,28.309999465942383,28.219999313354492,28.309999465942383,1404900
2024-04-05,28.40999984741211,28.43000030517578,28.309999465942383,28.34000015258789,469200
2024-04-08,28.329999923706055,28.329999923706055,28.280000686645508,28.299999237060547,379200
2024-04-09,28.229999542236328,28.309999465942383,28.219999313354492,28.290000915527344,599900
2024-04-10,28.489999771118164,28.6200008392334,28.489999771118164,28.59000015258789,1016800
2024-04-11,28.559999465942383,28.690000534057617,28.559999465942383,28.610000610351562,1112400
2024-04-12,28.81999969482422,28.860000610351562,28.799999237060547,28.84000015258789,620700
2024-04-15,28.850000381469727,28.899999618530273,28.84000015258789,28.889999389648438,614100
2024-04-16,28.889999389648438,28.969999313354492,28.860000610351562,28.93000030517578,1490800
2024-04-17,28.8799991607666,28.920000076293945,28.799999237060547,28.84000015258789,1293500
2024-04-18,28.84000015258789,28.899999618530273,28.829999923706055,28.899999618530273,826400
2024-04-19,28.84000015258789,28.920000076293945,28.81999969482422,28.899999618530273,831000
2024-04-22,28.969999313354492,28.969999313354492,28.8799991607666,28.90999984741211,302600
2024-04-23,28.8799991607666,28.889999389648438,28.760000228881836,28.790000915527344,780900
2024-04-24,28.809999465942383,28.860000610351562,28.799999237060547,28.81999969482422,299700
2024-04-25,28.8700008392334,28.8799991607666,28.75,28.760000228881836,639700
2024-04-26,28.850000381469727,28.950000762939453,28.84000015258789,28.889999389648438,1018400
2024-04-29,28.850000381469727,28.8799991607666,28.75,28.799999237060547,783200
2024-04-30,28.889999389648438,28.979999542236328,28.860000610351562,28.979999542236328,819900
2024-05-01,28.969999313354492,28.989999771118164,28.81999969482422,28.950000762939453,3025300
2024-05-02,28.850000381469727,28.889999389648438,28.719999313354492,28.729999542236328,1344600
2024-05-03,28.600000381469727,28.700000762939453,28.549999237060547,28.649999618530273,856400
2024-05-06,28.6299991607666,28.690000534057617,28.6299991607666,28.68000030517578,1365000
2024-05-07,28.68000030517578,28.780000686645508,28.670000076293945,28.760000228881836,450300
2024-05-08,28.799999237060547,28.81999969482422,28.780000686645508,28.799999237060547,361700
2024-05-09,28.780000686645508,28.790000915527344,28.700000762939453,28.700000762939453,388400
2024-05-10,28.729999542236328,28.780000686645508,28.700000762939453,28.739999771118164,406200
2024-05-13,28.690000534057617,28.75,28.690000534057617,28.729999542236328,371700
2024-05-14,28.690000534057617,28.709999084472656,28.670000076293945,28.670000076293945,525200
2024-05-15,28.559999465942383,28.639999389648438,28.489999771118164,28.489999771118164,705600
2024-05-16,28.559999465942383,28.59000015258789,28.520000457763672,28.559999465942383,1726900
2024-05-17,28.610000610351562,28.6200008392334,28.530000686645508,28.559999465942383,698000
2024-05-20,28.579999923706055,28.600000381469727,28.56999969482422,28.600000381469727,296000
2024-05-21,28.610000610351562,28.6299991607666,28.579999923706055,28.600000381469727,281200
2024-05-22,28.649999618530273,28.709999084472656,28.6299991607666,28.690000534057617,309400
2024-05-23,28.6299991607666,28.75,28.6200008392334,28.75,326300
2024-05-24,28.670000076293945,28.690000534057617,28.6299991607666,28.65999984741211,253100
2024-05-28,28.559999465942383,28.639999389648438,28.559999465942383,28.6200008392334,402200
2024-05-29,28.700000762939453,28.780000686645508,28.68000030517578,28.780000686645508,383000
2024-05-30,28.690000534057617,28.700000762939453,28.649999618530273,28.690000534057617,322100
2024-05-31,28.6200008392334,28.690000534057617,28.59000015258789,28.670000076293945,797000
2024-06-03,28.639999389648438,28.65999984741211,28.520000457763672,28.520000457763672,786900
2024-06-04,28.579999923706055,28.59000015258789,28.510000228881836,28.530000686645508,540300
2024-06-05,28.549999237060547,28.6299991607666,28.540000915527344,28.56999969482422,1348600
2024-06-06,28.579999923706055,28.600000381469727,28.530000686645508,28.530000686645508,222500
2024-06-07,28.719999313354492,28.780000686645508,28.719999313354492,28.770000457763672,369400
2024-06-10,28.889999389648438,28.899999618530273,28.829999923706055,28.84000015258789,752800
2024-06-11,28.920000076293945,28.93000030517578,28.860000610351562,28.8799991607666,396600
2024-06-12,28.6299991607666,28.75,28.610000610351562,28.75,835200
2024-06-13,28.600000381469727,28.899999618530273,28.56999969482422,28.860000610351562,2156700
2024-06-14,29.030000686645508,29.059999465942383,28.969999313354492,28.989999771118164,434500
2024-06-17,28.979999542236328,29.010000228881836,28.920000076293945,28.920000076293945,204900
2024-06-18,28.950000762939453,28.950000762939453,28.8799991607666,28.90999984741211,179600
2024-06-20,28.969999313354492,29.030000686645508,28.959999084472656,29.030000686645508,346900
2024-06-21,29.079999923706055,29.1200008392334,29.06999969482422,29.100000381469727,935100
2024-06-24,29.0,29.040000915527344,28.979999542236328,29.0,1158700
2024-06-25,29.059999465942383,29.09000015258789,29.020000457763672,29.030000686645508,872400
2024-06-26,29.170000076293945,29.200000762939453,29.1299991607666,29.170000076293945,334700
2024-06-27,29.09000015258789,29.139999389648438,29.079999923706055,29.1299991607666,314400
2024-06-28,29.149999618530273,29.18000030517578,29.100000381469727,29.1299991607666,941200
2024-07-01,29.079999923706055,29.18000030517578,29.040000915527344,29.139999389648438,770900
2024-07-02,29.139999389648438,29.15999984741211,29.09000015258789,29.100000381469727,544000
2024-07-03,29.030000686645508,29.030000686645508,28.920000076293945,28.979999542236328,1535700
2024-07-05,28.920000076293945,28.969999313354492,28.8799991607666,28.8799991607666,969300
2024-07-08,28.8799991607666,28.940000534057617,28.8700008392334,28.93000030517578,333900
2024-07-09,28.950000762939453,28.989999771118164,28.93000030517578,28.969999313354492,633200
2024-07-10,28.959999084472656,28.959999084472656,28.940000534057617,28.940000534057617,929600
2024-07-11,28.75,28.809999465942383,28.719999313354492,28.790000915527344,1004700
2024-07-12,28.719999313354492,28.75,28.68000030517578,28.690000534057617,1111400
2024-07-15,28.690000534057617,28.760000228881836,28.68000030517578,28.739999771118164,1727000
2024-07-16,28.799999237060547,28.81999969482422,28.739999771118164,28.739999771118164,382600
2024-07-17,28.6200008392334,28.649999618530273,28.59000015258789,28.610000610351562,1065900
2024-07-18,28.670000076293945,28.760000228881836,28.65999984741211,28.739999771118164,1840600
2024-07-19,28.780000686645508,28.81999969482422,28.780000686645508,28.81999969482422,378000
2024-07-22,28.809999465942383,28.829999923706055,28.799999237060547,28.799999237060547,1065600
2024-07-23,28.850000381469727,28.8700008392334,28.829999923706055,28.850000381469727,359000
2024-07-24,28.780000686645508,28.84000015258789,28.760000228881836,28.84000015258789,313800
2024-07-25,28.84000015258789,28.860000610351562,28.790000915527344,28.84000015258789,272000
2024-07-26,28.809999465942383,28.84000015258789,28.799999237060547,28.81999969482422,230400
2024-07-29,28.920000076293945,28.959999084472656,28.889999389648438,28.899999618530273,1107000
2024-07-30,28.950000762939453,28.969999313354492,28.899999618530273,28.920000076293945,273800
2024-07-31,28.75,28.8700008392334,28.739999771118164,28.760000228881836,533400
2024-08-01,28.829999923706055,28.889999389648438,28.790000915527344,28.860000610351562,1206500
2024-08-02,28.6299991607666,28.6299991607666,28.540000915527344,28.56999969482422,1180300
2024-08-05,28.31999969482422,28.479999542236328,28.309999465942383,28.40999984741211,2084300
2024-08-06,28.530000686645508,28.530000686645508,28.479999542236328,28.5,787300
2024-08-07,28.579999923706055,28.59000015258789,28.540000915527344,28.559999465942383,921900
2024-08-08,28.6299991607666,28.670000076293945,28.59000015258789,28.600000381469727,304900
2024-08-09,28.579999923706055,28.59000015258789,28.549999237060547,28.56999969482422,350500
2024-08-12,28.610000610351562,28.6299991607666,28.56999969482422,28.56999969482422,181600
2024-08-13,28.530000686645508,28.530000686645508,28.420000076293945,28.420000076293945,229400
2024-08-14,28.43000030517578,28.450000762939453,28.350000381469727,28.450000762939453,615900
2024-08-15,28.600000381469727,28.600000381469727,28.520000457763672,28.549999237060547,378400
2024-08-16,28.479999542236328,28.530000686645508,28.40999984741211,28.40999984741211,320200
2024-08-19,28.3700008392334,28.3700008392334,28.260000228881836,28.260000228881836,4595700
2024-08-20,28.209999084472656,28.229999542236328,28.139999389648438,28.15999984741211,487200
2024-08-21,28.15999984741211,28.229999542236328,28.010000228881836,28.06999969482422,568500
2024-08-22,28.1200008392334,28.229999542236328,28.1200008392334,28.200000762939453,3506400
2024-08-23,28.200000762939453,28.209999084472656,27.940000534057617,27.959999084472656,968500
2024-08-26,28.010000228881836,28.040000915527344,27.979999542236328,28.020000457763672,318200
2024-08-27,28.010000228881836,28.020000457763672,27.93000030517578,27.93000030517578,1806500
2024-08-28,28.09000015258789,28.1200008392334,28.040000915527344,28.09000015258789,588200
2024-08-29,28.18000030517578,28.239999771118164,28.15999984741211,28.190000534057617,1799000
2024-08-30,28.25,28.299999237060547,28.209999084472656,28.270000457763672,2138600
2024-09-03,28.260000228881836,28.350000381469727,28.229999542236328,28.31999969482422,2698700
2024-09-04,28.270000457763672,28.280000686645508,28.170000076293945,28.18000030517578,738600
2024-09-05,28.139999389648438,28.209999084472656,28.100000381469727,28.139999389648438,426500
2024-09-06,28.170000076293945,28.229999542236328,28.059999465942383,28.18000030517578,759100
2024-09-09,28.260000228881836,28.299999237060547,28.25,28.299999237060547,361600
2024-09-10,28.31999969482422,28.350000381469727,28.299999237060547,28.309999465942383,371600
2024-09-11,28.34000015258789,28.350000381469727,28.309999465942383,28.34000015258789,332800
2024-09-12,28.299999237060547,28.31999969482422,28.209999084472656,28.219999313354492,330200
2024-09-13,28.139999389648438,28.200000762939453,28.1299991607666,28.18000030517578,957300
2024-09-16,28.06999969482422,28.1299991607666,28.059999465942383,28.09000015258789,1623800
2024-09-17,28.1200008392334,28.18000030517578,28.1200008392334,28.18000030517578,456000
2024-09-18,28.09000015258789,28.229999542236328,27.969999313354492,28.209999084472656,638800
2024-09-19,28.18000030517578,28.219999313354492,28.06999969482422,28.09000015258789,331100
2024-09-20,28.149999618530273,28.209999084472656,28.100000381469727,28.139999389648438,370000
2024-09-23,28.170000076293945,28.209999084472656,28.139999389648438,28.18000030517578,310900
2024-09-24,28.1200008392334,28.15999984741211,28.020000457763672,28.020000457763672,213000
2024-09-25,28.020000457763672,28.219999313354492,28.010000228881836,28.209999084472656,263300
2024-09-26,28.149999618530273,28.200000762939453,28.06999969482422,28.079999923706055,389400
2024-09-27,28.020000457763672,28.110000610351562,28.0,28.06999969482422,845300
2024-09-30,28.06999969482422,28.209999084472656,28.06999969482422,28.18000030517578,1322300
2024-10-01,28.270000457763672,28.350000381469727,28.239999771118164,28.299999237060547,1300200
2024-10-02,28.3700008392334,28.440000534057617,28.3700008392334,28.420000076293945,815000
2024-10-03,28.5,28.56999969482422,28.479999542236328,28.510000228881836,1203700
2024-10-04,28.700000762939453,28.729999542236328,28.65999984741211,28.670000076293945,456200
2024-10-07,28.68000030517578,28.700000762939453,28.649999618530273,28.690000534057617,283200
2024-10-08,28.65999984741211,28.729999542236328,28.65999984741211,28.690000534057617,5172200
2024-10-09,28.770000457763672,28.81999969482422,28.760000228881836,28.81999969482422,222300
2024-10-10,28.799999237060547,28.899999618530273,28.799999237060547,28.809999465942383,349900
2024-10-11,28.81999969482422,28.84000015258789,28.799999237060547,28.829999923706055,270200
2024-10-14,28.920000076293945,28.959999084472656,28.8799991607666,28.920000076293945,1291800
2024-10-15,28.8700008392334,28.959999084472656,28.8700008392334,28.940000534057617,373800
2024-10-16,28.950000762939453,29.040000915527344,28.940000534057617,29.020000457763672,191500
2024-10-17,29.100000381469727,29.110000610351562,29.06999969482422,29.110000610351562,720000
2024-10-18,29.030000686645508,29.049999237060547,29.010000228881836,29.030000686645508,352900
2024-10-21,29.059999465942383,29.18000030517578,29.059999465942383,29.15999984741211,304500
2024-10-22,29.170000076293945,29.200000762939453,29.149999618530273,29.190000534057617,197200
2024-10-23,29.280000686645508,29.34000015258789,29.280000686645508,29.290000915527344,1481600
2024-10-24,29.229999542236328,29.260000228881836,29.18000030517578,29.18000030517578,294400
2024-10-25,29.200000762939453,29.290000915527344,29.200000762939453,29.280000686645508,211400
2024-10-28,29.25,29.299999237060547,29.25,29.280000686645508,208700
2024-10-29,29.3700008392334,29.3799991607666,29.270000457763672,29.290000915527344,423900
2024-10-30,29.299999237060547,29.309999465942383,29.200000762939453,29.219999313354492,395000
2024-10-31,29.18000030517578,29.280000686645508,29.170000076293945,29.200000762939453,754400
2024-11-01,29.209999084472656,29.329999923706055,29.200000762939453,29.31999969482422,591000
2024-11-04,29.15999984741211,29.209999084472656,29.1299991607666,29.209999084472656,504800
2024-11-05,29.1299991607666,29.170000076293945,29.059999465942383,29.09000015258789,1181500
2024-11-06,29.610000610351562,29.6200008392334,29.489999771118164,29.559999465942383,1287600
2024-11-07,29.3700008392334,29.420000076293945,29.290000915527344,29.31999969482422,1276600
2024-11-08,29.440000534057617,29.600000381469727,29.43000030517578,29.520000457763672,439600
2024-11-11,29.690000534057617,29.739999771118164,29.68000030517578,29.690000534057617,1832800
2024-11-12,29.799999237060547,29.889999389648438,29.790000915527344,29.81999969482422,1604300
2024-11-13,29.829999923706055,29.989999771118164,29.829999923706055,29.989999771118164,778700
2024-11-14,30.0,30.1299991607666,29.950000762939453,30.110000610351562,678000
2024-11-15,30.059999465942383,30.110000610351562,30.0,30.079999923706055,738200
2024-11-18,30.010000228881836,30.020000457763672,29.889999389648438,29.93000030517578,1559100
2024-11-19,29.90999984741211,29.969999313354492,29.899999618530273,29.920000076293945,707200
2024-11-20,30.049999237060547,30.1200008392334,30.049999237060547,30.06999969482422,717900
2024-11-21,30.059999465942383,30.200000762939453,29.989999771118164,30.170000076293945,706200
2024-11-22,30.309999465942383,30.40999984741211,30.280000686645508,30.329999923706055,337600
2024-11-25,30.059999465942383,30.200000762939453,30.049999237060547,30.1200008392334,1069600
2024-11-26,30.1299991607666,30.219999313354492,30.110000610351562,30.15999984741211,904800
2024-11-27,29.940000534057617,30.0,29.850000381469727,29.899999618530273,780700
2024-11-29,29.90999984741211,29.940000534057617,29.850000381469727,29.850000381469727,475200
2024-12-02,30.030000686645508,30.1200008392334,29.979999542236328,30.030000686645508,850200
2024-12-03,29.950000762939453,30.030000686645508,29.940000534057617,30.020000457763672,375700
2024-12-04,30.06999969482422,30.100000381469727,29.940000534057617,30.010000228881836,475100
2024-12-05,29.889999389648438,29.940000534057617,29.84000015258789,29.850000381469727,1046900
2024-12-06,29.860000610351562,29.989999771118164,29.850000381469727,29.93000030517578,557500
2024-12-09,29.899999618530273,30.0,29.8799991607666,29.979999542236328,1351700
2024-12-10,30.040000915527344,30.1200008392334,30.030000686645508,30.049999237060547,480300
2024-12-11,30.09000015258789,30.170000076293945,30.079999923706055,30.149999618530273,1269400
2024-12-12,30.170000076293945,30.25,30.100000381469727,30.25,815600
2024-12-13,30.219999313354492,30.270000457763672,30.209999084472656,30.260000228881836,1272800
2024-12-16,30.25,30.299999237060547,30.190000534057617,30.209999084472656,1629900
2024-12-17,30.229999542236328,30.260000228881836,30.190000534057617,30.239999771118164,392100
2024-12-18,30.280000686645508,30.6299991607666,30.239999771118164,30.59000015258789,988500
2024-12-19,30.56999969482422,30.690000534057617,30.549999237060547,30.649999618530273,713700
2024-12-20,30.59000015258789,30.600000381469727,30.440000534057617,30.5,992000
2024-12-23,29.290000915527344,29.350000381469727,29.25,29.290000915527344,818700
2024-12-24,29.299999237060547,29.3700008392334,29.280000686645508,29.3700008392334,388600
2024-12-26,29.34000015258789,29.350000381469727,29.280000686645508,29.309999465942383,554600
2024-12-27,29.260000228881836,29.309999465942383,29.25,29.260000228881836,462200
2024-12-30,29.329999923706055,29.389999389648438,29.290000915527344,29.290000915527344,775000
2024-12-31,29.350000381469727,29.459999084472656,29.34000015258789,29.420000076293945,752400
2025-01-02,29.510000228881836,29.709999084472656,29.489999771118164,29.670000076293945,1397600
2025-01-03,29.6299991607666,29.68000030517578,29.559999465942383,29.579999923706055,7968000
2025-01-06,29.389999389648438,29.43000030517578,29.350000381469727,29.389999389648438,3883300
2025-01-07,29.3700008392334,29.5,29.360000610351562,29.5,1505600
2025-01-08,29.649999618530273,29.65999984741211,29.579999923706055,29.610000610351562,2158500
2025-01-10,29.739999771118164,29.81999969482422,29.68000030517578,29.760000228881836,1409900
2025-01-13,29.850000381469727,29.899999618530273,29.81999969482422,29.850000381469727,1352600
2025-01-14,29.760000228881836,29.780000686645508,29.65999984741211,29.65999984741211,1161100
2025-01-15,29.530000686645508,29.700000762939453,29.5,29.610000610351562,1056200
2025-01-16,29.670000076293945,29.709999084472656,29.56999969482422,29.610000610351562,658100
2025-01-17,29.690000534057617,29.729999542236328,29.579999923706055,29.719999313354492,1072300
2025-01-21,29.440000534057617,29.479999542236328,29.31999969482422,29.34000015258789,1743100
2025-01-22,29.3700008392334,29.420000076293945,29.360000610351562,29.389999389648438,1497400
2025-01-23,29.40999984741211,29.489999771118164,29.31999969482422,29.3799991607666,876500
2025-01-24,29.239999771118164,29.260000228881836,29.139999389648438,29.200000762939453,10044500
2025-01-27,29.1200008392334,29.219999313354492,29.1200008392334,29.209999084472656,978000
2025-01-28,29.31999969482422,29.3700008392334,29.309999465942383,29.329999923706055,390100
2025-01-29,29.40999984741211,29.43000030517578,29.34000015258789,29.389999389648438,1136700
2025-01-30,29.299999237060547,29.440000534057617,29.280000686645508,29.389999389648438,897100
2025-01-31,29.469999313354492,29.520000457763672,29.31999969482422,29.510000228881836,810300
2025-02-03,29.729999542236328,29.780000686645508,29.540000915527344,29.639999389648438,2511700
2025-02-04,29.489999771118164,29.510000228881836,29.3700008392334,29.3700008392334,1148400
2025-02-05,29.260000228881836,29.31999969482422,29.209999084472656,29.31999969482422,1628200
2025-02-06,29.3799991607666,29.40999984741211,29.290000915527344,29.299999237060547,1254400
2025-02-07,29.31999969482422,29.489999771118164,29.309999465942383,29.43000030517578,1054500
2025-02-10,29.510000228881836,29.530000686645508,29.469999313354492,29.520000457763672,754200
2025-02-11,29.459999084472656,29.479999542236328,29.360000610351562,29.420000076293945,973400
2025-02-12,29.489999771118164,29.540000915527344,29.329999923706055,29.440000534057617,865600
2025-02-13,29.3799991607666,29.399999618530273,29.170000076293945,29.200000762939453,1642600
2025-02-14,29.079999923706055,29.1200008392334,29.059999465942383,29.1200008392334,658600
2025-02-18,29.170000076293945,29.209999084472656,29.139999389648438,29.18000030517578,1484900
2025-02-19,29.219999313354492,29.290000915527344,29.190000534057617,29.209999084472656,518600
2025-02-20,29.1299991607666,29.139999389648438,28.979999542236328,28.979999542236328,1311300
2025-02-21,29.09000015258789,29.110000610351562,29.040000915527344,29.079999923706055,680500
2025-02-24,29.09000015258789,29.1299991607666,29.040000915527344,29.100000381469727,885500
2025-02-25,29.030000686645508,29.06999969482422,28.969999313354492,28.989999771118164,1099300
2025-02-26,29.06999969482422,29.100000381469727,28.979999542236328,29.049999237060547,610400
2025-02-27,29.219999313354492,29.290000915527344,29.190000534057617,29.260000228881836,1078900
2025-02-28,29.299999237060547,29.399999618530273,29.280000686645508,29.389999389648438,2018300
2025-03-03,29.15999984741211,29.18000030517578,29.079999923706055,29.110000610351562,1346700
2025-03-04,29.010000228881836,29.059999465942383,28.850000381469727,28.850000381469727,971100
2025-03-05,28.579999923706055,28.600000381469727,28.479999542236328,28.5,1374200
2025-03-06,28.40999984741211,28.510000228881836,28.350000381469727,28.479999542236328,575500
2025-03-07,28.309999465942383,28.43000030517578,28.299999237060547,28.389999389648438,531300
2025-03-10,28.360000610351562,28.450000762939453,28.350000381469727,28.40999984741211,1299800
2025-03-11,28.260000228881836,28.309999465942383,28.219999313354492,28.25,1346900
2025-03-12,28.350000381469727,28.3799991607666,28.270000457763672,28.31999969482422,408700
2025-03-13,28.43000030517578,28.440000534057617,28.360000610351562,28.420000076293945,468900
2025-03-14,28.3700008392334,28.40999984741211,28.350000381469727,28.389999389648438,1693600
2025-03-17,28.329999923706055,28.34000015258789,28.260000228881836,28.280000686645508,569900
2025-03-18,28.31999969482422,28.350000381469727,28.239999771118164,28.260000228881836,457600
2025-03-19,28.360000610351562,28.43000030517578,28.309999465942383,28.329999923706055,382600
2025-03-20,28.479999542236328,28.5,28.40999984741211,28.40999984741211,765300
2025-03-21,28.479999542236328,28.530000686645508,28.459999084472656,28.5,621400
2025-03-24,28.5,28.610000610351562,28.5,28.549999237060547,551000
2025-03-25,28.489999771118164,28.540000915527344,28.459999084472656,28.520000457763672,329100
2025-03-26,28.600000381469727,28.649999618530273,28.559999465942383,28.649999618530273,318900
2025-03-27,28.600000381469727,28.6200008392334,28.510000228881836,28.559999465942383,618200
2025-03-28,28.540000915527344,28.559999465942383,28.469999313354492,28.510000228881836,364700
2025-03-31,28.510000228881836,28.600000381469727,28.510000228881836,28.540000915527344,980900
2025-04-01,28.56999969482422,28.600000381469727,28.520000457763672,28.56999969482422,371300
2025-04-02,28.489999771118164,28.520000457763672,28.420000076293945,28.450000762939453,382800
2025-04-03,27.850000381469727,28.020000457763672,27.790000915527344,27.950000762939453,5057800
2025-04-04,28.040000915527344,28.299999237060547,28.020000457763672,28.260000228881836,1486100
2025-04-07,28.25,28.420000076293945,28.25,28.3799991607666,2740500
2025-04-08,28.260000228881836,28.389999389648438,28.200000762939453,28.25,491600
2025-04-09,27.979999542236328,28.34000015258789,27.979999542236328,28.290000915527344,1720700
2025-04-10,27.8799991607666,27.899999618530273,27.6299991607666,27.700000762939453,1867600
2025-04-11,27.309999465942383,27.559999465942383,27.290000915527344,27.450000762939453,1811600
2025-04-14,27.479999542236328,27.5,27.329999923706055,27.360000610351562,967700
2025-04-15,27.420000076293945,27.530000686645508,27.389999389648438,27.510000228881836,757700
2025-04-16,27.34000015258789,27.3700008392334,27.239999771118164,27.280000686645508,1330500
2025-04-17,27.329999923706055,27.360000610351562,27.270000457763672,27.299999237060547,499900
2025-04-21,27.020000457763672,27.079999923706055,26.989999771118164,27.040000915527344,1208900
2025-04-22,27.09000015258789,27.209999084472656,27.059999465942383,27.190000534057617,2219200
2025-04-23,27.280000686645508,27.469999313354492,27.25,27.440000534057617,3933500
2025-04-24,27.31999969482422,27.3799991607666,27.290000915527344,27.31999969482422,757100
2025-04-25,27.420000076293945,27.450000762939453,27.350000381469727,27.389999389648438,680600
2025-04-28,27.3799991607666,27.389999389648438,27.209999084472656,27.219999313354492,520300
2025-04-29,27.25,27.31999969482422,27.239999771118164,27.309999465942383,852100
2025-04-30,27.3700008392334,27.420000076293945,27.329999923706055,27.40999984741211,829300
2025-05-01,27.489999771118164,27.6299991607666,27.479999542236328,27.56999969482422,1921400
2025-05-02,27.440000534057617,27.549999237060547,27.360000610351562,27.530000686645508,1285500
2025-05-05,27.389999389648438,27.520000457763672,27.389999389648438,27.479999542236328,617700
2025-05-06,27.3700008392334,27.399999618530273,27.309999465942383,27.309999465942383,650000
2025-05-07,27.389999389648438,27.520000457763672,27.360000610351562,27.510000228881836,812100
2025-05-08,27.520000457763672,27.770000457763672,27.510000228881836,27.739999771118164,869400
2025-05-09,27.649999618530273,27.68000030517578,27.59000015258789,27.65999984741211,1307000
2025-05-12,27.979999542236328,28.110000610351562,27.950000762939453,28.049999237060547,1948500
2025-05-13,27.940000534057617,27.959999084472656,27.809999465942383,27.809999465942383,736900
2025-05-14,27.729999542236328,27.8700008392334,27.709999084472656,27.8700008392334,1026600
2025-05-15,27.780000686645508,27.84000015258789,27.75,27.799999237060547,850400
2025-05-16,27.809999465942383,27.920000076293945,27.770000457763672,27.8799991607666,807800
2025-05-19,27.649999618530273,27.719999313354492,27.639999389648438,27.690000534057617,894200
2025-05-20,27.709999084472656,27.709999084472656,27.59000015258789,27.610000610351562,430300
2025-05-21,27.479999542236328,27.5,27.399999618530273,27.489999771118164,859200
2025-05-22,27.540000915527344,27.6299991607666,27.530000686645508,27.56999969482422,656700
2025-05-23,27.440000534057617,27.469999313354492,27.34000015258789,27.3700008392334,1261300
2025-05-27,27.399999618530273,27.520000457763672,27.399999618530273,27.520000457763672,1060500
2025-05-28,27.579999923706055,27.610000610351562,27.530000686645508,27.610000610351562,801300
2025-05-29,27.479999542236328,27.5,27.420000076293945,27.459999084472656,980400
2025-05-30,27.510000228881836,27.549999237060547,27.440000534057617,27.450000762939453,1030000
2025-06-02,27.329999923706055,27.350000381469727,27.25,27.260000228881836,1051200
2025-06-03,27.40999984741211,27.450000762939453,27.3799991607666,27.440000534057617,1306600
2025-06-04,27.3700008392334,27.389999389648438,27.280000686645508,27.31999969482422,769700
2025-06-05,27.200000762939453,27.329999923706055,27.200000762939453,27.299999237060547,1105500
2025-06-06,27.469999313354492,27.479999542236328,27.399999618530273,27.440000534057617,758400
2025-06-09,27.450000762939453,27.450000762939453,27.3700008392334,27.3700008392334,604600
2025-06-10,27.350000381469727,27.43000030517578,27.350000381469727,27.399999618530273,732100
2025-06-11,27.350000381469727,27.3700008392334,27.270000457763672,27.299999237060547,833300
2025-06-12,27.09000015258789,27.139999389648438,27.059999465942383,27.100000381469727,1260800
2025-06-13,27.270000457763672,27.290000915527344,27.139999389648438,27.170000076293945,2720900
2025-06-16,27.100000381469727,27.200000762939453,27.049999237060547,27.200000762939453,1534100
2025-06-17,27.190000534057617,27.399999618530273,27.190000534057617,27.3799991607666,2361400
2025-06-18,27.350000381469727,27.450000762939453,27.290000915527344,27.43000030517578,2202600
2025-06-20,27.360000610351562,27.420000076293945,27.329999923706055,27.399999618530273,1191600
2025-06-23,27.520000457763672,27.530000686645508,27.270000457763672,27.290000915527344,2885600
2025-06-24,27.209999084472656,27.219999313354492,27.100000381469727,27.149999618530273,1538800
2025-06-25,27.219999313354492,27.219999313354492,27.06999969482422,27.079999923706055,1828600
2025-06-26,26.959999084472656,27.010000228881836,26.899999618530273,26.969999313354492,1559900
2025-06-27,26.989999771118164,27.049999237060547,26.950000762939453,27.020000457763672,1373700
2025-06-30,27.0,27.0,26.8700008392334,26.8799991607666,1023100
2025-07-01,26.829999923706055,26.90999984741211,26.809999465942383,26.8700008392334,1503800
2025-07-02,26.940000534057617,26.969999313354492,26.850000381469727,26.850000381469727,774500
2025-07-03,26.950000762939453,27.0,26.90999984741211,26.979999542236328,1148900
2025-07-07,27.030000686645508,27.139999389648438,27.020000457763672,27.06999969482422,1337800
2025-07-08,27.149999618530273,27.190000534057617,27.079999923706055,27.09000015258789,1337300
2025-07-09,27.100000381469727,27.1299991607666,27.079999923706055,27.09000015258789,703200
2025-07-10,27.139999389648438,27.209999084472656,27.1200008392334,27.139999389648438,1244700
2025-07-11,27.190000534057617,27.239999771118164,27.15999984741211,27.219999313354492,597500
2025-07-14,27.25,27.299999237060547,27.219999313354492,27.290000915527344,1313500
2025-07-15,27.299999237060547,27.459999084472656,27.290000915527344,27.440000534057617,1713300
2025-07-16,27.469999313354492,27.510000228881836,27.18000030517578,27.34000015258789,2539400
2025-07-17,27.459999084472656,27.489999771118164,27.440000534057617,27.459999084472656,1520200
2025-07-18,27.329999923706055,27.420000076293945,27.309999465942383,27.420000076293945,910600
2025-07-21,27.299999237060547,27.31999969482422,27.190000534057617,27.239999771118164,2401200
2025-07-22,27.229999542236328,27.25,27.09000015258789,27.100000381469727,1688600
2025-07-23,27.15999984741211,27.18000030517578,27.049999237060547,27.059999465942383,2129500
2025-07-24,27.100000381469727,27.139999389648438,27.049999237060547,27.1299991607666,895000
2025-07-25,27.25,27.280000686645508,27.190000534057617,27.190000534057617,871000
2025-07-28,27.399999618530273,27.510000228881836,27.3700008392334,27.5,1843200
2025-07-29,27.6200008392334,27.639999389648438,27.549999237060547,27.56999969482422,1876000
2025-07-30,27.760000228881836,27.860000610351562,27.670000076293945,27.84000015258789,1900300
2025-07-31,27.899999618530273,27.920000076293945,27.81999969482422,27.899999618530273,1316200
2025-08-01,27.56999969482422,27.65999984741211,27.530000686645508,27.56999969482422,3105600
2025-08-04,27.520000457763672,27.579999923706055,27.5,27.559999465942383,935500
2025-08-05,27.59000015258789,27.6299991607666,27.520000457763672,27.559999465942383,1073700
2025-08-06,27.469999313354492,27.479999542236328,27.3700008392334,27.399999618530273,1137500
2025-08-07,27.40999984741211,27.489999771118164,27.3799991607666,27.3799991607666,1405500
2025-08-08,27.420000076293945,27.450000762939453,27.389999389648438,27.43000030517578,490900
2025-08-11,27.5,27.559999465942383,27.479999542236328,27.540000915527344,1225200
2025-08-12,27.510000228881836,27.510000228881836,27.34000015258789,27.399999618530273,863100
2025-08-13,27.329999923706055,27.329999923706055,27.270000457763672,27.329999923706055,962300
2025-08-14,27.40999984741211,27.469999313354492,27.399999618530273,27.43000030517578,657100
2025-08-15,27.34000015258789,27.360000610351562,27.309999465942383,27.34000015258789,660600
2025-08-18,27.389999389648438,27.440000534057617,27.389999389648438,27.40999984741211,646000
2025-08-19,27.420000076293945,27.479999542236328,27.40999984741211,27.479999542236328,582100
2025-08-20,27.450000762939453,27.469999313354492,27.420000076293945,27.459999084472656,658600
2025-08-21,27.5,27.600000381469727,27.5,27.600000381469727,1186400
2025-08-22,27.610000610351562,27.6200008392334,27.290000915527344,27.329999923706055,1552700
2025-08-25,27.389999389648438,27.56999969482422,27.360000610351562,27.549999237060547,791300
2025-08-26,27.489999771118164,27.510000228881836,27.450000762939453,27.479999542236328,675500
2025-08-27,27.610000610351562,27.610000610351562,27.469999313354492,27.489999771118164,524000
2025-08-28,27.440000534057617,27.459999084472656,27.360000610351562,27.389999389648438,819400
2025-08-29,27.459999084472656,27.469999313354492,27.3700008392334,27.3700008392334,661500
2025-09-02,27.56999969482422,27.56999969482422,27.459999084472656,27.549999237060547,931700
2025-09-03,27.530000686645508,27.559999465942383,27.459999084472656,27.5,577200
2025-09-04,27.530000686645508,27.59000015258789,27.530000686645508,27.540000915527344,906000
2025-09-05,27.3799991607666,27.420000076293945,27.309999465942383,27.399999618530273,1127400
2025-09-08,27.329999923706055,27.3799991607666,27.309999465942383,27.309999465942383,513600
2025-09-09,27.329999923706055,27.43000030517578,27.290000915527344,27.420000076293945,385200
2025-09-10,27.40999984741211,27.450000762939453,27.3700008392334,27.440000534057617,465200
2025-09-11,27.40999984741211,27.40999984741211,27.350000381469727,27.350000381469727,926000
2025-09-12,27.450000762939453,27.450000762939453,27.3799991607666,27.389999389648438,1069900
2025-09-15,27.34000015258789,27.360000610351562,27.299999237060547,27.299999237060547,586800
2025-09-16,27.209999084472656,27.219999313354492,27.110000610351562,27.1299991607666,874700
2025-09-17,27.170000076293945,27.229999542236328,27.010000228881836,27.219999313354492,1662000
2025-09-18,27.329999923706055,27.40999984741211,27.31999969482422,27.350000381469727,1542100
2025-09-19,27.420000076293945,27.440000534057617,27.3799991607666,27.43000030517578,715300
2025-09-22,27.360000610351562,27.40999984741211,27.329999923706055,27.329999923706055,805500
2025-09-23,27.350000381469727,27.3700008392334,27.299999237060547,27.309999465942383,886000
2025-09-24,27.489999771118164,27.520000457763672,27.469999313354492,27.510000228881836,802100
2025-09-25,27.59000015258789,27.719999313354492,27.59000015258789,27.700000762939453,1273600
2025-09-26,27.65999984741211,27.65999984741211,27.59000015258789,27.600000381469727,605500
2025-09-29,27.510000228881836,27.559999465942383,27.5,27.540000915527344,748800
2025-09-30,27.530000686645508,27.540000915527344,27.459999084472656,27.510000228881836,1106800
2025-10-01,27.43000030517578,27.530000686645508,27.420000076293945,27.5,1273400
2025-10-02,27.479999542236328,27.610000610351562,27.479999542236328,27.540000915527344,949500
2025-10-03,27.510000228881836,27.530000686645508,27.469999313354492,27.489999771118164,707700
2025-10-06,27.65999984741211,27.670000076293945,27.59000015258789,27.6200008392334,967700
2025-10-07,27.719999313354492,27.780000686645508,27.690000534057617,27.780000686645508,891000
2025-10-08,27.829999923706055,27.899999618530273,27.809999465942383,27.84000015258789,937200
2025-10-09,27.8799991607666,28.059999465942383,27.8799991607666,28.030000686645508,2422400
2025-10-10,28.010000228881836,28.010000228881836,27.850000381469727,27.889999389648438,1210600
2025-10-13,27.959999084472656,28.0,27.950000762939453,27.989999771118164,580700
2025-10-14,27.979999542236328,28.0,27.899999618530273,27.90999984741211,805500
2025-10-15,27.889999389648438,27.889999389648438,27.799999237060547,27.829999923706055,1133500
2025-10-16,27.790000915527344,27.809999465942383,27.709999084472656,27.719999313354492,868100
2025-10-17,27.75,27.799999237060547,27.739999771118164,27.75,670700
2025-10-20,27.780000686645508,27.81999969482422,27.760000228881836,27.81999969482422,714500
2025-10-21,27.90999984741211,27.93000030517578,27.8700008392334,27.93000030517578,1433400
2025-10-22,27.959999084472656,27.959999084472656,27.8700008392334,27.899999618530273,1081100
2025-10-23,27.950000762939453,27.950000762939453,27.90999984741211,27.90999984741211,501300
2025-10-24,27.90999984741211,27.959999084472656,27.899999618530273,27.90999984741211,691800
2025-10-27,27.889999389648438,27.93000030517578,27.8799991607666,27.8799991607666,818000
2025-10-28,27.90999984741211,27.93000030517578,27.84000015258789,27.860000610351562,1573900
2025-10-29,27.90999984741211,28.059999465942383,27.850000381469727,28.020000457763672,1968800
2025-10-30,28.1200008392334,28.1299991607666,28.079999923706055,28.1299991607666,1519100
2025-10-31,28.15999984741211,28.209999084472656,28.15999984741211,28.209999084472656,972400
2025-11-03,28.260000228881836,28.280000686645508,28.18000030517578,28.229999542236328,852300
2025-11-04,28.309999465942383,28.350000381469727,28.280000686645508,28.31999969482422,1204600
2025-11-05,28.350000381469727,28.3799991607666,28.31999969482422,28.329999923706055,1340000
2025-11-06,28.239999771118164,28.260000228881836,28.18000030517578,28.18000030517578,1293800
2025-11-07,28.149999618530273,28.18000030517578,28.110000610351562,28.15999984741211,1150600
2025-11-10,28.170000076293945,28.219999313354492,28.15999984741211,28.18000030517578,997900
2025-11-11,28.100000381469727,28.149999618530273,28.09000015258789,28.139999389648438,1383900
2025-11-12,28.209999084472656,28.219999313354492,28.1299991607666,28.149999618530273,1043900
2025-11-13,28.100000381469727,28.110000610351562,28.020000457763672,28.06999969482422,1014100
2025-11-14,28.06999969482422,28.139999389648438,28.059999465942383,28.110000610351562,1099300
2025-11-17,28.170000076293945,28.200000762939453,28.149999618530273,28.18000030517578,1188500
2025-11-18,28.18000030517578,28.229999542236328,28.149999618530273,28.209999084472656,1428100
2025-11-19,28.290000915527344,28.399999618530273,28.270000457763672,28.389999389648438,1917200
2025-11-20,28.350000381469727,28.40999984741211,28.329999923706055,28.40999984741211,1492900
2025-11-21,28.43000030517578,28.450000762939453,28.3700008392334,28.389999389648438,1305200
2025-11-24,28.3799991607666,28.420000076293945,28.3700008392334,28.389999389648438,996000
2025-11-25,28.31999969482422,28.329999923706055,28.239999771118164,28.309999465942383,1281600
2025-11-26,28.329999923706055,28.329999923706055,28.219999313354492,28.229999542236328,1130500
2025-11-28,28.270000457763672,28.270000457763672,28.18000030517578,28.209999084472656,1215800
2025-12-01,28.1200008392334,28.209999084472656,28.110000610351562,28.200000762939453,2996300
2025-12-02,28.219999313354492,28.25,28.18000030517578,28.190000534057617,1528300
2025-12-03,28.09000015258789,28.100000381469727,28.020000457763672,28.049999237060547,1962500
2025-12-04,28.020000457763672,28.110000610351562,28.020000457763672,28.110000610351562,1479800
2025-12-05,28.079999923706055,28.1299991607666,28.059999465942383,28.079999923706055,1639400
2025-12-08,28.079999923706055,28.15999984741211,28.079999923706055,28.1200008392334,1143400
2025-12-09,28.139999389648438,28.200000762939453,28.1299991607666,28.15999984741211,1191700
2025-12-10,28.15999984741211,28.15999984741211,27.979999542236328,28.010000228881836,2309500
2025-12-11,27.899999618530273,27.940000534057617,27.860000610351562,27.90999984741211,1143000
2025-12-12,27.950000762939453,27.979999542236328,27.93000030517578,27.950000762939453,1141700
2025-12-15,27.90999984741211,27.959999084472656,27.8799991607666,27.93000030517578,568400
2025-12-16,27.850000381469727,27.940000534057617,27.809999465942383,27.899999618530273,881400
2025-12-17,27.989999771118164,27.989999771118164,27.920000076293945,27.959999084472656,655400
2025-12-18,27.93000030517578,28.010000228881836,27.93000030517578,27.979999542236328,764300
2025-12-19,28.020000457763672,28.06999969482422,28.010000228881836,28.06999969482422,553300
2025-12-22,27.020000457763672,27.040000915527344,27.0,27.030000686645508,1148200
2025-12-23,26.969999313354492,26.989999771118164,26.93000030517578,26.940000534057617,1032800
2025-12-24,26.940000534057617,26.959999084472656,26.93000030517578,26.950000762939453,699400
2025-12-26,26.920000076293945,27.0,26.920000076293945,26.969999313354492,743400
2025-12-29,26.959999084472656,27.020000457763672,26.940000534057617,26.979999542236328,794700
2025-12-30,27.020000457763672,27.049999237060547,27.0,27.049999237060547,627500
2025-12-31,27.059999465942383,27.110000610351562,27.030000686645508,27.030000686645508,575900
2026-01-02,27.079999923706055,27.1200008392334,27.040000915527344,27.110000610351562,2375000
2026-01-05,27.170000076293945,27.190000534057617,27.049999237060547,27.06999969482422,1632900
2026-01-06,27.100000381469727,27.15999984741211,27.09000015258789,27.15999984741211,1253200
2026-01-07,27.149999618530273,27.200000762939453,27.139999389648438,27.200000762939453,1122800
2026-01-08,27.25,27.280000686645508,27.219999313354492,27.270000457763672,591000
2026-01-09,27.299999237060547,27.360000610351562,27.299999237060547,27.329999923706055,806900
2026-01-12,27.25,27.280000686645508,27.219999313354492,27.280000686645508,991700
2026-01-13,27.270000457763672,27.3700008392334,27.270000457763672,27.350000381469727,747800
2026-01-14,27.309999465942383,27.350000381469727,27.280000686645508,27.329999923706055,535700
2026-01-15,27.40999984741211,27.450000762939453,27.389999389648438,27.43000030517578,700000
2026-01-16,27.3799991607666,27.450000762939453,27.3700008392334,27.43000030517578,1463100
2026-01-20,27.170000076293945,27.229999542236328,27.149999618530273,27.209999084472656,931300
2026-01-21,27.18000030517578,27.299999237060547,27.18000030517578,27.270000457763672,1005400
2026-01-22,27.209999084472656,27.219999313354492,27.1200008392334,27.149999618530273,826800
2026-01-23,27.1299991607666,27.139999389648438,26.90999984741211,26.90999984741211,686100
2026-01-26,26.809999465942383,26.81999969482422,26.719999313354492,26.780000686645508,1392400
2026-01-27,26.65999984741211,26.670000076293945,26.399999618530273,26.469999313354492,1780800
2026-01-28,26.600000381469727,26.739999771118164,26.559999465942383,26.6299991607666,2744700
2026-01-29,26.56999969482422,26.709999084472656,26.56999969482422,26.59000015258789,1592500
2026-01-30,26.729999542236328,26.850000381469727,26.700000762939453,26.850000381469727,2763800
2026-02-02,26.959999084472656,27.030000686645508,26.90999984741211,26.989999771118164,2780900
2026-02-03,26.979999542236328,26.989999771118164,26.899999618530273,26.920000076293945,1165000
2026-02-04,26.969999313354492,27.030000686645508,26.950000762939453,27.010000228881836,1122400
2026-02-05,27.010000228881836,27.09000015258789,27.0,27.09000015258789,1840300
2026-02-06,27.020000457763672,27.020000457763672,26.969999313354492,27.010000228881836,1305200
2026-02-09,26.809999465942383,26.850000381469727,26.780000686645508,26.790000915527344,1344900
2026-02-10,26.729999542236328,26.809999465942383,26.729999542236328,26.799999237060547,1037900
2026-02-11,26.81999969482422,26.8700008392334,26.760000228881836,26.829999923706055,1454400
2026-02-12,26.809999465942383,26.860000610351562,26.770000457763672,26.81999969482422,1103000
2026-02-13,26.81999969482422,26.889999389648438,26.799999237060547,26.81999969482422,840600
2026-02-17,26.950000762939453,27.010000228881836,26.889999389648438,26.90999984741211,1048600
2026-02-18,26.989999771118164,27.079999923706055,26.969999313354492,27.079999923706055,1865700
2026-02-19,27.15999984741211,27.170000076293945,27.100000381469727,27.1200008392334,937600
2026-02-20,27.139999389648438,27.15999984741211,27.040000915527344,27.09000015258789,1281600
2026-02-23,27.06999969482422,27.09000015258789,27.020000457763672,27.09000015258789,713500
2026-02-24,27.1299991607666,27.149999618530273,27.09000015258789,27.110000610351562,817300
2026-02-25,27.139999389648438,27.139999389648438,27.049999237060547,27.079999923706055,1029100
2026-02-26,27.09000015258789,27.170000076293945,27.059999465942383,27.100000381469727,1354900
2026-02-27,27.100000381469727,27.1200008392334,27.049999237060547,27.079999923706055,1037400
2026-03-02,27.31999969482422,27.399999618530273,27.280000686645508,27.329999923706055,3348800
2026-03-03,27.540000915527344,27.649999618530273,27.450000762939453,27.459999084472656,3237200
2026-03-04,27.420000076293945,27.459999084472656,27.389999389648438,27.40999984741211,2493200
2026-03-05,27.489999771118164,27.59000015258789,27.479999542236328,27.479999542236328,4089300
2026-03-06,27.56999969482422,27.59000015258789,27.440000534057617,27.469999313354492,3315900
2026-03-09,27.510000228881836,27.59000015258789,27.40999984741211,27.459999084472656,4290500
2026-03-10,27.360000610351562,27.479999542236328,27.34000015258789,27.450000762939453,3283500
2026-03-11,27.520000457763672,27.56999969482422,27.469999313354492,27.549999237060547,3203200
2026-03-12,27.6299991607666,27.709999084472656,27.6200008392334,27.68000030517578,2316100
2026-03-13,27.770000457763672,27.90999984741211,27.75,27.889999389648438,4225700
2026-03-16,27.739999771118164,27.780000686645508,27.68000030517578,27.729999542236328,7286100
2026-03-17,27.670000076293945,27.709999084472656,27.639999389648438,27.68000030517578,3599400
2026-03-18,27.739999771118164,27.850000381469727,27.700000762939453,27.850000381469727,4278500
2026-03-19,27.790000915527344,27.809999465942383,27.5,27.579999923706055,5031400
2026-03-20,27.65999984741211,27.75,27.655000686645508,27.68000030517578,4181446
