Date,Open,High,Low,Close,Volume
2015-11-13,66.02999877929688,66.58000183105469,65.19999694824219,65.9800033569336,17779600
2015-11-16,65.88999938964844,68.25,65.83999633789062,68.18000030517578,17363100
2015-11-17,68.0,68.27999877929688,67.18000030517578,67.43000030517578,15228900
2015-11-18,67.9000015258789,68.62999725341797,67.26000213623047,68.54000091552734,20951500
2015-11-19,68.13999938964844,68.51000213623047,67.05999755859375,67.62000274658203,18912500
2015-11-20,67.63999938964844,67.94999694824219,66.83000183105469,66.9000015258789,14214000
2015-11-23,66.83999633789062,67.76000213623047,66.41000366210938,67.37999725341797,16407300
2015-11-24,67.69999694824219,69.12999725341797,67.56999969482422,68.81999969482422,18943100
2015-11-25,68.23999786376953,68.83000183105469,67.83999633789062,68.26000213623047,11100600
2015-11-27,67.70999908447266,68.05000305175781,67.52999877929688,67.7699966430664,8376400
2015-11-30,68.05000305175781,68.68000030517578,67.7699966430664,68.0199966430664,17605300
2015-12-01,68.08000183105469,68.62000274658203,67.91000366210938,68.55999755859375,13797000
2015-12-02,68.11000061035156,68.37000274658203,66.22000122070312,66.44000244140625,25428100
2015-12-03,66.76000213623047,66.9800033569336,64.79000091552734,65.11000061035156,24219200
2015-12-04,64.5,65.08000183105469,63.47999954223633,64.69999694824219,32839300
2015-12-07,63.099998474121094,63.189998626708984,61.349998474121094,62.2400016784668,32800400
2015-12-08,60.869998931884766,62.439998626708984,60.25,61.599998474121094,27336900
2015-12-09,61.880001068115234,63.72999954223633,61.529998779296875,62.40999984741211,28756900
2015-12-10,62.439998626708984,63.7400016784668,62.0099983215332,62.810001373291016,38914900
2015-12-11,61.72999954223633,61.959999084472656,60.400001525878906,60.459999084472656,29004000
2015-12-14,60.16999816894531,61.099998474121094,59.52000045776367,60.779998779296875,39116600
2015-12-15,61.63999938964844,62.599998474121094,61.560001373291016,62.310001373291016,29070300
2015-12-16,62.06999969482422,62.720001220703125,61.2400016784668,61.900001525878906,28751200
2015-12-17,61.939998626708984,62.060001373291016,60.380001068115234,60.380001068115234,29074800
2015-12-18,59.900001525878906,59.939998626708984,58.77000045776367,58.790000915527344,27139200
2015-12-21,58.79999923706055,59.31999969482422,58.209999084472656,58.849998474121094,24015000
2015-12-22,59.060001373291016,59.91999816894531,58.77000045776367,59.540000915527344,25291500
2015-12-23,60.7400016784668,62.16999816894531,60.529998779296875,62.130001068115234,30210500
2015-12-24,62.209999084472656,62.290000915527344,61.349998474121094,61.56999969482422,7215300
2015-12-28,60.5,60.81999969482422,60.13999938964844,60.45000076293945,12553900
2015-12-29,61.4900016784668,61.66999816894531,60.540000915527344,60.869998931884766,15106300
2015-12-30,60.029998779296875,60.88999938964844,59.9900016784668,60.04999923706055,15051200
2015-12-31,59.77000045776367,60.63999938964844,59.58000183105469,60.31999969482422,19202400
2016-01-04,60.15999984741211,60.779998779296875,59.29999923706055,60.29999923706055,21808700
2016-01-05,60.2599983215332,60.599998474121094,59.59000015258789,60.529998779296875,15529200
2016-01-06,59.099998474121094,59.220001220703125,57.709999084472656,58.20000076293945,26962100
2016-01-07,57.06999969482422,58.380001068115234,56.540000915527344,56.779998779296875,28081900
2016-01-08,57.2599983215332,57.38999938964844,55.84000015258789,56.04999923706055,19227100
2016-01-11,56.279998779296875,56.349998474121094,54.15999984741211,54.849998474121094,28444700
2016-01-12,55.70000076293945,55.880001068115234,53.459999084472656,54.97999954223633,35594100
2016-01-13,55.650001525878906,56.04999923706055,53.08000183105469,53.65999984741211,33958400
2016-01-14,54.209999084472656,56.459999084472656,53.36000061035156,55.970001220703125,38074300
2016-01-15,53.630001068115234,54.869998931884766,53.31999969482422,54.349998474121094,36880200
2016-01-19,54.7599983215332,55.02000045776367,52.33000183105469,53.18000030517578,35872300
2016-01-20,52.130001068115234,52.54999923706055,49.93000030517578,51.77000045776367,51307400
2016-01-21,51.709999084472656,54.029998779296875,51.369998931884766,53.380001068115234,43670700
2016-01-22,55.33000183105469,56.119998931884766,54.45000076293945,55.7400016784668,38622500
2016-01-25,54.68000030517578,56.08000183105469,53.099998474121094,53.13999938964844,29120000
2016-01-26,54.099998474121094,55.220001220703125,53.400001525878906,55.150001525878906,25354900
2016-01-27,54.77000045776367,56.41999816894531,54.20000076293945,54.88999938964844,36494500
2016-01-28,56.970001220703125,57.189998626708984,55.43000030517578,56.560001373291016,38171900
2016-01-29,56.65999984741211,58.27000045776367,56.4900016784668,58.209999084472656,31498200
2016-02-01,57.2400016784668,57.66999816894531,56.38999938964844,57.2400016784668,27685100
2016-02-02,55.84000015258789,56.099998474121094,55.04999923706055,55.33000183105469,25231200
2016-02-03,56.130001068115234,57.349998474121094,54.11000061035156,57.29999923706055,36440700
2016-02-04,57.41999816894531,58.5,57.0,57.27000045776367,37056100
2016-02-05,56.5,56.7400016784668,55.470001220703125,55.939998626708984,30241000
2016-02-08,54.83000183105469,56.0,54.0,55.650001525878906,34806700
2016-02-09,54.81999969482422,55.4900016784668,53.439998626708984,54.310001373291016,37411300
2016-02-10,54.150001525878906,55.31999969482422,53.5099983215332,54.09000015258789,30215800
2016-02-11,53.150001525878906,54.27000045776367,52.369998931884766,53.86000061035156,47986900
2016-02-12,54.599998474121094,55.52000045776367,54.11000061035156,55.279998779296875,25782000
2016-02-16,56.209999084472656,56.380001068115234,55.02000045776367,55.83000183105469,33800200
2016-02-17,56.5,57.90999984741211,56.279998779296875,57.65999984741211,29280000
2016-02-18,58.150001525878906,58.2400016784668,56.65999984741211,56.939998626708984,28832300
2016-02-19,56.18000030517578,56.83000183105469,55.70000076293945,56.810001373291016,25128800
2016-02-22,57.88999938964844,58.52000045776367,57.63999938964844,58.2599983215332,24708300
2016-02-23,57.70000076293945,57.97999954223633,56.16999816894531,56.27000045776367,21455000
2016-02-24,55.220001220703125,56.970001220703125,55.06999969482422,56.84000015258789,25279800
2016-02-25,56.66999816894531,57.040000915527344,55.779998779296875,56.88999938964844,18588900
2016-02-26,57.84000015258789,58.0,57.040000915527344,57.22999954223633,21155100
2016-02-29,57.459999084472656,57.619998931884766,56.529998779296875,56.58000183105469,22983300
2016-03-01,56.97999954223633,58.150001525878906,56.400001525878906,58.060001373291016,23643000
2016-03-02,57.70000076293945,59.52000045776367,57.41999816894531,59.47999954223633,26795000
2016-03-03,59.2400016784668,60.4900016784668,59.209999084472656,60.380001068115234,24395600
2016-03-04,60.720001220703125,61.83000183105469,60.06999969482422,60.959999084472656,30551600
2016-03-07,60.93000030517578,62.459999084472656,60.63999938964844,62.38999938964844,33360500
2016-03-08,61.880001068115234,61.91999816894531,59.66999816894531,59.77000045776367,29817600
2016-03-09,60.58000183105469,61.52000045776367,59.84000015258789,60.7400016784668,25467600
2016-03-10,60.47999954223633,60.86000061035156,59.689998626708984,60.790000915527344,28623600
2016-03-11,61.59000015258789,62.56999969482422,61.52000045776367,62.36000061035156,24783600
2016-03-14,61.58000183105469,62.16999816894531,61.34000015258789,61.95000076293945,21766100
2016-03-15,61.099998474121094,61.84000015258789,60.65999984741211,61.83000183105469,21719600
2016-03-16,62.20000076293945,63.040000915527344,61.77000045776367,62.900001525878906,26970400
2016-03-17,63.40999984741211,64.27999877929688,62.84000015258789,63.7599983215332,28160800
2016-03-18,63.790000915527344,63.849998474121094,62.900001525878906,63.4900016784668,30474000
2016-03-21,63.2400016784668,63.689998626708984,62.56999969482422,63.27000045776367,16698500
2016-03-22,62.529998779296875,63.4900016784668,62.4900016784668,62.91999816894531,14180100
2016-03-23,62.470001220703125,62.70000076293945,61.41999816894531,61.540000915527344,18873800
2016-03-24,60.689998626708984,61.84000015258789,60.400001525878906,61.84000015258789,15516000
2016-03-28,61.86000061035156,62.029998779296875,61.08000183105469,61.5099983215332,11564900
2016-03-29,60.81999969482422,61.849998474121094,60.459999084472656,61.79999923706055,14366900
2016-03-30,62.36000061035156,62.619998931884766,61.560001373291016,61.91999816894531,15744800
2016-03-31,61.68000030517578,62.369998931884766,61.58000183105469,61.88999938964844,14046400
2016-04-01,60.81999969482422,61.2400016784668,60.61000061035156,61.060001373291016,14804800
2016-04-04,60.95000076293945,61.59000015258789,60.43000030517578,60.61000061035156,15809500
2016-04-05,60.099998474121094,60.630001068115234,59.939998626708984,60.20000076293945,16048800
2016-04-06,60.689998626708984,61.5099983215332,60.2400016784668,61.5,18218800
2016-04-07,61.02000045776367,61.59000015258789,60.630001068115234,61.13999938964844,13927100
2016-04-08,62.290000915527344,62.709999084472656,62.060001373291016,62.369998931884766,17666500
2016-04-11,62.869998931884766,63.060001373291016,62.11000061035156,62.11000061035156,16235700
2016-04-12,62.349998474121094,64.33000183105469,62.220001220703125,63.959999084472656,27630400
2016-04-13,63.93000030517578,64.44999694824219,63.47999954223633,64.26000213623047,18702900
2016-04-14,64.52999877929688,64.54000091552734,64.02999877929688,64.41000366210938,17435500
2016-04-15,64.05000305175781,64.16000366210938,63.459999084472656,63.540000915527344,14221200
2016-04-18,62.22999954223633,64.75,62.08000183105469,64.58999633789062,20685800
2016-04-19,64.95999908447266,65.94999694824219,64.66000366210938,65.87999725341797,17341400
2016-04-20,65.52999877929688,66.9800033569336,65.31999969482422,66.47000122070312,21088300
2016-04-21,66.55999755859375,66.83999633789062,65.94000244140625,66.08000183105469,19335100
2016-04-22,66.23999786376953,67.29000091552734,66.19000244140625,67.04000091552734,15764500
2016-04-25,66.80999755859375,66.81999969482422,65.79000091552734,66.29000091552734,17234300
2016-04-26,66.66999816894531,67.37999725341797,66.51000213623047,67.3499984741211,13585700
2016-04-27,67.69999694824219,68.77999877929688,67.6500015258789,68.62999725341797,21962400
2016-04-28,68.31999969482422,68.81999969482422,67.3499984741211,67.61000061035156,15555200
2016-04-29,67.76000213623047,68.41999816894531,66.47000122070312,67.5,24107400
2016-05-02,67.37999725341797,67.66000366210938,66.5999984741211,67.43000030517578,15066000
2016-05-03,66.5199966430664,66.63999938964844,65.43000030517578,65.83999633789062,16158100
2016-05-04,65.87999725341797,66.33999633789062,64.5,64.88999938964844,18605400
2016-05-05,65.98999786376953,66.3499984741211,64.87999725341797,65.41999816894531,14352000
2016-05-06,65.0,66.06999969482422,64.83000183105469,65.2699966430664,12545500
2016-05-09,64.9000015258789,65.04000091552734,63.5,64.31999969482422,16020800
2016-05-10,64.6500015258789,65.47000122070312,64.62000274658203,65.44999694824219,10351400
2016-05-11,65.29000091552734,66.2300033569336,64.76000213623047,65.6500015258789,14214800
2016-05-12,66.23999786376953,66.73999786376953,65.33999633789062,65.83000183105469,12477200
2016-05-13,65.54000091552734,66.04000091552734,64.8499984741211,64.98999786376953,12371900
2016-05-16,65.83999633789062,66.30000305175781,65.6500015258789,66.08999633789062,13727700
2016-05-17,66.0999984741211,66.91000366210938,65.88999938964844,66.4000015258789,15837300
2016-05-18,66.38999938964844,66.61000061035156,65.33999633789062,65.76000213623047,20583200
2016-05-19,65.0999984741211,65.91999816894531,64.48999786376953,65.7699966430664,16854900
2016-05-20,65.97000122070312,66.30000305175781,65.56999969482422,66.16000366210938,9833500
2016-05-23,65.7699966430664,66.27999877929688,65.54000091552734,65.98999786376953,10272500
2016-05-24,66.33000183105469,66.70999908447266,65.91000366210938,66.31999969482422,11302900
2016-05-25,66.72000122070312,67.47000122070312,66.66000366210938,67.37000274658203,14255500
2016-05-26,67.62999725341797,67.91999816894531,66.87999725341797,67.08999633789062,10716800
2016-05-27,66.8499984741211,67.18000030517578,66.4800033569336,67.12999725341797,9258700
2016-05-31,67.29000091552734,67.81999969482422,66.56999969482422,66.87000274658203,15406100
2016-06-01,66.22000122070312,67.08999633789062,66.05000305175781,66.88999938964844,16695700
2016-06-02,66.37999725341797,66.83999633789062,66.12999725341797,66.80000305175781,12850000
2016-06-03,66.80000305175781,67.1500015258789,66.1500015258789,66.54000091552734,12157700
2016-06-06,67.19000244140625,68.06999969482422,67.06999969482422,68.01000213623047,18223800
2016-06-07,68.2300033569336,69.7300033569336,68.20999908447266,69.55000305175781,15618300
2016-06-08,69.97000122070312,70.26000213623047,69.19999694824219,69.38999938964844,18129700
2016-06-09,68.58999633789062,69.20999908447266,68.5199966430664,68.86000061035156,12340600
2016-06-10,68.1500015258789,68.58999633789062,67.27999877929688,67.37000274658203,14490200
2016-06-13,67.04000091552734,68.08000183105469,66.97000122070312,67.16999816894531,11573800
2016-06-14,66.88999938964844,67.47000122070312,66.37000274658203,67.12999725341797,12202500
2016-06-15,66.87999725341797,67.77999877929688,66.5,66.97000122070312,16829500
2016-06-16,66.25,66.75,65.33999633789062,66.6500015258789,19993700
2016-06-17,66.9000015258789,67.0199966430664,66.5,66.88999938964844,17435900
2016-06-20,67.8499984741211,68.0,67.41000366210938,67.47000122070312,10913200
2016-06-21,67.31999969482422,68.41000366210938,67.12000274658203,68.2699966430664,11222300
2016-06-22,68.56999969482422,68.56999969482422,67.83000183105469,67.88999938964844,10258200
2016-06-23,68.5999984741211,69.02999877929688,68.33999633789062,69.01000213623047,9538500
2016-06-24,66.3499984741211,67.55000305175781,66.29000091552734,66.77999877929688,26879900
2016-06-27,65.87000274658203,65.93000030517578,64.11000061035156,64.63999938964844,21659700
2016-06-28,65.8499984741211,66.44999694824219,65.47000122070312,66.44000244140625,14550400
2016-06-29,66.8499984741211,68.0999984741211,66.8499984741211,67.69999694824219,16354400
2016-06-30,67.41000366210938,68.27999877929688,67.2699966430664,68.23999786376953,12132300
2016-07-01,68.16000366210938,68.8499984741211,68.11000061035156,68.5999984741211,12678800
2016-07-05,67.68000030517578,67.91999816894531,66.55000305175781,67.22000122070312,15069900
2016-07-06,66.83000183105469,67.55999755859375,66.37000274658203,67.51000213623047,15897500
2016-07-07,67.91000366210938,68.33999633789062,66.3499984741211,66.81999969482422,14097800
2016-07-08,67.41999816894531,67.94999694824219,67.05000305175781,67.70999908447266,11567900
2016-07-11,68.06999969482422,68.38999938964844,67.77999877929688,67.83999633789062,9750400
2016-07-12,68.86000061035156,69.81999969482422,68.72000122070312,69.5199966430664,15524500
2016-07-13,69.31999969482422,69.69999694824219,68.27999877929688,68.91999816894531,12546200
2016-07-14,69.45999908447266,69.62999725341797,69.06999969482422,69.2699966430664,10898600
2016-07-15,69.5199966430664,69.68000030517578,68.97000122070312,69.2300033569336,9129500
2016-07-18,69.02999877929688,69.30999755859375,68.58999633789062,69.27999877929688,9401100
2016-07-19,69.11000061035156,69.22000122070312,68.62999725341797,68.88999938964844,6991900
2016-07-20,68.61000061035156,69.12999725341797,68.04000091552734,68.79000091552734,11555000
2016-07-21,68.5999984741211,69.2300033569336,67.94000244140625,68.11000061035156,9256900
2016-07-22,68.26000213623047,68.43000030517578,67.87999725341797,68.31999969482422,7990600
2016-07-25,67.87000274658203,68.0199966430664,66.70999908447266,66.95999908447266,12771700
2016-07-26,66.56999969482422,67.41000366210938,66.52999877929688,67.3499984741211,12393900
2016-07-27,67.44000244140625,67.93000030517578,66.4000015258789,66.69000244140625,16177900
2016-07-28,66.61000061035156,67.0199966430664,66.2300033569336,66.69999694824219,10863500
2016-07-29,65.75,67.45999908447266,65.69000244140625,67.37999725341797,16501800
2016-08-01,66.79000091552734,66.83999633789062,64.93000030517578,65.16000366210938,30648500
2016-08-02,65.62000274658203,66.06999969482422,64.56999969482422,65.75,25600100
2016-08-03,65.76000213623047,67.05000305175781,65.5,67.0199966430664,23905600
2016-08-04,66.7699966430664,67.37999725341797,66.54000091552734,66.91999816894531,16790200
2016-08-05,66.95999908447266,67.62000274658203,66.83999633789062,67.52999877929688,11426800
2016-08-08,68.0,68.88999938964844,67.9800033569336,68.43000030517578,21663400
2016-08-09,68.62000274658203,68.7300033569336,67.80000305175781,68.06999969482422,11128400
2016-08-10,68.20999908447266,68.36000061035156,67.19000244140625,67.33000183105469,18036800
2016-08-11,67.62000274658203,68.61000061035156,67.47000122070312,68.31999969482422,17429700
2016-08-12,68.5,68.91000366210938,68.31999969482422,68.69999694824219,10189700
2016-08-15,69.08999633789062,69.38999938964844,68.88999938964844,69.25,10703400
2016-08-16,69.12999725341797,69.58000183105469,68.70999908447266,69.36000061035156,10242800
2016-08-17,69.0199966430664,69.61000061035156,68.94999694824219,69.56999969482422,14719500
2016-08-18,69.80999755859375,71.0,69.73999786376953,71.0,24148500
2016-08-19,70.7699966430664,70.7699966430664,70.1500015258789,70.41000366210938,11045700
2016-08-22,69.80000305175781,69.93000030517578,69.27999877929688,69.5999984741211,14136700
2016-08-23,69.5999984741211,70.2699966430664,69.5999984741211,70.08999633789062,12456200
2016-08-24,69.69999694824219,70.16000366210938,69.62999725341797,69.80999755859375,16452600
2016-08-25,69.69999694824219,69.91000366210938,69.38999938964844,69.62000274658203,11895800
2016-08-26,69.73999786376953,70.27999877929688,69.05000305175781,69.37999725341797,14575100
2016-08-29,69.18000030517578,69.91000366210938,69.0999984741211,69.8499984741211,7394000
2016-08-30,70.01000213623047,70.27999877929688,69.3499984741211,69.61000061035156,7132900
2016-08-31,69.22000122070312,69.31999969482422,68.12999725341797,68.51000213623047,13232800
2016-09-01,68.22000122070312,68.47000122070312,67.7699966430664,68.30999755859375,16668500
2016-09-02,68.9800033569336,69.25,68.6500015258789,69.08000183105469,10794400
2016-09-06,69.26000213623047,70.18000030517578,69.19999694824219,70.12000274658203,12844100
2016-09-07,70.44000244140625,70.66999816894531,70.12999725341797,70.5199966430664,15094500
2016-09-08,70.97000122070312,71.94000244140625,70.62999725341797,71.83999633789062,18005300
2016-09-09,71.16999816894531,71.38999938964844,69.69999694824219,69.69999694824219,21771800
2016-09-12,69.20999908447266,70.75,69.08000183105469,70.38999938964844,21972900
2016-09-13,69.62000274658203,69.6500015258789,68.18000030517578,68.37999725341797,24580400
2016-09-14,68.30000305175781,69.12000274658203,67.4000015258789,67.56999969482422,26470200
2016-09-15,67.83999633789062,68.91000366210938,67.7300033569336,68.41000366210938,16477400
2016-09-16,67.01000213623047,67.69999694824219,67.01000213623047,67.44999694824219,17394400
2016-09-19,68.0,68.19000244140625,67.4000015258789,67.41000366210938,11797500
2016-09-20,67.33000183105469,67.79000091552734,66.87000274658203,66.91999816894531,14132900
2016-09-21,67.5,68.5,67.41999816894531,68.47000122070312,20260900
2016-09-22,69.20999908447266,69.45999908447266,68.48999786376953,68.55000305175781,13315900
2016-09-23,68.22000122070312,68.83999633789062,67.25,67.63999938964844,23075200
2016-09-26,67.87000274658203,68.2300033569336,67.20999908447266,67.33999633789062,13240200
2016-09-27,66.66999816894531,67.06999969482422,66.13999938964844,66.88999938964844,19410200
2016-09-28,67.27999877929688,69.87999725341797,66.70999908447266,69.77999877929688,41143400
2016-09-29,69.7300033569336,70.44999694824219,69.02999877929688,69.66000366210938,27001600
2016-09-30,70.1500015258789,70.9800033569336,69.69999694824219,70.61000061035156,14714500
2016-10-03,70.7300033569336,70.83999633789062,69.97000122070312,70.55999755859375,13154900
2016-10-04,70.62000274658203,70.79000091552734,69.55999755859375,69.83999633789062,11852800
2016-10-05,70.55000305175781,71.23999786376953,70.4800033569336,70.91000366210938,13351200
2016-10-06,71.12000274658203,71.3499984741211,70.37999725341797,71.0199966430664,11175800
2016-10-07,71.02999877929688,71.33000183105469,70.4000015258789,70.61000061035156,11744400
2016-10-10,70.61000061035156,71.9800033569336,70.61000061035156,71.72000122070312,11534500
2016-10-11,71.47000122070312,71.58999633789062,70.51000213623047,70.9000015258789,13712200
2016-10-12,70.5999984741211,70.8499984741211,70.0,70.5999984741211,10439100
2016-10-13,70.16000366210938,70.56999969482422,69.29000091552734,70.20999908447266,13543400
2016-10-14,70.56999969482422,70.80000305175781,69.75,69.80000305175781,11372400
2016-10-17,69.81999969482422,70.04000091552734,69.08000183105469,69.45999908447266,7425000
2016-10-18,70.1500015258789,70.30000305175781,69.43000030517578,69.73999786376953,6945100
2016-10-19,70.27999877929688,71.2699966430664,70.20999908447266,70.7300033569336,14315900
2016-10-20,70.30999755859375,70.94000244140625,69.91999816894531,70.6500015258789,12494500
2016-10-21,70.19000244140625,70.30999755859375,69.77999877929688,70.19000244140625,14238500
2016-10-24,70.19000244140625,70.43000030517578,69.20999908447266,69.9800033569336,10668400
2016-10-25,69.95999908447266,70.70999908447266,69.54000091552734,69.66000366210938,13227100
2016-10-26,69.04000091552734,70.11000061035156,68.91999816894531,69.81999969482422,17867800
2016-10-27,70.12000274658203,70.22000122070312,69.54000091552734,69.55999755859375,14206300
2016-10-28,69.44000244140625,70.43000030517578,68.93000030517578,69.37000274658203,18558400
2016-10-31,69.12000274658203,69.48999786376953,68.5,68.62000274658203,12973800
2016-11-01,69.12999725341797,69.37000274658203,67.87999725341797,68.62999725341797,18824800
2016-11-02,67.9800033569336,68.22000122070312,67.0,67.87000274658203,22983000
2016-11-03,67.87000274658203,68.26000213623047,67.5,68.13999938964844,12748100
2016-11-04,67.80000305175781,68.45999908447266,67.36000061035156,67.7699966430664,17554100
2016-11-07,68.54000091552734,69.2699966430664,68.54000091552734,69.2300033569336,14799500
2016-11-08,68.88999938964844,69.70999908447266,68.79000091552734,69.31999969482422,11208700
2016-11-09,69.55999755859375,70.97000122070312,68.75,70.44999694824219,25993800
2016-11-10,70.4000015258789,71.27999877929688,70.16000366210938,70.75,20634800
2016-11-11,70.33000183105469,70.47000122070312,68.88999938964844,69.45999908447266,17659700
2016-11-14,69.20999908447266,69.91999816894531,68.83000183105469,69.8499984741211,12572000
2016-11-15,70.45999908447266,71.86000061035156,70.4000015258789,71.81999969482422,19228700
2016-11-16,71.66000366210938,72.13999938964844,71.0999984741211,71.31999969482422,16609100
2016-11-17,71.91999816894531,72.38999938964844,70.66000366210938,70.83999633789062,10338000
2016-11-18,71.08999633789062,71.52999877929688,70.7300033569336,71.12999725341797,11962300
2016-11-21,72.12999725341797,72.9000015258789,72.12999725341797,72.81999969482422,16875400
2016-11-22,72.83999633789062,73.19999694824219,71.9000015258789,72.77999877929688,16013200
2016-11-23,72.43000030517578,73.30999755859375,72.3499984741211,73.08000183105469,11462000
2016-11-25,72.7699966430664,72.93000030517578,72.36000061035156,72.72000122070312,8791800
2016-11-28,73.06999969482422,73.08999633789062,71.58000183105469,71.70999908447266,18790100
2016-11-29,70.62000274658203,71.26000213623047,70.06999969482422,70.83000183105469,18361700
2016-11-30,73.29000091552734,75.12000274658203,73.29000091552734,74.43000030517578,44854800
2016-12-01,75.80999755859375,76.05999755859375,74.55000305175781,74.61000061035156,27382400
2016-12-02,74.56999969482422,75.18000030517578,74.36000061035156,74.83000183105469,18338800
2016-12-05,75.51000213623047,76.0999984741211,75.19000244140625,75.48999786376953,22535100
2016-12-06,75.02999877929688,75.6500015258789,74.58000183105469,75.3499984741211,16963500
2016-12-07,75.18000030517578,76.05999755859375,75.18000030517578,75.94999694824219,16008300
2016-12-08,76.1500015258789,76.45999908447266,75.55999755859375,76.36000061035156,14600200
2016-12-09,76.76000213623047,76.76000213623047,76.16000366210938,76.5999984741211,8974800
2016-12-12,78.30000305175781,78.44999694824219,76.63999938964844,76.95999908447266,16130200
2016-12-13,77.54000091552734,78.38999938964844,76.83000183105469,77.83000183105469,16028600
2016-12-14,77.45999908447266,77.7699966430664,76.05999755859375,76.2699966430664,19851400
2016-12-15,75.94999694824219,76.72000122070312,75.5199966430664,76.44000244140625,20251800
2016-12-16,76.58000183105469,76.58000183105469,76.12000274658203,76.51000213623047,17864900
2016-12-19,76.43000030517578,76.56999969482422,76.01000213623047,76.16000366210938,7113200
2016-12-20,76.55000305175781,76.6500015258789,75.77999877929688,75.98999786376953,8982100
2016-12-21,76.1500015258789,76.45999908447266,75.7300033569336,76.11000061035156,8102700
2016-12-22,76.16000366210938,76.62000274658203,76.01000213623047,76.41999816894531,10970400
2016-12-23,76.30000305175781,76.51000213623047,76.18000030517578,76.3499984741211,6398100
2016-12-27,76.47000122070312,76.77999877929688,76.4000015258789,76.5199966430664,10008900
2016-12-28,76.69000244140625,76.72000122070312,75.62999725341797,75.69000244140625,8093700
2016-12-29,75.58000183105469,75.80000305175781,75.2699966430664,75.54000091552734,6697400
2016-12-30,75.47000122070312,75.88999938964844,75.08000183105469,75.31999969482422,8853300
2017-01-03,76.11000061035156,76.80999755859375,75.36000061035156,76.16999816894531,24623100
2017-01-04,76.2300033569336,76.37000274658203,75.76000213623047,76.01000213623047,11185500
2017-01-05,76.05999755859375,76.33999633789062,75.45999908447266,75.81999969482422,11141200
2017-01-06,76.05999755859375,76.1500015258789,75.38999938964844,75.88999938964844,7410500
2017-01-09,75.38999938964844,75.45999908447266,74.68000030517578,74.79000091552734,10960900
2017-01-10,74.7300033569336,74.9000015258789,74.05000305175781,74.11000061035156,9660800
2017-01-11,74.37000274658203,75.05000305175781,74.05999755859375,74.91000366210938,13127000
2017-01-12,75.33000183105469,75.41000366210938,74.30000305175781,74.5999984741211,10895600
2017-01-13,74.5,74.66000366210938,74.19000244140625,74.37999725341797,9906700
2017-01-17,74.61000061035156,75.0199966430664,74.55000305175781,74.83999633789062,9783000
2017-01-18,74.43000030517578,74.87000274658203,74.33999633789062,74.66999816894531,8725200
2017-01-19,74.66999816894531,74.69999694824219,74.08000183105469,74.26000213623047,9000900
2017-01-20,74.73999786376953,74.98999786376953,74.29000091552734,74.54000091552734,9182200
2017-01-23,74.19999694824219,74.3499984741211,73.38999938964844,73.75,15207000
2017-01-24,74.04000091552734,74.87999725341797,73.9000015258789,74.55999755859375,11857200
2017-01-25,74.58000183105469,75.18000030517578,74.55999755859375,74.94999694824219,9410300
2017-01-26,75.19000244140625,75.30999755859375,74.8499984741211,75.01000213623047,8651700
2017-01-27,74.55000305175781,74.62999725341797,74.01000213623047,74.2300033569336,9950900
2017-01-30,73.88999938964844,73.93000030517578,72.36000061035156,72.87000274658203,13286400
2017-01-31,72.91000366210938,73.0199966430664,72.12999725341797,72.9000015258789,14007400
2017-02-01,73.29000091552734,73.38999938964844,71.91000366210938,72.36000061035156,18424300
2017-02-02,72.4800033569336,72.9000015258789,71.9000015258789,72.7699966430664,12880100
2017-02-03,73.05999755859375,73.77999877929688,72.62999725341797,73.4000015258789,11828600
2017-02-06,73.4000015258789,73.6500015258789,72.56999969482422,72.77999877929688,10521700
2017-02-07,72.45999908447266,72.80000305175781,71.37000274658203,71.75,14157800
2017-02-08,71.75,72.08000183105469,70.6500015258789,71.91999816894531,16148400
2017-02-09,72.3499984741211,72.94999694824219,72.3499984741211,72.7300033569336,9261600
2017-02-10,73.30999755859375,73.69000244140625,73.05999755859375,73.27999877929688,10405400
2017-02-13,73.12999725341797,73.44999694824219,72.98999786376953,73.41999816894531,7984900
2017-02-14,73.62999725341797,73.69000244140625,72.73999786376953,73.66000366210938,10771700
2017-02-15,73.44000244140625,73.76000213623047,73.12999725341797,73.37000274658203,8926600
2017-02-16,73.44000244140625,73.54000091552734,72.26000213623047,72.37000274658203,11375400
2017-02-17,72.0,72.20999908447266,71.73999786376953,71.97000122070312,11645000
2017-02-21,72.6500015258789,72.8499984741211,72.3499984741211,72.45999908447266,11802500
2017-02-22,72.12000274658203,72.19999694824219,71.30999755859375,71.36000061035156,11539400
2017-02-23,72.16000366210938,72.27999877929688,71.20999908447266,71.66000366210938,17390100
2017-02-24,71.13999938964844,71.41000366210938,70.62999725341797,70.98999786376953,13997600
2017-02-27,71.05999755859375,71.91000366210938,70.94000244140625,71.5999984741211,23686400
2017-02-28,71.38999938964844,71.72000122070312,71.18000030517578,71.37999725341797,14018400
2017-03-01,72.04000091552734,73.13999938964844,71.98999786376953,72.80999755859375,18997600
2017-03-02,72.44999694824219,72.80999755859375,72.08999633789062,72.12000274658203,10770300
2017-03-03,72.23999786376953,72.51000213623047,71.83000183105469,71.98999786376953,11166500
2017-03-06,71.87000274658203,72.25,71.58999633789062,72.1500015258789,8374700
2017-03-07,72.41000366210938,72.43000030517578,71.41999816894531,71.51000213623047,11461800
2017-03-08,71.22000122070312,71.63999938964844,69.62000274658203,69.6500015258789,25566200
2017-03-09,69.30000305175781,70.1500015258789,68.88999938964844,70.11000061035156,27770700
2017-03-10,70.55999755859375,70.6500015258789,69.5999984741211,70.01000213623047,17479300
2017-03-13,69.94000244140625,70.36000061035156,69.77999877929688,70.0199966430664,13078800
2017-03-14,69.4800033569336,69.48999786376953,68.62000274658203,69.2300033569336,26384800
2017-03-15,69.81999969482422,70.93000030517578,69.4800033569336,70.7699966430664,23205000
2017-03-16,70.91999816894531,70.91999816894531,70.06999969482422,70.2699966430664,16277500
2017-03-17,70.13999938964844,70.29000091552734,69.80000305175781,69.80000305175781,14243900
2017-03-20,69.56999969482422,69.8499984741211,69.1500015258789,69.69999694824219,12218700
2017-03-21,70.02999877929688,70.08000183105469,68.94999694824219,69.20999908447266,16717200
2017-03-22,69.0,69.43000030517578,68.72000122070312,69.11000061035156,12419600
2017-03-23,68.91000366210938,69.41999816894531,68.76000213623047,68.83000183105469,11800400
2017-03-24,68.93000030517578,69.08000183105469,68.43000030517578,68.55999755859375,10442500
2017-03-27,67.91000366210938,68.43000030517578,67.86000061035156,68.23999786376953,11491300
2017-03-28,68.33999633789062,69.37999725341797,68.18000030517578,69.20999908447266,27922600
2017-03-29,69.19999694824219,70.27999877929688,69.01000213623047,70.16000366210938,18575200
2017-03-30,70.5999984741211,70.7699966430664,69.95999908447266,70.13999938964844,15912300
2017-03-31,69.91000366210938,70.33999633789062,69.58000183105469,69.9000015258789,19861200
2017-04-03,70.01000213623047,70.05999755859375,69.08000183105469,69.77999877929688,13133300
2017-04-04,69.93000030517578,70.3499984741211,69.26000213623047,70.29000091552734,12974000
2017-04-05,70.87999725341797,71.48999786376953,69.97000122070312,70.06999969482422,22733700
2017-04-06,70.3499984741211,70.83000183105469,70.16000366210938,70.62999725341797,13124700
2017-04-07,70.66999816894531,70.86000061035156,70.25,70.36000061035156,12580300
2017-04-10,70.75,71.20999908447266,70.5999984741211,70.88999938964844,10820900
2017-04-11,71.0,71.02999877929688,70.13999938964844,70.9000015258789,13891500
2017-04-12,70.97000122070312,71.41999816894531,70.37999725341797,70.5999984741211,11453600
2017-04-13,70.54000091552734,70.58999633789062,69.1500015258789,69.30999755859375,17656000
2017-04-17,69.29000091552734,69.52999877929688,69.12000274658203,69.45999908447266,8012200
2017-04-18,69.1500015258789,69.61000061035156,68.66999816894531,68.80999755859375,14750300
2017-04-19,68.9800033569336,69.11000061035156,67.62000274658203,67.80000305175781,18125400
2017-04-20,68.0,68.62999725341797,67.93000030517578,68.12999725341797,16235400
2017-04-21,67.83999633789062,68.12999725341797,67.44999694824219,67.79000091552734,14116100
2017-04-24,68.29000091552734,68.47000122070312,67.9800033569336,68.19000244140625,13350700
2017-04-25,68.36000061035156,68.93000030517578,68.1500015258789,68.7699966430664,15591000
2017-04-26,68.44999694824219,69.47000122070312,68.41999816894531,68.54000091552734,18737600
2017-04-27,68.01000213623047,68.08000183105469,67.11000061035156,67.79000091552734,20547700
2017-04-28,68.37000274658203,68.48999786376953,67.73999786376953,67.83999633789062,14426000
2017-05-01,67.81999969482422,68.01000213623047,67.5,67.6500015258789,9419400
2017-05-02,67.79000091552734,68.01000213623047,67.02999877929688,67.30999755859375,16435600
2017-05-03,67.16000366210938,67.81999969482422,66.97000122070312,67.5,16934800
2017-05-04,67.02999877929688,67.11000061035156,65.83000183105469,66.26000213623047,33944500
2017-05-05,66.30000305175781,67.41999816894531,66.2699966430664,67.30999755859375,18743800
2017-05-08,67.30000305175781,67.91000366210938,67.23999786376953,67.79000091552734,18948700
2017-05-09,67.93000030517578,67.93000030517578,67.02999877929688,67.2300033569336,10719700
2017-05-10,67.62000274658203,68.44000244140625,67.55999755859375,68.12000274658203,18259200
2017-05-11,68.36000061035156,68.4800033569336,67.87999725341797,67.9800033569336,11968700
2017-05-12,67.93000030517578,68.05999755859375,67.55000305175781,67.75,10708600
2017-05-15,68.76000213623047,68.87000274658203,68.05999755859375,68.27999877929688,13206900
2017-05-16,68.5999984741211,68.5999984741211,67.69999694824219,67.94000244140625,11693400
2017-05-17,67.54000091552734,68.12000274658203,67.23999786376953,67.2699966430664,15606800
2017-05-18,66.97000122070312,67.58000183105469,66.72000122070312,67.25,14115000
2017-05-19,67.58000183105469,68.22000122070312,67.41999816894531,68.08000183105469,15624500
2017-05-22,68.44000244140625,68.4800033569336,67.69000244140625,67.93000030517578,10339200
2017-05-23,68.11000061035156,68.18000030517578,67.7300033569336,68.08999633789062,9086800
2017-05-24,68.01000213623047,68.22000122070312,67.41999816894531,67.7300033569336,13480700
2017-05-25,67.55999755859375,68.2300033569336,66.26000213623047,66.5,23329200
2017-05-26,66.5,66.66999816894531,66.18000030517578,66.61000061035156,13199100
2017-05-30,66.26000213623047,66.26000213623047,65.69000244140625,65.72000122070312,14529100
2017-05-31,65.19999694824219,65.63999938964844,65.0999984741211,65.44000244140625,16093000
2017-06-01,65.47000122070312,66.08999633789062,65.26000213623047,65.8499984741211,17983700
2017-06-02,65.55000305175781,65.56999969482422,64.80999755859375,65.08999633789062,16542500
2017-06-05,64.88999938964844,65.44999694824219,64.87000274658203,65.20999908447266,12552500
2017-06-06,65.16999816894531,66.08999633789062,65.0199966430664,65.9800033569336,14835300
2017-06-07,65.70999908447266,66.02999877929688,64.5999984741211,65.05000305175781,22942100
2017-06-08,64.73999786376953,65.33999633789062,64.72000122070312,64.86000061035156,19569300
2017-06-09,65.01000213623047,66.63999938964844,65.0,66.41999816894531,23184200
2017-06-12,67.01000213623047,67.55000305175781,66.75,66.88999938964844,22924400
2017-06-13,67.08999633789062,67.4800033569336,66.7699966430664,67.38999938964844,15807900
2017-06-14,67.20999908447266,67.20999908447266,65.66000366210938,66.16999816894531,30280200
2017-06-15,65.87000274658203,66.19999694824219,65.37999725341797,65.66999816894531,19258900
2017-06-16,65.61000061035156,66.33000183105469,65.19000244140625,66.30000305175781,24621000
2017-06-19,66.1500015258789,66.29000091552734,65.70999908447266,65.87999725341797,15678400
2017-06-20,65.12000274658203,65.22000122070312,64.30999755859375,65.04000091552734,16063400
2017-06-21,64.83999633789062,65.22000122070312,63.63999938964844,63.9900016784668,27305500
2017-06-22,64.0199966430664,64.5,63.689998626708984,63.95000076293945,15431600
2017-06-23,63.959999084472656,64.44999694824219,63.779998779296875,64.37999725341797,14555500
2017-06-26,64.58000183105469,64.69999694824219,63.97999954223633,64.23999786376953,13603400
2017-06-27,64.47000122070312,64.76000213623047,64.12999725341797,64.13999938964844,14227500
2017-06-28,64.22000122070312,64.87999725341797,64.18000030517578,64.48999786376953,16859900
2017-06-29,64.68000030517578,65.33999633789062,64.48999786376953,64.62999725341797,19022400
2017-06-30,65.0999984741211,65.22000122070312,64.5,64.91999816894531,19643200
2017-07-03,65.1500015258789,66.4800033569336,65.08000183105469,66.16999816894531,18402800
2017-07-05,65.83999633789062,65.9000015258789,64.58000183105469,64.83000183105469,20988200
2017-07-06,64.94000244140625,65.12999725341797,63.970001220703125,64.11000061035156,20683600
2017-07-07,63.900001525878906,64.0999984741211,63.290000915527344,64.01000213623047,16036700
2017-07-10,63.91999816894531,64.37000274658203,63.779998779296875,64.22000122070312,14153800
2017-07-11,64.33000183105469,64.80000305175781,63.93000030517578,64.56999969482422,11899800
2017-07-12,65.20999908447266,65.37000274658203,64.47000122070312,64.75,14818600
2017-07-13,64.80000305175781,65.05999755859375,64.44000244140625,65.01000213623047,10056800
2017-07-14,65.05000305175781,65.5199966430664,64.98999786376953,65.4000015258789,10272500
2017-07-17,65.27999877929688,65.7699966430664,65.22000122070312,65.31999969482422,12214900
2017-07-18,65.6500015258789,65.66999816894531,64.73999786376953,65.01000213623047,14956800
2017-07-19,64.94000244140625,66.0199966430664,64.88999938964844,65.95999908447266,24802700
2017-07-20,66.33000183105469,66.56999969482422,65.58000183105469,65.76000213623047,17159300
2017-07-21,65.54000091552734,65.8499984741211,65.0199966430664,65.11000061035156,13047600
2017-07-24,65.25,65.3499984741211,64.83999633789062,64.98999786376953,10433400
2017-07-25,65.7699966430664,66.27999877929688,65.62000274658203,65.80999755859375,15479300
2017-07-26,66.18000030517578,66.63999938964844,65.69999694824219,65.87999725341797,21211400
2017-07-27,65.9000015258789,66.58000183105469,65.5999984741211,66.55000305175781,15815900
2017-07-28,66.33000183105469,67.12999725341797,66.22000122070312,66.47000122070312,14765000
2017-07-31,66.48999786376953,67.0,66.30999755859375,66.62000274658203,13519500
2017-08-01,66.66000366210938,66.98999786376953,66.31999969482422,66.61000061035156,12668700
2017-08-02,66.2699966430664,66.62999725341797,65.68000030517578,66.36000061035156,15118500
2017-08-03,66.25,66.36000061035156,65.13999938964844,65.43000030517578,15327800
2017-08-04,65.45999908447266,65.81999969482422,65.30999755859375,65.63999938964844,9371000
2017-08-07,65.36000061035156,65.4800033569336,64.94000244140625,65.13999938964844,11437300
2017-08-08,64.94999694824219,65.55999755859375,64.80000305175781,64.98999786376953,10429100
2017-08-09,65.08999633789062,65.45999908447266,64.80999755859375,65.05000305175781,10437900
2017-08-10,65.16000366210938,65.2699966430664,64.25,64.36000061035156,15262100
2017-08-11,64.16000366210938,64.5199966430664,63.880001068115234,63.939998626708984,15990900
2017-08-14,64.05999755859375,64.33999633789062,63.66999816894531,63.75,11406700
2017-08-15,63.849998474121094,63.849998474121094,63.13999938964844,63.5099983215332,12725600
2017-08-16,63.529998779296875,63.709999084472656,62.77000045776367,62.900001525878906,16583300
2017-08-17,62.650001525878906,62.88999938964844,61.9900016784668,62.0099983215332,14796900
2017-08-18,61.849998474121094,62.7400016784668,61.810001373291016,62.31999969482422,18632700
2017-08-21,62.22999954223633,62.2599983215332,61.79999923706055,62.0,10375200
2017-08-22,62.16999816894531,62.54999923706055,62.130001068115234,62.40999984741211,15171800
2017-08-23,62.279998779296875,63.0,62.220001220703125,62.68000030517578,11526000
2017-08-24,62.459999084472656,62.869998931884766,62.439998626708984,62.720001220703125,10390500
2017-08-25,62.84000015258789,63.25,62.81999969482422,63.0,8220200
2017-08-28,63.029998779296875,63.2400016784668,62.380001068115234,62.720001220703125,9956000
2017-08-29,62.41999816894531,62.720001220703125,62.18000030517578,62.63999938964844,8727100
2017-08-30,62.400001525878906,62.86000061035156,62.220001220703125,62.66999816894531,8664400
2017-08-31,62.939998626708984,63.130001068115234,62.72999954223633,62.970001220703125,10333700
2017-09-01,63.06999969482422,63.790000915527344,62.90999984741211,63.58000183105469,11595500
2017-09-05,63.84000015258789,64.23999786376953,63.47999954223633,63.93000030517578,18114800
2017-09-06,64.25,65.1500015258789,64.22000122070312,64.97000122070312,17052100
2017-09-07,65.0,65.25,64.66000366210938,65.08999633789062,8640300
2017-09-08,64.94999694824219,64.98999786376953,64.0999984741211,64.4000015258789,10264700
2017-09-11,64.6500015258789,65.0999984741211,64.5,65.01000213623047,13551100
2017-09-12,65.19999694824219,65.55000305175781,65.02999877929688,65.41000366210938,9409700
2017-09-13,65.55000305175781,66.2699966430664,65.4800033569336,66.2300033569336,15893300
2017-09-14,66.36000061035156,67.0,66.3499984741211,66.55000305175781,14583400
2017-09-15,65.81999969482422,65.83999633789062,65.4000015258789,65.83999633789062,13068100
2017-09-18,65.69000244140625,66.16000366210938,65.63999938964844,66.12000274658203,12583500
2017-09-19,66.26000213623047,66.48999786376953,66.12999725341797,66.38999938964844,10504300
2017-09-20,66.58000183105469,67.0199966430664,66.5199966430664,66.83999633789062,18273800
2017-09-21,66.75,67.02999877929688,66.55999755859375,66.86000061035156,8874100
2017-09-22,66.80000305175781,67.38999938964844,66.7300033569336,67.19999694824219,14647900
2017-09-25,67.51000213623047,68.37000274658203,67.44000244140625,68.16999816894531,14833800
2017-09-26,68.0,68.2699966430664,67.80999755859375,68.13999938964844,10710700
2017-09-27,68.19999694824219,68.44999694824219,67.81999969482422,68.43000030517578,10918200
2017-09-28,68.58000183105469,68.9000015258789,68.30000305175781,68.48999786376953,11799900
2017-09-29,68.25,68.48999786376953,68.02999877929688,68.4800033569336,14287500
2017-10-02,67.75,68.4800033569336,67.48999786376953,68.45999908447266,12416800
2017-10-03,68.37000274658203,68.62000274658203,68.23999786376953,68.38999938964844,7239800
2017-10-04,68.38999938964844,68.58999633789062,68.0999984741211,68.33999633789062,10197600
2017-10-05,68.38999938964844,68.76000213623047,68.3499984741211,68.6500015258789,10161800
2017-10-06,68.0,68.37999725341797,67.83999633789062,68.06999969482422,11963300
2017-10-09,68.1500015258789,68.41999816894531,68.06999969482422,68.20999908447266,5764100
2017-10-10,68.69000244140625,68.93000030517578,68.19999694824219,68.2699966430664,7763700
2017-10-11,68.19000244140625,68.47000122070312,67.91000366210938,68.43000030517578,10287000
2017-10-12,67.91000366210938,68.2699966430664,67.80000305175781,68.18000030517578,10181100
2017-10-13,68.58000183105469,68.77999877929688,68.0999984741211,68.13999938964844,8893700
2017-10-16,68.3499984741211,68.69000244140625,68.1500015258789,68.29000091552734,7666900
2017-10-17,68.2699966430664,68.47000122070312,67.95999908447266,68.33000183105469,8377100
2017-10-18,68.27999877929688,68.55999755859375,67.7699966430664,67.8499984741211,7706300
2017-10-19,67.37999725341797,67.91999816894531,67.3499984741211,67.63999938964844,7591900
2017-10-20,67.79000091552734,67.80999755859375,67.31999969482422,67.7699966430664,9820200
2017-10-23,67.81999969482422,68.04000091552734,67.36000061035156,67.41999816894531,8655300
2017-10-24,67.66000366210938,67.8499984741211,67.41000366210938,67.55000305175781,9820200
2017-10-25,67.43000030517578,67.62999725341797,66.87000274658203,67.08000183105469,13522700
2017-10-26,67.11000061035156,67.44000244140625,66.81999969482422,67.22000122070312,9362200
2017-10-27,66.87000274658203,67.69999694824219,66.33999633789062,67.33999633789062,16188000
2017-10-30,66.87000274658203,67.87999725341797,66.87000274658203,67.69000244140625,11614800
2017-10-31,67.72000122070312,68.16000366210938,67.41999816894531,67.91000366210938,9649000
2017-11-01,68.31999969482422,69.0,68.29000091552734,68.68000030517578,17306300
2017-11-02,68.68000030517578,68.87000274658203,68.06999969482422,68.4800033569336,11328300
2017-11-03,68.44999694824219,68.94999694824219,68.37999725341797,68.68000030517578,11111900
2017-11-06,68.98999786376953,70.33999633789062,68.87000274658203,70.25,19100000
2017-11-07,70.37000274658203,70.47000122070312,69.79000091552734,70.16000366210938,13410300
2017-11-08,69.98999786376953,70.16999816894531,69.43000030517578,69.81999969482422,14246600
2017-11-09,69.55000305175781,70.1500015258789,69.44999694824219,70.02999877929688,12988900
2017-11-10,69.91000366210938,69.97000122070312,69.12999725341797,69.66000366210938,10534200
2017-11-13,69.47000122070312,69.7300033569336,69.18000030517578,69.26000213623047,7489800
2017-11-14,69.0,69.0,68.05999755859375,68.13999938964844,16527700
2017-11-15,67.52999877929688,67.66999816894531,67.08999633789062,67.37000274658203,17693100
2017-11-16,67.16000366210938,67.4000015258789,66.91000366210938,67.0999984741211,12514000
2017-11-17,67.2300033569336,67.56999969482422,67.05999755859375,67.43000030517578,9172400
2017-11-20,67.3499984741211,67.41000366210938,66.97000122070312,67.2699966430664,7785300
2017-11-21,67.52999877929688,67.80000305175781,67.27999877929688,67.41999816894531,8464400
2017-11-22,67.81999969482422,67.95999908447266,67.6500015258789,67.69000244140625,9307500
2017-11-24,67.95999908447266,68.0999984741211,67.87000274658203,67.87999725341797,4990700
2017-11-27,67.58999633789062,67.66999816894531,67.05000305175781,67.19000244140625,10595800
2017-11-28,67.26000213623047,67.80999755859375,67.18000030517578,67.70999908447266,12113300
2017-11-29,67.68000030517578,68.20999908447266,67.54000091552734,68.08000183105469,13599300
2017-11-30,68.23999786376953,69.2300033569336,68.23999786376953,69.0999984741211,22303600
2017-12-01,69.58999633789062,70.16000366210938,68.94000244140625,69.68000030517578,21188300
2017-12-04,70.2699966430664,70.75,69.43000030517578,69.6500015258789,13575900
2017-12-05,69.6500015258789,69.9000015258789,69.2699966430664,69.3499984741211,10689800
2017-12-06,69.1500015258789,69.2699966430664,68.3499984741211,68.44999694824219,12061200
2017-12-07,68.37999725341797,68.7699966430664,68.31999969482422,68.6500015258789,8640000
2017-12-08,69.0,69.30999755859375,66.69000244140625,69.27999877929688,10696700
2017-12-11,69.41000366210938,70.13999938964844,69.37000274658203,69.77999877929688,11316700
2017-12-12,69.58999633789062,70.12999725341797,69.5,69.58999633789062,11758200
2017-12-13,69.58999633789062,69.75,69.29000091552734,69.48999786376953,9216000
2017-12-14,69.2300033569336,69.7300033569336,69.20999908447266,69.23999786376953,11782800
2017-12-15,69.2699966430664,69.2699966430664,68.62999725341797,68.72000122070312,10153400
2017-12-18,68.88999938964844,69.5999984741211,68.87000274658203,69.25,9660700
2017-12-19,69.56999969482422,69.75,69.19000244140625,69.3499984741211,6764200
2017-12-20,69.58000183105469,70.44999694824219,69.37000274658203,70.33000183105469,12254500
2017-12-21,70.36000061035156,72.02999877929688,70.29000091552734,71.81999969482422,16803100
2017-12-22,71.9000015258789,72.26000213623047,71.5999984741211,71.97000122070312,10660800
2017-12-26,72.2300033569336,72.72000122070312,72.08000183105469,72.5999984741211,8631100
2017-12-27,72.61000061035156,72.63999938964844,72.20999908447266,72.36000061035156,10855300
2017-12-28,72.3499984741211,72.47000122070312,72.22000122070312,72.47000122070312,7966800
2017-12-29,72.66000366210938,72.69999694824219,72.13999938964844,72.26000213623047,7356400
2018-01-02,72.62000274658203,73.52999877929688,72.38999938964844,73.44999694824219,14891400
2018-01-03,73.5999984741211,74.73999786376953,73.5199966430664,74.55000305175781,19299600
2018-01-04,74.5,75.05000305175781,74.2300033569336,75.0,14306800
2018-01-05,74.9000015258789,75.02999877929688,74.3499984741211,74.97000122070312,14204400
2018-01-08,74.94000244140625,75.45999908447266,74.73999786376953,75.41999816894531,9779200
2018-01-09,75.56999969482422,75.58999633789062,75.11000061035156,75.2300033569336,9234500
2018-01-10,75.44999694824219,75.5,75.08000183105469,75.13999938964844,10822000
2018-01-11,75.4000015258789,76.94999694824219,75.12999725341797,76.68000030517578,18089500
2018-01-12,76.69999694824219,77.62000274658203,76.69999694824219,77.41999816894531,19819200
2018-01-16,77.5999984741211,77.6500015258789,76.30000305175781,76.44000244140625,16894900
2018-01-17,76.66000366210938,77.44000244140625,76.16000366210938,77.11000061035156,14007400
2018-01-18,76.81999969482422,77.01000213623047,76.33999633789062,76.4800033569336,11514600
2018-01-19,76.30999755859375,76.41000366210938,75.87999725341797,76.37999725341797,12962700
2018-01-22,76.4800033569336,78.05999755859375,76.45999908447266,78.02999877929688,17016700
2018-01-23,78.18000030517578,78.26000213623047,77.5199966430664,77.91000366210938,10184900
2018-01-24,78.0,78.38999938964844,77.43000030517578,77.69999694824219,12919700
2018-01-25,78.08999633789062,78.08999633789062,76.94999694824219,77.08999633789062,11718400
2018-01-26,77.26000213623047,77.63999938964844,77.0999984741211,77.51000213623047,7785300
2018-01-29,77.19999694824219,77.47000122070312,76.22000122070312,76.33999633789062,12647200
2018-01-30,75.69999694824219,75.91000366210938,74.73999786376953,74.80000305175781,22751800
2018-01-31,75.0,75.12999725341797,74.33000183105469,74.8499984741211,15725300
2018-02-01,74.94999694824219,75.66999816894531,74.52999877929688,75.62000274658203,18011600
2018-02-02,74.2300033569336,74.41000366210938,72.05999755859375,72.45999908447266,31005400
2018-02-05,71.48999786376953,72.4000015258789,68.27999877929688,69.41999816894531,34767600
2018-02-06,68.2300033569336,70.47000122070312,67.9000015258789,69.97000122070312,32815200
2018-02-07,70.19000244140625,71.06999969482422,68.79000091552734,68.80000305175781,24603700
2018-02-08,68.87000274658203,69.1500015258789,66.69000244140625,66.72000122070312,27771100
2018-02-09,67.51000213623047,67.58000183105469,64.44999694824219,66.66999816894531,35174100
2018-02-12,67.52999877929688,68.51000213623047,67.20999908447266,67.76000213623047,24956900
2018-02-13,67.41000366210938,67.7699966430664,67.01000213623047,67.4800033569336,12285000
2018-02-14,66.81999969482422,68.66000366210938,66.66000366210938,68.45999908447266,19756900
2018-02-15,68.5999984741211,68.6500015258789,67.19000244140625,68.29000091552734,16469400
2018-02-16,68.0,68.76000213623047,67.70999908447266,68.12000274658203,13791100
2018-02-20,68.26000213623047,68.76000213623047,67.44000244140625,67.75,17808100
2018-02-21,67.55000305175781,68.18000030517578,66.61000061035156,66.61000061035156,12545400
2018-02-22,67.08999633789062,68.33000183105469,66.91999816894531,67.33999633789062,15330300
2018-02-23,67.66999816894531,68.8499984741211,67.55000305175781,68.80000305175781,15684800
2018-02-26,69.1500015258789,69.3499984741211,68.80999755859375,69.20999908447266,12156400
2018-02-27,69.3499984741211,69.9000015258789,68.30000305175781,68.30999755859375,13465700
2018-02-28,68.66999816894531,68.91999816894531,66.70999908447266,66.73999786376953,17622000
2018-03-01,66.66999816894531,67.69000244140625,66.16000366210938,66.63999938964844,22975000
2018-03-02,66.18000030517578,67.19000244140625,65.6500015258789,66.94999694824219,14578900
2018-03-05,66.63999938964844,67.87000274658203,66.5199966430664,67.66000366210938,12831500
2018-03-06,68.08000183105469,68.33000183105469,67.36000061035156,67.69999694824219,15677900
2018-03-07,66.97000122070312,67.68000030517578,66.55999755859375,67.19000244140625,12362600
2018-03-08,67.33999633789062,67.54000091552734,66.69000244140625,67.16999816894531,8013300
2018-03-09,67.69000244140625,68.51000213623047,67.62999725341797,68.44999694824219,11393100
2018-03-12,68.48999786376953,68.93000030517578,68.08999633789062,68.43000030517578,9486000
2018-03-13,68.63999938964844,68.94999694824219,67.66000366210938,67.94000244140625,10730900
2018-03-14,68.19999694824219,68.38999938964844,67.4000015258789,67.54000091552734,11348200
2018-03-15,67.79000091552734,68.08000183105469,66.68000030517578,67.19000244140625,12408500
2018-03-16,66.75,67.61000061035156,66.62000274658203,67.30999755859375,14342600
2018-03-19,67.0999984741211,67.19000244140625,65.88999938964844,66.2699966430664,14525000
2018-03-20,66.62999725341797,67.27999877929688,66.54000091552734,66.83000183105469,11259100
2018-03-21,67.2300033569336,69.0199966430664,67.0199966430664,68.58000183105469,16439600
2018-03-22,67.81999969482422,68.18000030517578,67.05000305175781,67.18000030517578,18483800
2018-03-23,67.5199966430664,68.30000305175781,66.62000274658203,66.7699966430664,19214300
2018-03-26,67.54000091552734,68.06999969482422,66.76000213623047,67.97000122070312,15953000
2018-03-27,68.26000213623047,68.54000091552734,66.94000244140625,67.33000183105469,13923100
2018-03-28,67.37000274658203,67.5999984741211,65.91000366210938,66.0199966430664,18228700
2018-03-29,66.30999755859375,67.68000030517578,66.30000305175781,67.41000366210938,13968100
2018-04-02,67.1500015258789,67.2699966430664,64.93000030517578,66.05999755859375,18993100
2018-04-03,66.30999755859375,67.52999877929688,65.68000030517578,67.47000122070312,14114300
2018-04-04,66.44000244140625,67.52999877929688,65.9800033569336,67.37999725341797,12490800
2018-04-05,67.55000305175781,69.0199966430664,67.55000305175781,68.58999633789062,13528400
2018-04-06,68.16000366210938,68.48999786376953,66.45999908447266,67.3499984741211,18883900
2018-04-09,67.66999816894531,68.52999877929688,67.4000015258789,67.66999816894531,10819800
2018-04-10,68.73999786376953,70.45999908447266,68.72000122070312,69.91000366210938,21842200
2018-04-11,69.80000305175781,70.80000305175781,69.70999908447266,70.63999938964844,21190900
2018-04-12,70.87999725341797,71.19000244140625,70.37999725341797,70.62999725341797,14311600
2018-04-13,71.01000213623047,71.69999694824219,70.91000366210938,71.41000366210938,13330400
2018-04-16,71.56999969482422,72.47000122070312,71.19000244140625,72.13999938964844,14024300
2018-04-17,72.33000183105469,72.75,71.91999816894531,72.41999816894531,16105300
2018-04-18,73.05000305175781,74.22000122070312,73.02999877929688,73.55999755859375,17311500
2018-04-19,73.62000274658203,74.19999694824219,73.19999694824219,73.6500015258789,18150300
2018-04-20,73.5,73.55999755859375,72.83000183105469,73.30000305175781,13690400
2018-04-23,73.06999969482422,73.76000213623047,72.66999816894531,73.75,14844600
2018-04-24,73.94999694824219,74.45999908447266,72.55999755859375,72.95999908447266,22787500
2018-04-25,72.7300033569336,73.63999938964844,72.2699966430664,73.54000091552734,13163300
2018-04-26,73.80999755859375,74.66999816894531,73.58000183105469,74.61000061035156,12216900
2018-04-27,73.8499984741211,74.19000244140625,73.52999877929688,73.81999969482422,10539300
2018-04-30,73.69999694824219,74.63999938964844,73.68000030517578,73.80999755859375,12963200
2018-05-01,73.44000244140625,73.48999786376953,72.43000030517578,73.36000061035156,13800900
2018-05-02,73.13999938964844,74.23999786376953,73.04000091552734,73.66000366210938,13434700
2018-05-03,73.31999969482422,73.61000061035156,72.5,73.48999786376953,15329600
2018-05-04,73.29000091552734,74.11000061035156,72.98999786376953,73.8499984741211,13585500
2018-05-07,74.43000030517578,75.56999969482422,73.80000305175781,73.94999694824219,17973700
2018-05-08,73.9800033569336,74.56999969482422,72.63999938964844,74.52999877929688,28774100
2018-05-09,75.44000244140625,76.88999938964844,75.43000030517578,76.05000305175781,24903900
2018-05-10,76.3499984741211,76.80000305175781,76.0,76.62000274658203,13890100
2018-05-11,76.79000091552734,77.25,76.55999755859375,76.7300033569336,12010700
2018-05-14,76.97000122070312,77.61000061035156,76.97000122070312,77.26000213623047,10226300
2018-05-15,77.08999633789062,77.4000015258789,76.69000244140625,77.27999877929688,10482700
2018-05-16,77.16999816894531,77.5999984741211,76.77999877929688,77.55000305175781,11997200
2018-05-17,77.80000305175781,78.83000183105469,77.76000213623047,78.72000122070312,16271300
2018-05-18,78.58000183105469,78.66000366210938,78.05000305175781,78.11000061035156,14092700
2018-05-21,78.55000305175781,78.91000366210938,78.1500015258789,78.91000366210938,11513100
2018-05-22,78.9000015258789,79.41999816894531,77.63999938964844,77.86000061035156,16583400
2018-05-23,77.41000366210938,77.91000366210938,76.7699966430664,77.8499984741211,16605800
2018-05-24,76.94999694824219,77.06999969482422,76.22000122070312,76.56999969482422,19154800
2018-05-25,75.22000122070312,75.31999969482422,73.83999633789062,74.58000183105469,32453500
2018-05-29,74.0,74.80999755859375,73.66000366210938,74.3499984741211,19327500
2018-05-30,74.98999786376953,76.94000244140625,74.95999908447266,76.5999984741211,23022200
2018-05-31,76.04000091552734,76.93000030517578,75.86000061035156,76.0199966430664,13258700
2018-06-01,76.27999877929688,76.88999938964844,75.97000122070312,76.37999725341797,14102500
2018-06-04,76.63999938964844,77.19999694824219,75.5199966430664,75.72000122070312,13689200
2018-06-05,75.3499984741211,76.12000274658203,75.18000030517578,75.54000091552734,13707900
2018-06-06,75.81999969482422,76.0999984741211,75.2300033569336,75.9000015258789,13479200
2018-06-07,76.30000305175781,77.48999786376953,76.27999877929688,77.05000305175781,15178900
2018-06-08,77.13999938964844,77.3499984741211,76.41999816894531,76.9000015258789,11236600
2018-06-11,76.87999725341797,77.6500015258789,76.72000122070312,77.30000305175781,10717800
2018-06-12,77.30000305175781,77.4800033569336,76.5,76.70999908447266,15707200
2018-06-13,76.47000122070312,76.87000274658203,76.11000061035156,76.41999816894531,12502100
2018-06-14,76.63999938964844,76.86000061035156,76.12999725341797,76.30999755859375,10291100
2018-06-15,75.36000061035156,75.51000213623047,74.01000213623047,74.16999816894531,16089400
2018-06-18,73.9800033569336,75.41000366210938,73.9800033569336,74.91000366210938,13184400
2018-06-19,74.01000213623047,75.0199966430664,73.80000305175781,74.73999786376953,12607600
2018-06-20,75.19000244140625,75.3499984741211,74.47000122070312,75.06999969482422,11655900
2018-06-21,74.54000091552734,74.58000183105469,73.33000183105469,73.68000030517578,15009800
2018-06-22,75.5,75.97000122070312,75.13999938964844,75.1500015258789,28036300
2018-06-25,74.93000030517578,75.04000091552734,73.13999938964844,73.63999938964844,18380300
2018-06-26,73.83000183105469,74.86000061035156,73.56999969482422,74.56999969482422,13523600
2018-06-27,75.19000244140625,76.51000213623047,75.16000366210938,75.56999969482422,20583900
2018-06-28,75.68000030517578,75.95999908447266,74.88999938964844,75.47000122070312,14285400
2018-06-29,75.68000030517578,76.73999786376953,75.68000030517578,75.94000244140625,13167900
2018-07-02,75.41000366210938,75.43000030517578,74.41000366210938,74.81999969482422,15296600
2018-07-03,75.5999984741211,76.45999908447266,75.11000061035156,75.29000091552734,9308200
2018-07-05,75.75,75.98999786376953,74.98999786376953,75.20999908447266,9969500
2018-07-06,74.9800033569336,75.91000366210938,74.62999725341797,75.66999816894531,9310300
2018-07-09,76.12999725341797,76.91000366210938,76.08999633789062,76.80000305175781,11059200
2018-07-10,77.2699966430664,78.0,77.18000030517578,77.37000274658203,11003600
2018-07-11,76.6500015258789,77.12000274658203,75.2300033569336,75.7300033569336,19362800
2018-07-12,75.93000030517578,76.3499984741211,75.31999969482422,75.86000061035156,12568000
2018-07-13,75.93000030517578,76.72000122070312,75.7300033569336,76.26000213623047,11423100
2018-07-16,75.51000213623047,75.87999725341797,74.73999786376953,75.37999725341797,11390600
2018-07-17,75.12999725341797,75.5,74.66000366210938,75.08000183105469,9753200
2018-07-18,74.72000122070312,75.23999786376953,73.9800033569336,75.12999725341797,15351500
2018-07-19,74.93000030517578,75.47000122070312,74.8499984741211,75.1500015258789,16231800
2018-07-20,75.1500015258789,75.31999969482422,74.6500015258789,74.88999938964844,10861200
2018-07-23,75.0999984741211,75.1500015258789,74.43000030517578,74.55999755859375,7623800
2018-07-24,74.88999938964844,75.94000244140625,74.79000091552734,75.5,10168500
2018-07-25,75.5999984741211,76.31999969482422,75.2300033569336,76.12999725341797,11035300
2018-07-26,76.29000091552734,77.0999984741211,76.13999938964844,76.95999908447266,12187400
2018-07-27,76.0999984741211,77.02999877929688,76.0,76.62999725341797,12640900
2018-07-30,77.23999786376953,77.55999755859375,76.9800033569336,77.26000213623047,11395000
2018-07-31,77.4000015258789,77.61000061035156,76.94000244140625,77.12000274658203,11290500
2018-08-01,76.44999694824219,76.4800033569336,75.63999938964844,76.05000305175781,11172500
2018-08-02,75.48999786376953,75.77999877929688,75.0,75.62999725341797,9689700
2018-08-03,75.48999786376953,75.62999725341797,74.86000061035156,75.23999786376953,7663300
2018-08-06,75.45999908447266,75.87999725341797,75.01000213623047,75.5199966430664,8200100
2018-08-07,76.29000091552734,76.5,75.83999633789062,76.08000183105469,11798300
2018-08-08,75.55000305175781,75.80999755859375,75.08000183105469,75.52999877929688,9398800
2018-08-09,75.58999633789062,75.7300033569336,74.70999908447266,74.83000183105469,15232500
2018-08-10,74.66000366210938,75.29000091552734,74.51000213623047,75.29000091552734,16977700
2018-08-13,75.1500015258789,75.41000366210938,74.29000091552734,74.33000183105469,9817000
2018-08-14,74.9000015258789,75.01000213623047,74.19999694824219,74.51000213623047,10437900
2018-08-15,73.80000305175781,73.91999816894531,71.69999694824219,71.91000366210938,26400400
2018-08-16,72.26000213623047,72.83999633789062,72.22000122070312,72.43000030517578,25013300
2018-08-17,72.62000274658203,72.80000305175781,72.3499984741211,72.61000061035156,11532700
2018-08-20,72.62999725341797,73.36000061035156,72.5999984741211,73.0999984741211,8345700
2018-08-21,73.70999908447266,74.05999755859375,73.38999938964844,73.47000122070312,9509100
2018-08-22,73.93000030517578,74.58000183105469,73.87999725341797,74.3499984741211,9345400
2018-08-23,74.0,74.12999725341797,73.72000122070312,74.0,6468900
2018-08-24,74.45999908447266,74.9800033569336,74.38999938964844,74.54000091552734,7753300
2018-08-27,74.79000091552734,75.19000244140625,74.68000030517578,75.08999633789062,6984900
2018-08-28,75.2300033569336,75.54000091552734,74.72000122070312,74.7699966430664,8393500
2018-08-29,75.01000213623047,75.54000091552734,74.77999877929688,75.2300033569336,7760400
2018-08-30,75.19999694824219,75.3499984741211,74.62999725341797,75.0199966430664,9250200
2018-08-31,74.79000091552734,74.80999755859375,74.12999725341797,74.44000244140625,8909600
2018-09-04,74.77999877929688,74.83999633789062,73.9800033569336,74.27999877929688,15094700
2018-09-05,73.94000244140625,74.22000122070312,73.19000244140625,74.18000030517578,9598100
2018-09-06,73.9000015258789,74.1500015258789,72.61000061035156,72.80999755859375,14406400
2018-09-07,72.54000091552734,72.93000030517578,71.77999877929688,72.80000305175781,10134400
2018-09-10,73.16999816894531,73.47000122070312,72.75,72.7699966430664,8911700
2018-09-11,72.69999694824219,73.87999725341797,72.5,73.45999908447266,14281600
2018-09-12,74.05999755859375,74.56999969482422,73.81999969482422,73.83999633789062,12689400
2018-09-13,73.72000122070312,74.01000213623047,73.2300033569336,73.87000274658203,11037400
2018-09-14,73.87999725341797,74.54000091552734,73.8499984741211,74.26000213623047,9494300
2018-09-17,74.44999694824219,74.87999725341797,74.19999694824219,74.37999725341797,14728900
2018-09-18,74.91000366210938,75.37999725341797,74.86000061035156,74.87000274658203,10223500
2018-09-19,74.88999938964844,75.41000366210938,74.81999969482422,75.0999984741211,10911500
2018-09-20,75.41999816894531,75.70999908447266,75.02999877929688,75.12000274658203,12512400
2018-09-21,75.01000213623047,75.3499984741211,74.5,75.0999984741211,13710100
2018-09-24,75.76000213623047,76.52999877929688,75.69999694824219,76.19999694824219,12784500
2018-09-25,76.68000030517578,77.01000213623047,76.58000183105469,76.69000244140625,13027600
2018-09-26,76.22000122070312,76.62000274658203,75.81999969482422,75.94999694824219,12728600
2018-09-27,76.25,76.3499984741211,75.75,75.94999694824219,10672100
2018-09-28,75.58999633789062,76.54000091552734,75.55000305175781,75.73999786376953,14833100
2018-10-01,76.0199966430664,77.11000061035156,76.0199966430664,76.79000091552734,12712600
2018-10-02,76.9800033569336,77.12999725341797,76.33999633789062,76.87000274658203,9468400
2018-10-03,77.19999694824219,77.72000122070312,76.9800033569336,77.48999786376953,13244800
2018-10-04,77.23999786376953,77.70999908447266,76.72000122070312,77.16999816894531,15192700
2018-10-05,77.08999633789062,77.41000366210938,76.69000244140625,77.16000366210938,11983200
2018-10-08,76.58999633789062,77.22000122070312,76.29000091552734,77.0999984741211,11578600
2018-10-09,77.37000274658203,78.36000061035156,77.04000091552734,77.79000091552734,16816700
2018-10-10,77.91999816894531,78.05000305175781,75.0,75.3499984741211,26405300
2018-10-11,74.62000274658203,74.66999816894531,72.25,72.80000305175781,35592100
2018-10-12,73.5199966430664,73.73999786376953,71.88999938964844,73.0,23579000
2018-10-15,72.98999786376953,73.29000091552734,72.37000274658203,72.38999938964844,11590400
2018-10-16,72.58999633789062,73.12000274658203,72.29000091552734,72.98999786376953,14571100
2018-10-17,72.8499984741211,73.06999969482422,71.91000366210938,72.52999877929688,15804200
2018-10-18,71.86000061035156,72.83999633789062,71.70999908447266,72.16999816894531,16586700
2018-10-19,71.80999755859375,72.58000183105469,71.4800033569336,71.52999877929688,13568100
2018-10-22,71.4800033569336,71.62999725341797,70.30999755859375,70.73999786376953,12294500
2018-10-23,69.69999694824219,69.72000122070312,67.91000366210938,68.88999938964844,26477700
2018-10-24,69.22000122070312,69.23999786376953,66.1500015258789,66.16999816894531,28100200
2018-10-25,66.9800033569336,67.66999816894531,66.52999877929688,66.9800033569336,25333300
2018-10-26,66.43000030517578,67.30000305175781,65.37999725341797,66.4800033569336,25579900
2018-10-29,66.97000122070312,67.05999755859375,64.37000274658203,65.23999786376953,24459800
2018-10-30,65.19999694824219,66.91000366210938,64.9000015258789,66.75,26397400
2018-10-31,67.4000015258789,68.29000091552734,67.06999969482422,67.16000366210938,17287800
2018-11-01,67.30000305175781,68.05000305175781,66.61000061035156,67.7300033569336,21475800
2018-11-02,68.4800033569336,68.9800033569336,66.87999725341797,67.55999755859375,21212500
2018-11-05,68.37999725341797,68.95999908447266,68.22000122070312,68.69000244140625,13231600
2018-11-06,68.86000061035156,69.16000366210938,68.19000244140625,69.01000213623047,13072100
2018-11-07,69.9000015258789,70.36000061035156,69.0999984741211,70.13999938964844,16662900
2018-11-08,69.81999969482422,70.37000274658203,68.37000274658203,68.62000274658203,15144900
2018-11-09,67.70999908447266,68.94000244140625,67.33999633789062,68.5,22917800
2018-11-12,68.97000122070312,69.26000213623047,66.94000244140625,67.08000183105469,18041600
2018-11-13,66.88999938964844,67.25,65.19000244140625,65.54000091552734,32731900
2018-11-14,66.55999755859375,66.80999755859375,64.83000183105469,65.43000030517578,22542100
2018-11-15,65.01000213623047,66.47000122070312,65.01000213623047,66.38999938964844,20306800
2018-11-16,66.80000305175781,67.41000366210938,66.47000122070312,67.18000030517578,19755500
2018-11-19,66.7699966430664,67.43000030517578,66.55999755859375,67.16000366210938,15583800
2018-11-20,66.27999877929688,66.44000244140625,64.45999908447266,64.95999908447266,26324400
2018-11-21,65.47000122070312,66.68000030517578,65.31999969482422,65.9800033569336,17330900
2018-11-23,64.33999633789062,64.56999969482422,63.439998626708984,63.90999984741211,14421800
2018-11-26,64.37999725341797,65.30000305175781,64.37000274658203,64.87000274658203,16682700
2018-11-27,64.54000091552734,65.16000366210938,64.31999969482422,64.69000244140625,22264300
2018-11-28,64.62999725341797,65.8499984741211,64.22000122070312,65.80000305175781,21148200
2018-11-29,65.8499984741211,66.76000213623047,65.76000213623047,66.2300033569336,14414200
2018-11-30,65.6500015258789,66.30000305175781,65.31999969482422,66.11000061035156,18129000
2018-12-03,67.62000274658203,67.98999786376953,66.79000091552734,67.58000183105469,21995400
2018-12-04,67.61000061035156,67.83000183105469,65.5199966430664,65.63999938964844,18296300
2018-12-06,64.19999694824219,64.52999877929688,63.06999969482422,64.43000030517578,35356100
2018-12-07,65.66000366210938,66.62999725341797,63.959999084472656,64.06999969482422,27445700
2018-12-10,63.619998931884766,63.93000030517578,61.619998931884766,63.06999969482422,23382800
2018-12-11,64.04000091552734,64.16000366210938,62.43000030517578,63.09000015258789,17241600
2018-12-12,64.12000274658203,64.55000305175781,63.29999923706055,63.34000015258789,19267400
2018-12-13,63.189998626708984,63.939998626708984,62.90999984741211,63.540000915527344,15299000
2018-12-14,63.150001525878906,63.40999984741211,61.790000915527344,62.09000015258789,22893600
2018-12-17,61.93000030517578,62.45000076293945,60.52000045776367,60.959999084472656,20732300
2018-12-18,60.849998474121094,61.06999969482422,59.189998626708984,59.52000045776367,26617000
2018-12-19,59.83000183105469,60.959999084472656,58.33000183105469,58.81999969482422,45548900
2018-12-20,58.099998474121094,58.9900016784668,56.84000015258789,57.189998626708984,38504400
2018-12-21,56.66999816894531,57.61000061035156,55.63999938964844,56.11000061035156,37393700
2018-12-24,55.45000076293945,55.720001220703125,53.790000915527344,53.84000015258789,15605900
2018-12-26,54.36000061035156,57.20000076293945,53.36000061035156,57.189998626708984,29097000
2018-12-27,56.040000915527344,57.560001373291016,55.279998779296875,57.4900016784668,24377300
2018-12-28,57.75,58.0099983215332,56.70000076293945,57.04999923706055,19437400
2018-12-31,57.560001373291016,57.77000045776367,56.68000030517578,57.349998474121094,18705200
2019-01-02,56.439998626708984,58.869998931884766,56.150001525878906,58.47999954223633,24892600
2019-01-03,58.650001525878906,58.86000061035156,57.2400016784668,57.900001525878906,18024100
2019-01-04,58.900001525878906,60.04999923706055,58.560001373291016,59.869998931884766,21351500
2019-01-07,60.31999969482422,61.20000076293945,59.52000045776367,60.7599983215332,18056700
2019-01-08,61.61000061035156,61.75,60.900001525878906,61.22999954223633,18692300
2019-01-09,62.04999923706055,62.40999984741211,61.40999984741211,62.20000076293945,18756800
2019-01-10,61.72999954223633,62.459999084472656,61.380001068115234,62.380001068115234,19167600
2019-01-11,62.060001373291016,62.40999984741211,61.459999084472656,62.0099983215332,14105900
2019-01-14,61.41999816894531,62.11000061035156,61.33000183105469,61.86000061035156,13191700
2019-01-15,62.20000076293945,62.66999816894531,61.77000045776367,62.08000183105469,9821200
2019-01-16,62.0099983215332,62.5099983215332,61.790000915527344,62.0,12541100
2019-01-17,61.529998779296875,62.84000015258789,61.38999938964844,62.56999969482422,10174800
2019-01-18,63.310001373291016,63.88999938964844,62.939998626708984,63.84000015258789,14531800
2019-01-22,63.13999938964844,63.279998779296875,62.279998779296875,62.45000076293945,19863200
2019-01-23,62.66999816894531,62.75,61.29999923706055,61.810001373291016,23367700
2019-01-24,61.68000030517578,62.70000076293945,61.43000030517578,62.13999938964844,13049200
2019-01-25,62.66999816894531,63.31999969482422,62.56999969482422,62.93000030517578,10233600
2019-01-28,62.099998474121094,62.33000183105469,61.619998931884766,62.29999923706055,12022400
2019-01-29,62.65999984741211,62.90999984741211,62.439998626708984,62.4900016784668,11884100
2019-01-30,62.880001068115234,63.56999969482422,62.540000915527344,63.369998931884766,12116500
2019-01-31,63.470001220703125,64.08000183105469,63.29999923706055,63.779998779296875,17844200
2019-02-01,64.47000122070312,65.2699966430664,64.26000213623047,64.88999938964844,14772400
2019-02-04,64.44999694824219,65.05999755859375,63.970001220703125,65.04000091552734,10107900
2019-02-05,64.98999786376953,65.25,64.77999877929688,65.13999938964844,7852700
2019-02-06,64.83000183105469,65.01000213623047,64.5999984741211,64.66000366210938,6803800
2019-02-07,64.26000213623047,64.4800033569336,62.63999938964844,63.22999954223633,14600100
2019-02-08,63.060001373291016,63.209999084472656,61.869998931884766,62.939998626708984,10634400
2019-02-11,62.63999938964844,63.34000015258789,62.459999084472656,63.2400016784668,12497400
2019-02-12,64.08999633789062,64.41000366210938,63.29999923706055,64.04000091552734,10677300
2019-02-13,64.30000305175781,65.3499984741211,64.2300033569336,64.83999633789062,13061700
2019-02-14,64.61000061035156,65.55999755859375,64.48999786376953,65.06999969482422,10213200
2019-02-15,65.75,66.16999816894531,65.5999984741211,66.12000274658203,10183800
2019-02-19,65.79000091552734,66.56999969482422,65.69000244140625,66.31999969482422,8721600
2019-02-20,66.22000122070312,66.93000030517578,66.20999908447266,66.5999984741211,9935700
2019-02-21,66.38999938964844,66.55999755859375,65.33000183105469,65.56999969482422,11866100
2019-02-22,66.05999755859375,66.26000213623047,65.43000030517578,65.76000213623047,9948300
2019-02-25,65.55000305175781,66.08999633789062,65.48999786376953,65.87000274658203,15904400
2019-02-26,65.80999755859375,66.26000213623047,65.63999938964844,65.66000366210938,10550700
2019-02-27,65.9800033569336,66.58999633789062,65.5999984741211,65.91000366210938,10294000
2019-02-28,65.91999816894531,66.01000213623047,64.83999633789062,65.25,11249400
2019-03-01,65.5999984741211,66.45999908447266,65.5999984741211,66.44999694824219,20327900
2019-03-04,66.69000244140625,66.8499984741211,65.56999969482422,66.56999969482422,19780000
2019-03-05,66.66000366210938,66.69000244140625,65.87999725341797,66.3499984741211,15807500
2019-03-06,65.80999755859375,65.94999694824219,65.18000030517578,65.51000213623047,22690500
2019-03-07,65.55000305175781,65.5999984741211,64.86000061035156,65.12000274658203,23446200
2019-03-08,64.06999969482422,64.19999694824219,63.310001373291016,63.900001525878906,15621500
2019-03-11,64.37000274658203,65.05000305175781,64.30999755859375,64.9000015258789,13212100
2019-03-12,65.01000213623047,65.6500015258789,64.98999786376953,65.31999969482422,11013100
2019-03-13,65.7300033569336,66.01000213623047,65.45999908447266,65.9800033569336,13206800
2019-03-14,66.04000091552734,66.37999725341797,65.97000122070312,66.05000305175781,12320400
2019-03-15,65.4800033569336,65.70999908447266,65.26000213623047,65.51000213623047,12427400
2019-03-18,65.58999633789062,66.52999877929688,65.55999755859375,66.41999816894531,10067900
2019-03-19,66.75,67.08999633789062,65.97000122070312,66.23999786376953,12526000
2019-03-20,66.18000030517578,67.41999816894531,65.9800033569336,66.81999969482422,13662900
2019-03-21,66.62000274658203,67.4000015258789,66.4800033569336,67.29000091552734,17877900
2019-03-22,66.68000030517578,66.79000091552734,65.22000122070312,65.47000122070312,19974800
2019-03-25,65.19000244140625,65.61000061035156,64.87000274658203,65.5,12346300
2019-03-26,66.26000213623047,66.88999938964844,66.08000183105469,66.44000244140625,11516500
2019-03-27,66.38999938964844,66.69000244140625,65.47000122070312,65.97000122070312,9582600
2019-03-28,65.69000244140625,66.30000305175781,65.55999755859375,66.22000122070312,9149200
2019-03-29,66.86000061035156,67.0199966430664,65.9000015258789,66.12000274658203,10037600
2019-04-01,66.55999755859375,67.12999725341797,66.47000122070312,66.98999786376953,12411700
2019-04-02,67.16000366210938,67.22000122070312,66.37000274658203,66.52999877929688,11152400
2019-04-03,66.72000122070312,66.8499984741211,65.66000366210938,65.88999938964844,11989800
2019-04-04,65.93000030517578,66.48999786376953,65.61000061035156,66.44000244140625,10504300
2019-04-05,66.62000274658203,67.69000244140625,66.58999633789062,67.61000061035156,17269200
2019-04-08,67.70999908447266,68.25,67.62999725341797,67.91000366210938,10602100
2019-04-09,67.70999908447266,67.70999908447266,66.87000274658203,67.08000183105469,14541900
2019-04-10,67.2300033569336,67.63999938964844,67.1500015258789,67.33000183105469,9375600
2019-04-11,67.2699966430664,67.8499984741211,66.86000061035156,67.37999725341797,10914200
2019-04-12,68.3499984741211,68.4000015258789,67.38999938964844,67.55999755859375,15426800
2019-04-15,67.4800033569336,67.63999938964844,67.05000305175781,67.16000366210938,8300700
2019-04-16,67.4000015258789,67.69999694824219,67.16000366210938,67.5999984741211,8130200
2019-04-17,68.01000213623047,68.16000366210938,67.41999816894531,67.51000213623047,10934600
2019-04-18,67.69999694824219,67.79000091552734,67.0199966430664,67.19000244140625,9759500
2019-04-22,67.80999755859375,68.66000366210938,67.62000274658203,68.61000061035156,14164700
2019-04-23,68.66000366210938,68.80999755859375,68.05000305175781,68.5,10212200
2019-04-24,68.55999755859375,68.5999984741211,67.2699966430664,67.30000305175781,11019100
2019-04-25,67.29000091552734,67.63999938964844,66.94000244140625,67.08999633789062,12060900
2019-04-26,66.5999984741211,66.62000274658203,65.63999938964844,66.22000122070312,16838400
2019-04-29,66.23999786376953,66.5199966430664,66.02999877929688,66.16000366210938,12974500
2019-04-30,66.80000305175781,66.8499984741211,66.02999877929688,66.11000061035156,14327000
2019-05-01,66.12999725341797,66.33000183105469,64.73999786376953,64.79000091552734,22155700
2019-05-02,64.37999725341797,64.7699966430664,63.630001068115234,63.65999984741211,28033000
2019-05-03,64.26000213623047,64.76000213623047,64.11000061035156,64.25,19624500
2019-05-06,63.7599983215332,64.5199966430664,63.70000076293945,64.30999755859375,20344700
2019-05-07,63.54999923706055,63.79999923706055,62.939998626708984,63.75,15064500
2019-05-08,63.720001220703125,64.27999877929688,63.58000183105469,63.75,9823700
2019-05-09,63.45000076293945,63.9900016784668,62.90999984741211,63.75,14409500
2019-05-10,63.75,64.20999908447266,62.849998474121094,64.05000305175781,13075000
2019-05-13,63.470001220703125,63.779998779296875,62.650001525878906,62.95000076293945,14069800
2019-05-14,63.290000915527344,64.26000213623047,63.22999954223633,63.720001220703125,9242000
2019-05-15,63.36000061035156,64.19000244140625,63.189998626708984,64.05000305175781,10092300
2019-05-16,64.20999908447266,64.63999938964844,64.20999908447266,64.4000015258789,9376500
2019-05-17,63.970001220703125,64.31999969482422,63.66999816894531,63.75,10555700
2019-05-20,63.7599983215332,64.08000183105469,63.650001525878906,63.779998779296875,8186100
2019-05-21,64.05000305175781,64.69999694824219,63.970001220703125,64.5199966430664,18380500
2019-05-22,64.12999725341797,64.27999877929688,63.310001373291016,63.52000045776367,9637000
2019-05-23,62.459999084472656,62.5099983215332,61.02000045776367,61.38999938964844,23963600
2019-05-24,61.880001068115234,62.119998931884766,61.09000015258789,61.619998931884766,10153400
2019-05-28,61.65999984741211,61.77000045776367,60.88999938964844,60.97999954223633,12930600
2019-05-29,60.13999938964844,60.630001068115234,59.779998779296875,60.59000015258789,16951600
2019-05-30,60.4900016784668,60.599998474121094,59.630001068115234,59.81999969482422,15173900
2019-05-31,59.0,59.540000915527344,58.77000045776367,58.77000045776367,21898500
2019-06-03,59.16999816894531,59.810001373291016,59.08000183105469,59.52000045776367,18024700
2019-06-04,60.08000183105469,60.689998626708984,59.91999816894531,60.54999923706055,14743400
2019-06-05,60.66999816894531,60.689998626708984,59.52000045776367,59.880001068115234,15881900
2019-06-06,60.0,61.220001220703125,60.0,60.9900016784668,32393900
2019-06-07,61.18000030517578,61.65999984741211,61.029998779296875,61.27000045776367,15774100
2019-06-10,61.599998474121094,62.0,61.36000061035156,61.45000076293945,9837800
2019-06-11,61.9900016784668,62.189998626708984,61.54999923706055,61.56999969482422,9522600
2019-06-12,61.16999816894531,61.310001373291016,60.5099983215332,60.70000076293945,13816500
2019-06-13,61.400001525878906,61.689998626708984,60.68000030517578,61.40999984741211,12191500
2019-06-14,61.560001373291016,61.56999969482422,60.86000061035156,61.0099983215332,7916300
2019-06-17,60.880001068115234,61.689998626708984,60.689998626708984,61.52000045776367,8795200
2019-06-18,61.91999816894531,62.7400016784668,61.810001373291016,62.369998931884766,17222100
2019-06-19,62.279998779296875,62.65999984741211,61.970001220703125,62.29999923706055,8827700
2019-06-20,63.29999923706055,63.779998779296875,63.22999954223633,63.68000030517578,25954000
2019-06-21,63.20000076293945,63.790000915527344,63.20000076293945,63.560001373291016,16356300
2019-06-24,63.540000915527344,63.720001220703125,62.88999938964844,62.9900016784668,10396600
2019-06-25,62.95000076293945,63.0099983215332,62.41999816894531,62.4900016784668,11887300
2019-06-26,63.119998931884766,63.93000030517578,62.959999084472656,63.45000076293945,14326800
2019-06-27,63.45000076293945,63.63999938964844,62.849998474121094,62.97999954223633,10608700
2019-06-28,63.130001068115234,63.77000045776367,63.130001068115234,63.709999084472656,17369600
2019-07-01,64.5,64.70999908447266,63.61000061035156,63.77000045776367,14886300
2019-07-02,63.58000183105469,63.709999084472656,62.470001220703125,62.75,12095400
2019-07-03,62.84000015258789,63.04999923706055,62.459999084472656,63.0,6987300
2019-07-05,62.77000045776367,63.150001525878906,62.630001068115234,63.09000015258789,7363200
2019-07-08,62.9900016784668,63.529998779296875,62.810001373291016,63.18000030517578,8628200
2019-07-09,63.08000183105469,63.27000045776367,62.65999984741211,63.22999954223633,7488100
2019-07-10,63.630001068115234,64.26000213623047,63.209999084472656,64.04000091552734,11767400
2019-07-11,64.2300033569336,64.23999786376953,63.77000045776367,64.16999816894531,12681300
2019-07-12,64.20999908447266,64.66000366210938,64.20999908447266,64.44000244140625,8081400
2019-07-15,64.55000305175781,64.58999633789062,63.720001220703125,63.86000061035156,9538900
2019-07-16,63.72999954223633,63.84000015258789,62.93000030517578,63.18000030517578,10587100
2019-07-17,63.130001068115234,63.33000183105469,62.41999816894531,62.459999084472656,13664700
2019-07-18,62.15999984741211,62.470001220703125,61.79999923706055,62.470001220703125,12754500
2019-07-19,62.529998779296875,62.970001220703125,62.2400016784668,62.7599983215332,9965300
2019-07-22,63.0,63.2599983215332,62.54999923706055,63.04999923706055,7843100
2019-07-23,63.04999923706055,63.38999938964844,62.86000061035156,63.220001220703125,7268800
2019-07-24,63.13999938964844,63.900001525878906,63.06999969482422,63.4900016784668,9907700
2019-07-25,63.72999954223633,63.810001373291016,62.58000183105469,62.77000045776367,10070400
2019-07-26,62.77000045776367,62.779998779296875,62.18000030517578,62.45000076293945,9653800
2019-07-29,62.400001525878906,62.45000076293945,61.7400016784668,62.20000076293945,8284900
2019-07-30,61.95000076293945,63.04999923706055,61.83000183105469,62.900001525878906,10801300
2019-07-31,62.900001525878906,63.439998626708984,62.18000030517578,62.70000076293945,15278000
2019-08-01,62.0099983215332,62.29999923706055,60.88999938964844,61.279998779296875,25190200
2019-08-02,61.529998779296875,61.88999938964844,59.779998779296875,60.400001525878906,21699900
2019-08-05,59.279998779296875,59.439998626708984,58.18000030517578,58.599998474121094,27576900
2019-08-06,58.75,59.09000015258789,57.900001525878906,58.529998779296875,16997500
2019-08-07,57.459999084472656,58.369998931884766,57.15999984741211,58.09000015258789,24802200
2019-08-08,58.47999954223633,59.790000915527344,58.209999084472656,59.7599983215332,23267800
2019-08-09,59.810001373291016,59.939998626708984,58.849998474121094,59.099998474121094,14593200
2019-08-12,58.959999084472656,59.04999923706055,58.13999938964844,58.400001525878906,21919000
2019-08-13,58.13999938964844,59.4900016784668,57.83000183105469,58.939998626708984,14347600
2019-08-14,57.68000030517578,57.81999969482422,56.540000915527344,56.630001068115234,23649700
2019-08-15,56.33000183105469,56.599998474121094,55.66999816894531,56.279998779296875,14287900
2019-08-16,56.58000183105469,57.189998626708984,56.38999938964844,57.02000045776367,21399300
2019-08-19,57.81999969482422,58.4900016784668,57.709999084472656,58.279998779296875,13881600
2019-08-20,58.0,58.06999969482422,57.56999969482422,57.790000915527344,9521300
2019-08-21,58.38999938964844,58.4900016784668,57.95000076293945,58.15999984741211,12037400
2019-08-22,58.36000061035156,58.59000015258789,57.869998931884766,57.900001525878906,9353100
2019-08-23,57.209999084472656,57.75,55.63999938964844,55.959999084472656,24408900
2019-08-26,56.45000076293945,56.75,55.959999084472656,56.20000076293945,10805300
2019-08-27,56.5,56.72999954223633,55.54999923706055,55.849998474121094,11831300
2019-08-28,56.13999938964844,56.93000030517578,55.86000061035156,56.650001525878906,15694400
2019-08-29,57.09000015258789,57.720001220703125,57.029998779296875,57.47999954223633,12331700
2019-08-30,57.70000076293945,58.20000076293945,57.13999938964844,57.47999954223633,13022300
2019-09-03,56.54999923706055,57.31999969482422,56.380001068115234,57.20000076293945,13964800
2019-09-04,58.0,58.25,57.83000183105469,58.0,11190900
2019-09-05,58.5099983215332,59.369998931884766,58.41999816894531,58.720001220703125,14538500
2019-09-06,58.599998474121094,59.099998474121094,58.27000045776367,59.029998779296875,12234300
2019-09-09,59.5099983215332,60.349998474121094,59.38999938964844,60.209999084472656,24757100
2019-09-10,60.58000183105469,61.79999923706055,60.459999084472656,60.91999816894531,25718000
2019-09-11,61.2599983215332,61.7400016784668,60.650001525878906,60.97999954223633,22752000
2019-09-12,60.209999084472656,61.040000915527344,59.709999084472656,60.599998474121094,19059500
2019-09-13,61.0,61.400001525878906,60.7400016784668,61.08000183105469,14061600
2019-09-16,63.63999938964844,63.650001525878906,62.400001525878906,63.130001068115234,30677800
2019-09-17,63.16999816894531,63.189998626708984,61.83000183105469,62.25,26450000
2019-09-18,61.79999923706055,62.20000076293945,61.52000045776367,61.95000076293945,11604500
2019-09-19,62.31999969482422,62.459999084472656,61.599998474121094,61.790000915527344,14018500
2019-09-20,61.27000045776367,61.52000045776367,60.97999954223633,61.279998779296875,20150100
2019-09-23,60.869998931884766,61.459999084472656,60.79999923706055,61.29999923706055,9330400
2019-09-24,61.11000061035156,61.16999816894531,59.970001220703125,60.33000183105469,20550500
2019-09-25,60.04999923706055,60.5,59.90999984741211,60.43000030517578,10124200
2019-09-26,60.15999984741211,60.29999923706055,59.34000015258789,59.63999938964844,14005500
2019-09-27,59.310001373291016,60.09000015258789,59.20000076293945,59.630001068115234,15631600
2019-09-30,59.349998474121094,59.59000015258789,59.13999938964844,59.20000076293945,19808400
2019-10-01,59.400001525878906,59.619998931884766,57.81999969482422,57.83000183105469,16374700
2019-10-02,57.4900016784668,57.630001068115234,56.25,56.40999984741211,18912300
2019-10-03,56.099998474121094,57.08000183105469,55.63999938964844,57.02000045776367,20457100
2019-10-04,57.2599983215332,57.459999084472656,56.68000030517578,57.380001068115234,10137900
2019-10-07,57.470001220703125,57.689998626708984,56.84000015258789,56.869998931884766,11642400
2019-10-08,56.290000915527344,56.72999954223633,55.81999969482422,55.900001525878906,20019200
2019-10-09,56.400001525878906,56.720001220703125,56.29999923706055,56.40999984741211,8916900
2019-10-10,56.599998474121094,57.27000045776367,56.5099983215332,57.119998931884766,10055700
2019-10-11,57.709999084472656,58.43000030517578,57.61000061035156,57.88999938964844,22563900
2019-10-14,57.470001220703125,58.06999969482422,57.25,57.86000061035156,12160600
2019-10-15,57.7400016784668,58.68000030517578,57.66999816894531,58.099998474121094,11085000
2019-10-16,57.900001525878906,58.310001373291016,57.27000045776367,57.290000915527344,11955300
2019-10-17,57.529998779296875,57.709999084472656,57.150001525878906,57.33000183105469,11308100
2019-10-18,57.18000030517578,57.63999938964844,57.02000045776367,57.029998779296875,10277800
2019-10-21,57.13999938964844,58.099998474121094,57.06999969482422,58.04999923706055,10474000
2019-10-22,58.22999954223633,59.470001220703125,58.04999923706055,58.79999923706055,19696900
2019-10-23,58.70000076293945,59.40999984741211,58.45000076293945,59.290000915527344,11820400
2019-10-24,59.630001068115234,59.66999816894531,58.72999954223633,59.040000915527344,12116800
2019-10-25,59.060001373291016,59.689998626708984,58.97999954223633,59.52000045776367,11875000
2019-10-28,59.720001220703125,60.060001373291016,59.08000183105469,59.18000030517578,11756600
2019-10-29,58.959999084472656,59.91999816894531,58.7599983215332,59.41999816894531,13468400
2019-10-30,59.560001373291016,59.59000015258789,57.97999954223633,58.209999084472656,15506700
2019-10-31,57.970001220703125,58.060001373291016,57.38999938964844,57.959999084472656,15032400
2019-11-01,58.25,59.38999938964844,58.20000076293945,59.279998779296875,13310100
2019-11-04,59.959999084472656,61.38999938964844,59.95000076293945,61.209999084472656,21530200
2019-11-05,61.380001068115234,61.83000183105469,61.09000015258789,61.290000915527344,17555100
2019-11-06,61.20000076293945,61.33000183105469,59.869998931884766,60.040000915527344,17827900
2019-11-07,60.650001525878906,61.130001068115234,60.4900016784668,60.939998626708984,13241700
2019-11-08,60.56999969482422,60.77000045776367,60.0,60.689998626708984,10389800
2019-11-11,60.119998931884766,60.630001068115234,59.88999938964844,60.349998474121094,14480500
2019-11-12,60.529998779296875,60.86000061035156,59.72999954223633,60.040000915527344,12541200
2019-11-13,59.72999954223633,59.9900016784668,59.529998779296875,59.779998779296875,10575600
2019-11-14,59.7599983215332,60.09000015258789,59.34000015258789,59.619998931884766,8116800
2019-11-15,59.869998931884766,60.310001373291016,59.79999923706055,60.08000183105469,9181800
2019-11-18,59.70000076293945,59.77000045776367,59.099998474121094,59.349998474121094,12754100
2019-11-19,59.15999984741211,59.209999084472656,58.400001525878906,58.470001220703125,15379100
2019-11-20,58.45000076293945,59.4900016784668,58.09000015258789,59.060001373291016,17145000
2019-11-21,59.2599983215332,60.08000183105469,59.06999969482422,60.029998779296875,15641700
2019-11-22,60.08000183105469,60.369998931884766,59.709999084472656,59.83000183105469,11492000
2019-11-25,59.7599983215332,59.9900016784668,59.529998779296875,59.88999938964844,12336000
2019-11-26,59.970001220703125,59.9900016784668,59.119998931884766,59.34000015258789,13402000
2019-11-27,59.40999984741211,59.61000061035156,59.0,59.4900016784668,9668300
2019-11-29,59.0,59.209999084472656,58.66999816894531,58.88999938964844,7830200
2019-12-02,59.09000015258789,59.470001220703125,58.81999969482422,58.88999938964844,15389500
2019-12-03,58.369998931884766,58.470001220703125,57.79999923706055,58.0099983215332,16945500
2019-12-04,58.52000045776367,59.060001373291016,58.33000183105469,58.880001068115234,17426500
2019-12-05,59.130001068115234,59.20000076293945,58.400001525878906,58.599998474121094,10892400
2019-12-06,58.849998474121094,59.900001525878906,58.84000015258789,59.720001220703125,16729600
2019-12-09,59.2599983215332,59.93000030517578,59.2599983215332,59.650001525878906,8406300
2019-12-10,59.849998474121094,59.9900016784668,59.5099983215332,59.77000045776367,8785100
2019-12-11,59.68000030517578,60.08000183105469,59.54999923706055,59.66999816894531,12436200
2019-12-12,59.7599983215332,60.97999954223633,59.689998626708984,60.77000045776367,22490800
2019-12-13,60.97999954223633,61.369998931884766,60.27000045776367,60.310001373291016,11371500
2019-12-16,60.7400016784668,61.36000061035156,60.709999084472656,61.119998931884766,11135900
2019-12-17,61.380001068115234,61.709999084472656,60.93000030517578,61.15999984741211,23146200
2019-12-18,61.09000015258789,61.779998779296875,61.0099983215332,61.38999938964844,12940700
2019-12-19,61.400001525878906,61.56999969482422,61.2599983215332,61.369998931884766,12767400
2019-12-20,60.959999084472656,61.43000030517578,60.849998474121094,61.36000061035156,17419800
2019-12-23,61.290000915527344,62.029998779296875,61.220001220703125,61.9900016784668,13472200
2019-12-24,62.130001068115234,62.220001220703125,61.849998474121094,61.959999084472656,5037400
2019-12-26,62.22999954223633,62.439998626708984,61.86000061035156,61.939998626708984,10156200
2019-12-27,62.16999816894531,62.22999954223633,61.63999938964844,61.68000030517578,10718300
2019-12-30,60.119998931884766,60.22999954223633,59.61000061035156,59.70000076293945,14629500
2019-12-31,59.400001525878906,60.099998474121094,59.22999954223633,60.040000915527344,10722400
2020-01-02,60.439998626708984,60.66999816894531,60.22999954223633,60.58000183105469,11944700
2020-01-03,61.130001068115234,61.310001373291016,60.099998474121094,60.400001525878906,29502900
2020-01-06,60.61000061035156,61.18000030517578,60.400001525878906,60.869998931884766,22458100
2020-01-07,60.70000076293945,60.77000045776367,60.0,60.709999084472656,11462500
2020-01-08,60.650001525878906,60.720001220703125,59.630001068115234,59.709999084472656,19021400
2020-01-09,59.68000030517578,60.209999084472656,58.97999954223633,60.150001525878906,15366800
2020-01-10,60.119998931884766,60.16999816894531,59.7400016784668,59.810001373291016,9151200
2020-01-13,59.720001220703125,60.02000045776367,59.40999984741211,59.83000183105469,8778500
2020-01-14,59.70000076293945,59.90999984741211,59.310001373291016,59.84000015258789,17339000
2020-01-15,59.58000183105469,59.7599983215332,59.22999954223633,59.400001525878906,10830800
2020-01-16,59.75,59.95000076293945,59.470001220703125,59.5,8224500
2020-01-17,59.65999984741211,59.689998626708984,59.02000045776367,59.119998931884766,11909100
2020-01-21,58.790000915527344,58.79999923706055,57.959999084472656,58.060001373291016,17354600
2020-01-22,57.95000076293945,57.9900016784668,57.34000015258789,57.5,14677700
2020-01-23,56.900001525878906,57.459999084472656,56.459999084472656,57.279998779296875,13278000
2020-01-24,57.02000045776367,57.279998779296875,56.18000030517578,56.619998931884766,20390600
2020-01-27,55.47999954223633,55.70000076293945,54.97999954223633,55.04999923706055,21682500
2020-01-28,55.36000061035156,55.63999938964844,55.08000183105469,55.29999923706055,14300100
2020-01-29,55.61000061035156,55.810001373291016,54.650001525878906,54.720001220703125,13745400
2020-01-30,54.150001525878906,55.220001220703125,54.0099983215332,55.15999984741211,24430500
2020-01-31,54.22999954223633,54.380001068115234,53.15999984741211,53.439998626708984,33430500
2020-02-03,53.369998931884766,53.45000076293945,52.54999923706055,52.7400016784668,21289200
2020-02-04,53.5,53.91999816894531,52.83000183105469,52.93000030517578,19819800
2020-02-05,53.810001373291016,55.11000061035156,53.779998779296875,54.91999816894531,34382000
2020-02-06,55.18000030517578,55.18000030517578,54.27000045776367,54.36000061035156,15400600
2020-02-07,53.95000076293945,54.209999084472656,53.70000076293945,53.97999954223633,13693300
2020-02-10,53.70000076293945,53.83000183105469,53.380001068115234,53.709999084472656,14640600
2020-02-11,54.439998626708984,54.52000045776367,54.06999969482422,54.310001373291016,13844600
2020-02-12,55.119998931884766,55.349998474121094,54.59000015258789,55.040000915527344,17199800
2020-02-13,54.88999938964844,55.18000030517578,54.54999923706055,54.869998931884766,11974900
2020-02-14,55.060001373291016,55.099998474121094,54.2400016784668,54.58000183105469,12520000
2020-02-18,54.099998474121094,54.56999969482422,53.630001068115234,54.130001068115234,16314700
2020-02-19,54.4900016784668,55.06999969482422,54.189998626708984,54.849998474121094,12455400
2020-02-20,54.9900016784668,55.400001525878906,54.650001525878906,54.790000915527344,13050800
2020-02-21,54.27000045776367,54.31999969482422,53.689998626708984,54.13999938964844,13808200
2020-02-24,52.099998474121094,52.400001525878906,51.47999954223633,51.63999938964844,33037500
2020-02-25,51.779998779296875,51.81999969482422,49.040000915527344,49.36000061035156,42837300
2020-02-26,49.540000915527344,49.779998779296875,47.849998474121094,47.869998931884766,48828300
2020-02-27,46.630001068115234,47.529998779296875,45.290000915527344,45.310001373291016,61278700
2020-02-28,43.880001068115234,45.84000015258789,43.52000045776367,45.27000045776367,68755800
2020-03-02,46.279998779296875,47.15999984741211,44.93000030517578,47.099998474121094,36642700
2020-03-03,47.369998931884766,47.9900016784668,45.150001525878906,45.65999984741211,48595300
2020-03-04,46.63999938964844,46.75,45.66999816894531,46.7400016784668,24484500
2020-03-05,45.400001525878906,45.61000061035156,44.279998779296875,45.029998779296875,29387300
2020-03-06,43.5,43.88999938964844,41.86000061035156,42.5,61517400
2020-03-09,35.06999969482422,36.43000030517578,33.72999954223633,33.939998626708984,66556900
2020-03-10,36.66999816894531,36.81999969482422,33.36000061035156,35.54999923706055,48431100
2020-03-11,34.45000076293945,35.04999923706055,33.130001068115234,33.66999816894531,43477300
2020-03-12,31.190000534057617,32.0,29.3799991607666,29.469999313354492,38829100
2020-03-13,31.959999084472656,32.220001220703125,28.799999237060547,32.189998626708984,34098400
2020-03-16,27.950000762939453,31.1200008392334,27.670000076293945,27.809999465942383,40233600
2020-03-17,28.079999923706055,29.18000030517578,26.950000762939453,28.0,45443600
2020-03-18,26.040000915527344,26.579999923706055,22.8799991607666,23.979999542236328,52135800
2020-03-19,24.329999923706055,25.709999084472656,22.979999542236328,25.610000610351562,52226500
2020-03-20,26.260000228881836,26.84000015258789,24.760000228881836,25.860000610351562,58357200
2020-03-23,25.1299991607666,25.290000915527344,23.149999618530273,23.56999969482422,48260200
2020-03-24,25.399999618530273,27.489999771118164,25.399999618530273,27.350000381469727,44511100
2020-03-25,27.950000762939453,30.0,26.739999771118164,28.639999389648438,52434900
2020-03-26,28.93000030517578,31.0,28.56999969482422,30.389999389648438,46918100
2020-03-27,29.1200008392334,29.209999084472656,28.15999984741211,28.329999923706055,36528400
2020-03-30,27.950000762939453,28.8700008392334,27.09000015258789,28.6200008392334,42127400
2020-03-31,29.420000076293945,30.0,28.479999542236328,29.059999465942383,34350600
2020-04-01,28.1200008392334,28.479999542236328,27.229999542236328,27.6200008392334,23826500
2020-04-02,29.010000228881836,31.760000228881836,28.260000228881836,30.149999618530273,73128100
2020-04-03,31.100000381469727,31.309999465942383,28.979999542236328,29.829999923706055,63834300
2020-04-06,30.5,31.6200008392334,30.09000015258789,31.40999984741211,38020700
2020-04-07,32.959999084472656,33.869998931884766,32.02000045776367,32.08000183105469,51509500
2020-04-08,32.7599983215332,34.33000183105469,32.4900016784668,34.220001220703125,41905800
2020-04-09,35.540000915527344,36.459999084472656,32.619998931884766,33.90999984741211,91327600
2020-04-13,35.09000015258789,35.220001220703125,33.2599983215332,33.79999923706055,33842800
2020-04-14,33.970001220703125,34.380001068115234,33.41999816894531,33.63999938964844,36324100
2020-04-15,32.29999923706055,32.380001068115234,31.059999465942383,32.060001373291016,36710500
2020-04-16,31.979999542236328,32.08000183105469,30.649999618530273,30.690000534057617,32302900
2020-04-17,31.329999923706055,33.9900016784668,31.309999465942383,33.95000076293945,45853400
2020-04-20,31.950000762939453,34.099998474121094,31.780000686645508,32.88999938964844,56395000
2020-04-21,31.940000534057617,32.900001525878906,31.389999389648438,32.310001373291016,60430800
2020-04-22,33.77000045776367,33.9900016784668,33.0099983215332,33.459999084472656,36876600
2020-04-23,34.47999954223633,35.349998474121094,34.13999938964844,34.540000915527344,41603600
2020-04-24,35.22999954223633,35.540000915527344,34.06999969482422,34.619998931884766,32429600
2020-04-27,34.36000061035156,35.619998931884766,33.58000183105469,35.369998931884766,23288000
2020-04-28,35.900001525878906,36.400001525878906,35.31999969482422,36.18000030517578,29569000
2020-04-29,37.369998931884766,38.9900016784668,37.34000015258789,38.86000061035156,35537500
2020-04-30,39.08000183105469,39.08000183105469,37.439998626708984,38.0,42020100
2020-05-01,37.220001220703125,37.5,35.40999984741211,35.849998474121094,29265900
2020-05-04,35.189998626708984,37.119998931884766,35.02000045776367,37.09000015258789,26390200
2020-05-05,38.61000061035156,38.91999816894531,36.9900016784668,37.119998931884766,34366700
2020-05-06,37.29999923706055,37.619998931884766,36.119998931884766,36.150001525878906,23675100
2020-05-07,37.16999816894531,37.790000915527344,36.83000183105469,37.09000015258789,24234700
2020-05-08,37.959999084472656,38.79999923706055,37.7400016784668,38.779998779296875,24823100
2020-05-11,38.52000045776367,38.630001068115234,37.91999816894531,38.099998474121094,23265700
2020-05-12,38.47999954223633,38.529998779296875,37.380001068115234,37.43000030517578,28064500
2020-05-13,37.18000030517578,37.22999954223633,35.470001220703125,35.72999954223633,34497400
2020-05-14,35.099998474121094,36.470001220703125,34.29999923706055,36.130001068115234,30984200
2020-05-15,36.13999938964844,36.88999938964844,35.66999816894531,35.9900016784668,27213900
2020-05-18,38.04999923706055,39.18000030517578,37.95000076293945,38.93000030517578,36569800
2020-05-19,38.97999954223633,39.099998474121094,37.810001373291016,37.84000015258789,26970300
2020-05-20,38.619998931884766,39.41999816894531,38.41999816894531,39.349998474121094,27260600
2020-05-21,39.470001220703125,39.630001068115234,38.40999984741211,38.720001220703125,28120900
2020-05-22,38.40999984741211,38.52000045776367,37.689998626708984,38.47999954223633,19247500
2020-05-26,39.709999084472656,39.959999084472656,39.45000076293945,39.54999923706055,37444300
2020-05-27,40.130001068115234,40.36000061035156,38.939998626708984,40.060001373291016,35612800
2020-05-28,40.15999984741211,40.15999984741211,38.75,38.939998626708984,27178400
2020-05-29,38.599998474121094,39.04999923706055,37.95000076293945,38.7599983215332,35750200
2020-06-01,38.70000076293945,39.65999984741211,38.18000030517578,39.439998626708984,23840000
2020-06-02,39.869998931884766,40.58000183105469,39.81999969482422,40.540000915527344,25159200
2020-06-03,41.18000030517578,41.91999816894531,41.099998474121094,41.72999954223633,27300900
2020-06-04,41.5,41.900001525878906,40.900001525878906,41.7400016784668,27424700
2020-06-05,43.83000183105469,45.25,43.790000915527344,44.84000015258789,50196700
2020-06-08,46.470001220703125,46.880001068115234,45.43000030517578,46.86000061035156,47534700
2020-06-09,45.36000061035156,45.4900016784668,44.47999954223633,45.099998474121094,43699500
2020-06-10,44.68000030517578,44.720001220703125,42.86000061035156,42.880001068115234,40488500
2020-06-11,39.88999938964844,41.040000915527344,38.709999084472656,38.84000015258789,48152200
2020-06-12,40.54999923706055,40.84000015258789,38.7400016784668,39.81999969482422,42817500
2020-06-15,38.119998931884766,40.349998474121094,37.70000076293945,39.939998626708984,32847400
2020-06-16,41.84000015258789,41.900001525878906,39.91999816894531,41.09000015258789,32041900
2020-06-17,40.93000030517578,40.939998626708984,39.68000030517578,39.689998626708984,23368000
2020-06-18,39.290000915527344,40.619998931884766,39.04999923706055,40.18000030517578,18468900
2020-06-19,41.43000030517578,41.439998626708984,39.529998779296875,39.56999969482422,26967100
2020-06-22,38.880001068115234,39.380001068115234,38.41999816894531,39.25,19448200
2020-06-23,39.84000015258789,39.939998626708984,39.16999816894531,39.290000915527344,14805800
2020-06-24,38.68000030517578,38.689998626708984,36.86000061035156,37.11000061035156,32363000
2020-06-25,36.7599983215332,37.959999084472656,36.56999969482422,37.81999969482422,24017200
2020-06-26,37.54999923706055,37.54999923706055,36.34000015258789,36.5099983215332,33861100
2020-06-29,36.599998474121094,37.31999969482422,36.439998626708984,37.0,19452800
2020-06-30,36.70000076293945,38.06999969482422,36.31999969482422,37.849998474121094,20943400
2020-07-01,38.0,38.5099983215332,36.880001068115234,36.93000030517578,24573400
2020-07-02,37.689998626708984,38.209999084472656,37.2599983215332,37.34000015258789,20779200
2020-07-06,38.0,38.27000045776367,36.97999954223633,37.45000076293945,22542200
2020-07-07,36.97999954223633,37.029998779296875,36.20000076293945,36.2599983215332,20910900
2020-07-08,36.2599983215332,36.81999969482422,35.93000030517578,36.22999954223633,20650900
2020-07-09,36.06999969482422,36.16999816894531,34.400001525878906,34.439998626708984,30543600
2020-07-10,34.2400016784668,35.58000183105469,34.2400016784668,35.540000915527344,25228000
2020-07-13,35.869998931884766,36.0099983215332,35.08000183105469,35.349998474121094,37223800
2020-07-14,35.11000061035156,36.65999984741211,35.0099983215332,36.59000015258789,34221100
2020-07-15,37.52000045776367,37.619998931884766,36.83000183105469,37.380001068115234,25902500
2020-07-16,37.130001068115234,37.689998626708984,36.65999984741211,37.209999084472656,18822800
2020-07-17,37.33000183105469,37.7400016784668,36.529998779296875,36.689998626708984,17716900
2020-07-20,36.560001373291016,36.97999954223633,36.04999923706055,36.08000183105469,20076500
2020-07-21,36.70000076293945,38.54999923706055,36.650001525878906,38.2599983215332,36170200
2020-07-22,37.849998474121094,37.849998474121094,37.2400016784668,37.790000915527344,19621700
2020-07-23,37.65999984741211,37.90999984741211,37.2400016784668,37.720001220703125,21043900
2020-07-24,37.720001220703125,38.279998779296875,37.369998931884766,37.5099983215332,19950600
2020-07-27,37.459999084472656,37.720001220703125,36.9900016784668,37.54999923706055,18231000
2020-07-28,37.33000183105469,37.689998626708984,36.810001373291016,36.90999984741211,17776900
2020-07-29,37.0099983215332,37.709999084472656,36.7599983215332,37.68000030517578,17215000
2020-07-30,36.88999938964844,36.90999984741211,35.880001068115234,36.20000076293945,32833700
2020-07-31,35.650001525878906,36.06999969482422,35.29999923706055,36.029998779296875,24774100
2020-08-03,36.02000045776367,36.36000061035156,35.720001220703125,36.15999984741211,21103400
2020-08-04,36.040000915527344,37.119998931884766,36.0099983215332,37.040000915527344,22572100
2020-08-05,37.77000045776367,37.900001525878906,37.09000015258789,37.43000030517578,30758700
2020-08-06,37.220001220703125,37.560001373291016,36.9900016784668,37.130001068115234,19190700
2020-08-07,36.79999923706055,37.27000045776367,36.369998931884766,37.18000030517578,18376600
2020-08-10,37.459999084472656,38.349998474121094,37.369998931884766,38.33000183105469,26308100
2020-08-11,39.08000183105469,39.529998779296875,38.02000045776367,38.20000076293945,26513100
2020-08-12,38.779998779296875,39.029998779296875,38.16999816894531,38.58000183105469,25532700
2020-08-13,38.27000045776367,38.59000015258789,37.7400016784668,37.83000183105469,15761000
2020-08-14,37.529998779296875,38.25,37.38999938964844,38.189998626708984,13279700
2020-08-17,38.20000076293945,38.220001220703125,37.7599983215332,37.970001220703125,14255800
2020-08-18,37.83000183105469,38.20000076293945,37.380001068115234,37.4900016784668,14348800
2020-08-19,37.459999084472656,37.630001068115234,36.939998626708984,37.060001373291016,14793900
2020-08-20,36.5099983215332,36.75,36.25,36.2599983215332,19107700
2020-08-21,36.119998931884766,36.189998626708984,35.689998626708984,36.029998779296875,17347800
2020-08-24,36.25,37.279998779296875,36.029998779296875,37.02000045776367,24827000
2020-08-25,37.220001220703125,37.27000045776367,36.31999969482422,36.5,20118500
2020-08-26,36.45000076293945,36.45000076293945,35.68000030517578,35.72999954223633,18001200
2020-08-27,35.7400016784668,36.040000915527344,35.36000061035156,35.79999923706055,22259700
2020-08-28,35.939998626708984,36.54999923706055,35.7599983215332,36.439998626708984,14575100
2020-08-31,36.4900016784668,36.540000915527344,35.650001525878906,35.650001525878906,18791500
2020-09-01,35.4900016784668,35.56999969482422,34.970001220703125,35.40999984741211,18260500
2020-09-02,35.400001525878906,35.61000061035156,35.02000045776367,35.2400016784668,23850200
2020-09-03,35.16999816894531,35.900001525878906,34.77000045776367,34.97999954223633,39442300
2020-09-04,35.34000015258789,35.58000183105469,34.439998626708984,34.869998931884766,34341000
2020-09-08,34.209999084472656,34.369998931884766,33.220001220703125,33.599998474121094,49218800
2020-09-09,33.97999954223633,34.16999816894531,33.709999084472656,33.83000183105469,24977600
2020-09-10,33.93000030517578,33.970001220703125,32.529998779296875,32.59000015258789,37003300
2020-09-11,32.65999984741211,32.83000183105469,32.349998474121094,32.619998931884766,25397300
2020-09-14,32.709999084472656,33.16999816894531,32.47999954223633,32.869998931884766,19444200
2020-09-15,33.09000015258789,33.38999938964844,32.529998779296875,32.630001068115234,25610400
2020-09-16,32.91999816894531,34.380001068115234,32.63999938964844,33.939998626708984,35886100
2020-09-17,33.400001525878906,34.02000045776367,33.06999969482422,33.9900016784668,22356700
2020-09-18,33.970001220703125,33.9900016784668,33.27000045776367,33.61000061035156,26406400
2020-09-21,32.2599983215332,32.34000015258789,31.43000030517578,31.969999313354492,30719600
2020-09-22,31.989999771118164,32.5,31.579999923706055,31.639999389648438,22348700
2020-09-23,31.760000228881836,31.8799991607666,30.170000076293945,30.209999084472656,26484600
2020-09-24,30.100000381469727,30.75,29.540000915527344,30.200000762939453,35243800
2020-09-25,29.889999389648438,30.40999984741211,29.700000762939453,30.18000030517578,27558400
2020-09-28,30.729999542236328,31.229999542236328,30.690000534057617,30.889999389648438,26376000
2020-09-29,30.799999237060547,30.8700008392334,29.739999771118164,30.040000915527344,23800900
2020-09-30,30.229999542236328,30.579999923706055,29.809999465942383,29.950000762939453,24574500
2020-10-01,29.6200008392334,29.75,28.850000381469727,29.030000686645508,28365200
2020-10-02,28.25,29.559999465942383,28.200000762939453,29.309999465942383,28705200
2020-10-05,29.56999969482422,30.209999084472656,29.5,30.190000534057617,31572200
2020-10-06,30.6299991607666,30.799999237060547,29.65999984741211,29.739999771118164,31111600
2020-10-07,29.90999984741211,30.239999771118164,29.56999969482422,30.15999984741211,21043000
2020-10-08,30.40999984741211,31.309999465942383,30.270000457763672,31.290000915527344,30563100
2020-10-09,31.56999969482422,31.649999618530273,30.739999771118164,30.790000915527344,25517900
2020-10-12,30.690000534057617,30.979999542236328,30.3700008392334,30.8700008392334,16684600
2020-10-13,30.8700008392334,31.049999237060547,30.299999237060547,30.389999389648438,25383800
2020-10-14,30.459999084472656,31.229999542236328,30.399999618530273,30.520000457763672,27244000
2020-10-15,30.0,30.899999618530273,29.729999542236328,30.889999389648438,20353900
2020-10-16,30.829999923706055,30.8700008392334,30.139999389648438,30.190000534057617,18711500
2020-10-19,30.299999237060547,30.450000762939453,29.520000457763672,29.549999237060547,25186000
2020-10-20,29.719999313354492,30.15999984741211,29.520000457763672,29.899999618530273,22990300
2020-10-21,29.729999542236328,29.899999618530273,29.31999969482422,29.329999923706055,24657600
2020-10-22,29.3799991607666,30.579999923706055,29.190000534057617,30.540000915527344,32824200
2020-10-23,30.700000762939453,30.8799991607666,30.010000228881836,30.389999389648438,24987700
2020-10-26,29.8700008392334,29.90999984741211,29.010000228881836,29.299999237060547,30401000
2020-10-27,29.270000457763672,29.280000686645508,28.850000381469727,28.920000076293945,21596800
2020-10-28,28.209999084472656,28.389999389648438,27.549999237060547,27.709999084472656,40549100
2020-10-29,27.350000381469727,28.649999618530273,26.979999542236328,28.559999465942383,37252100
2020-10-30,28.360000610351562,28.739999771118164,28.030000686645508,28.719999313354492,37899700
2020-11-02,29.110000610351562,30.09000015258789,28.56999969482422,29.700000762939453,41893100
2020-11-03,30.200000762939453,30.219999313354492,29.260000228881836,29.530000686645508,34877500
2020-11-04,29.56999969482422,30.280000686645508,28.770000457763672,29.56999969482422,43613700
2020-11-05,29.610000610351562,30.15999984741211,29.510000228881836,29.56999969482422,31795800
2020-11-06,29.56999969482422,30.010000228881836,28.809999465942383,28.93000030517578,33223200
2020-11-09,32.400001525878906,33.790000915527344,32.29999923706055,33.060001373291016,99356700
2020-11-10,33.68000030517578,34.130001068115234,32.97999954223633,34.130001068115234,73338100
2020-11-11,34.5,34.56999969482422,33.459999084472656,33.779998779296875,46542500
2020-11-12,33.189998626708984,33.65999984741211,32.34000015258789,32.689998626708984,38584800
2020-11-13,32.939998626708984,34.04999923706055,32.900001525878906,33.880001068115234,39432700
2020-11-16,35.31999969482422,36.189998626708984,34.88999938964844,36.11000061035156,47932700
2020-11-17,35.63999938964844,36.5,35.16999816894531,36.47999954223633,39010100
2020-11-18,36.790000915527344,36.93000030517578,35.41999816894531,35.41999816894531,41000200
2020-11-19,35.16999816894531,36.06999969482422,34.810001373291016,36.0,32936200
2020-11-20,35.90999984741211,36.06999969482422,35.560001373291016,35.810001373291016,19753200
2020-11-23,36.369998931884766,38.38999938964844,36.33000183105469,38.34000015258789,38162300
2020-11-24,39.630001068115234,40.41999816894531,39.279998779296875,40.310001373291016,53466000
2020-11-25,40.04999923706055,40.04999923706055,39.150001525878906,39.369998931884766,35676200
2020-11-27,39.150001525878906,39.470001220703125,38.599998474121094,38.90999984741211,18755400
2020-11-30,38.47999954223633,38.529998779296875,36.70000076293945,36.7599983215332,41543600
2020-12-01,37.779998779296875,37.9900016784668,36.869998931884766,36.93000030517578,34467800
2020-12-02,36.810001373291016,38.709999084472656,36.689998626708984,38.130001068115234,37741800
2020-12-03,38.29999923706055,39.0,37.90999984741211,38.529998779296875,36487700
2020-12-04,39.22999954223633,40.65999984741211,39.22999954223633,40.630001068115234,51850200
2020-12-07,40.150001525878906,40.2400016784668,39.29999923706055,39.68000030517578,34656600
2020-12-08,39.189998626708984,40.66999816894531,39.18000030517578,40.27000045776367,28927300
2020-12-09,40.68000030517578,41.34000015258789,39.869998931884766,40.36000061035156,43345900
2020-12-10,40.40999984741211,42.08000183105469,40.29999923706055,41.599998474121094,38802200
2020-12-11,41.31999969482422,41.33000183105469,40.540000915527344,41.119998931884766,28076100
2020-12-14,41.75,41.7599983215332,39.529998779296875,39.68000030517578,39942200
2020-12-15,39.900001525878906,40.65999984741211,39.529998779296875,40.459999084472656,29335900
2020-12-16,40.560001373291016,40.709999084472656,39.97999954223633,40.2599983215332,23814400
2020-12-17,40.619998931884766,40.630001068115234,39.83000183105469,40.06999969482422,23181700
2020-12-18,39.9900016784668,40.209999084472656,39.09000015258789,39.400001525878906,36570200
2020-12-21,37.40999984741211,38.459999084472656,37.02000045776367,38.130001068115234,40079400
2020-12-22,38.04999923706055,38.18000030517578,37.45000076293945,37.4900016784668,25092900
2020-12-23,37.810001373291016,38.849998474121094,37.79999923706055,38.31999969482422,26965900
2020-12-24,38.369998931884766,38.369998931884766,37.7400016784668,38.119998931884766,11451500
2020-12-28,38.2599983215332,38.7400016784668,37.77000045776367,37.880001068115234,18912300
2020-12-29,38.11000061035156,38.220001220703125,37.45000076293945,37.630001068115234,18984300
2020-12-30,37.65999984741211,38.58000183105469,37.56999969482422,38.220001220703125,28218300
2020-12-31,38.04999923706055,38.209999084472656,37.72999954223633,37.900001525878906,18154900
2021-01-04,38.34000015258789,38.65999984741211,37.5099983215332,37.959999084472656,33858800
2021-01-05,38.369998931884766,40.70000076293945,38.34000015258789,39.65999984741211,47736700
2021-01-06,40.439998626708984,41.25,39.91999816894531,40.869998931884766,43131400
2021-01-07,41.22999954223633,41.88999938964844,40.79999923706055,41.470001220703125,25728600
2021-01-08,42.0,42.0,41.09000015258789,41.41999816894531,31372000
2021-01-11,40.52000045776367,42.2400016784668,40.290000915527344,42.06999969482422,23445200
2021-01-12,42.58000183105469,43.77000045776367,42.2599983215332,43.540000915527344,43973600
2021-01-13,43.689998626708984,43.709999084472656,42.869998931884766,43.20000076293945,27382200
2021-01-14,43.470001220703125,45.0,43.43000030517578,44.47999954223633,41657300
2021-01-15,43.689998626708984,43.70000076293945,42.33000183105469,42.75,47748500
2021-01-19,43.27000045776367,43.90999984741211,43.130001068115234,43.61000061035156,27809700
2021-01-20,43.97999954223633,44.09000015258789,43.34000015258789,43.77000045776367,25362800
2021-01-21,43.529998779296875,43.75,41.900001525878906,42.290000915527344,29984000
2021-01-22,41.36000061035156,42.189998626708984,41.02000045776367,42.06999969482422,25222300
2021-01-25,41.61000061035156,41.77000045776367,40.880001068115234,41.63999938964844,40911600
2021-01-26,42.0099983215332,42.63999938964844,40.72999954223633,40.75,27499800
2021-01-27,40.08000183105469,41.31999969482422,39.5099983215332,40.20000076293945,49933600
2021-01-28,40.529998779296875,41.15999984741211,40.15999984741211,40.66999816894531,28624100
2021-01-29,40.099998474121094,40.619998931884766,39.16999816894531,39.31999969482422,31534500
2021-02-01,39.79999923706055,40.0,38.939998626708984,39.599998474121094,30510700
2021-02-02,40.54999923706055,40.9900016784668,40.029998779296875,40.029998779296875,31964500
2021-02-03,40.2400016784668,41.849998474121094,40.09000015258789,41.7400016784668,37192800
2021-02-04,42.04999923706055,42.209999084472656,41.310001373291016,42.20000076293945,24163900
2021-02-05,42.86000061035156,43.0,42.439998626708984,42.560001373291016,24098200
2021-02-08,43.18000030517578,44.54999923706055,43.13999938964844,44.34000015258789,31184100
2021-02-09,43.9900016784668,44.130001068115234,43.290000915527344,43.869998931884766,32399400
2021-02-10,44.02000045776367,44.75,43.7400016784668,44.709999084472656,29225500
2021-02-11,44.56999969482422,44.58000183105469,43.09000015258789,44.02000045776367,24816300
2021-02-12,43.709999084472656,44.709999084472656,43.630001068115234,44.66999816894531,23700400
2021-02-16,45.70000076293945,46.31999969482422,45.470001220703125,45.790000915527344,38296700
2021-02-17,46.2599983215332,46.77000045776367,45.59000015258789,46.470001220703125,34482200
2021-02-18,46.27000045776367,46.36000061035156,45.279998779296875,45.41999816894531,30680100
2021-02-19,45.47999954223633,46.36000061035156,45.43000030517578,46.18000030517578,27202100
2021-02-22,46.4900016784668,48.470001220703125,46.40999984741211,47.779998779296875,37822300
2021-02-23,48.349998474121094,48.709999084472656,46.5099983215332,48.56999969482422,49185400
2021-02-24,48.88999938964844,50.58000183105469,48.47999954223633,50.290000915527344,38874400
2021-02-25,50.810001373291016,50.810001373291016,48.97999954223633,49.31999969482422,37943900
2021-02-26,48.65999984741211,48.79999923706055,46.72999954223633,48.150001525878906,45154400
2021-03-01,49.41999816894531,50.08000183105469,49.060001373291016,49.400001525878906,34695800
2021-03-02,49.58000183105469,49.97999954223633,49.099998474121094,49.130001068115234,37234100
2021-03-03,49.4900016784668,50.97999954223633,49.47999954223633,49.849998474121094,41287200
2021-03-04,50.29999923706055,51.959999084472656,49.83000183105469,51.040000915527344,53786900
2021-03-05,52.4900016784668,53.06999969482422,51.18000030517578,52.95000076293945,56197900
2021-03-08,53.470001220703125,53.75,52.279998779296875,53.04999923706055,50305000
2021-03-09,52.75,53.5099983215332,51.75,52.119998931884766,59444800
2021-03-10,52.20000076293945,53.619998931884766,51.95000076293945,53.439998626708984,39208300
2021-03-11,53.54999923706055,54.369998931884766,53.34000015258789,53.459999084472656,25398700
2021-03-12,53.560001373291016,54.04999923706055,53.16999816894531,53.56999969482422,29893400
2021-03-15,53.45000076293945,53.599998474121094,52.31999969482422,52.959999084472656,30226300
2021-03-16,52.08000183105469,52.130001068115234,51.130001068115234,51.45000076293945,38643500
2021-03-17,51.29999923706055,52.099998474121094,50.86000061035156,51.849998474121094,32276100
2021-03-18,51.38999938964844,51.619998931884766,49.310001373291016,49.52000045776367,43603600
2021-03-19,49.5,50.349998474121094,48.86000061035156,49.529998779296875,40579300
2021-03-22,48.900001525878906,49.09000015258789,48.439998626708984,48.540000915527344,29780900
2021-03-23,47.560001373291016,48.900001525878906,47.2599983215332,47.83000183105469,51598100
2021-03-24,48.560001373291016,49.689998626708984,48.560001373291016,49.029998779296875,40815400
2021-03-25,48.209999084472656,49.349998474121094,47.43000030517578,49.209999084472656,40335100
2021-03-26,50.099998474121094,50.5,49.529998779296875,50.43000030517578,36174300
2021-03-29,50.0,50.2599983215332,49.220001220703125,49.83000183105469,23643100
2021-03-30,49.31999969482422,49.93000030517578,49.029998779296875,49.400001525878906,26696100
2021-03-31,49.29999923706055,49.52000045776367,48.869998931884766,49.060001373291016,24048700
2021-04-01,49.279998779296875,50.33000183105469,49.02000045776367,50.310001373291016,32519800
2021-04-05,50.209999084472656,50.220001220703125,48.81999969482422,49.11000061035156,26686100
2021-04-06,49.349998474121094,50.0099983215332,48.900001525878906,48.97999954223633,26628900
2021-04-07,49.0,49.400001525878906,48.81999969482422,49.150001525878906,24944300
2021-04-08,48.79999923706055,48.810001373291016,47.95000076293945,48.5099983215332,31883300
2021-04-09,48.5,48.91999816894531,47.970001220703125,48.189998626708984,22186700
2021-04-12,48.61000061035156,48.959999084472656,47.63999938964844,47.810001373291016,19598100
2021-04-13,47.72999954223633,48.119998931884766,47.380001068115234,47.86000061035156,22412700
2021-04-14,48.279998779296875,49.84000015258789,48.22999954223633,49.189998626708984,33383900
2021-04-15,49.25,49.25,48.59000015258789,48.790000915527344,24843100
2021-04-16,49.150001525878906,49.27000045776367,48.20000076293945,48.400001525878906,28594500
2021-04-19,48.5,48.86000061035156,47.880001068115234,48.349998474121094,20413900
2021-04-20,48.18000030517578,48.25,46.59000015258789,47.06999969482422,36287000
2021-04-21,46.470001220703125,47.84000015258789,46.25,47.66999816894531,28495500
2021-04-22,47.900001525878906,47.91999816894531,46.95000076293945,47.11000061035156,25031400
2021-04-23,47.150001525878906,47.75,46.869998931884766,47.540000915527344,16948900
2021-04-26,47.36000061035156,48.220001220703125,47.36000061035156,47.86000061035156,17945900
2021-04-27,48.040000915527344,48.61000061035156,47.81999969482422,48.439998626708984,21134400
2021-04-28,48.79999923706055,50.29999923706055,48.7599983215332,50.11000061035156,32937000
2021-04-29,50.83000183105469,51.290000915527344,50.04999923706055,50.66999816894531,33021200
2021-04-30,49.95000076293945,50.63999938964844,49.279998779296875,49.38999938964844,29259500
2021-05-03,49.959999084472656,50.880001068115234,49.79999923706055,50.75,22870000
2021-05-04,50.849998474121094,51.22999954223633,50.20000076293945,50.779998779296875,26958800
2021-05-05,51.40999984741211,52.58000183105469,51.40999984741211,52.41999816894531,39810600
2021-05-06,52.40999984741211,52.689998626708984,51.439998626708984,52.689998626708984,29355200
2021-05-07,52.150001525878906,53.720001220703125,51.959999084472656,53.630001068115234,31598100
2021-05-10,54.29999923706055,55.13999938964844,53.61000061035156,53.650001525878906,34499000
2021-05-11,52.529998779296875,53.279998779296875,51.810001373291016,52.27000045776367,56765900
2021-05-12,52.540000915527344,54.06999969482422,52.279998779296875,52.52000045776367,41097800
2021-05-13,51.88999938964844,52.849998474121094,51.18000030517578,51.880001068115234,39849100
2021-05-14,52.45000076293945,53.689998626708984,52.45000076293945,53.4900016784668,28591800
2021-05-17,53.29999923706055,54.75,53.220001220703125,54.72999954223633,33702100
2021-05-18,54.650001525878906,54.849998474121094,53.36000061035156,53.459999084472656,35217700
2021-05-19,52.209999084472656,52.720001220703125,51.400001525878906,52.130001068115234,43984800
2021-05-20,52.11000061035156,52.290000915527344,51.310001373291016,52.04999923706055,28261300
2021-05-21,52.56999969482422,52.939998626708984,52.119998931884766,52.15999984741211,25269900
2021-05-24,52.52000045776367,52.79999923706055,51.93000030517578,52.68000030517578,24010200
2021-05-25,52.54999923706055,52.689998626708984,51.529998779296875,51.61000061035156,24279300
2021-05-26,51.65999984741211,52.2599983215332,51.41999816894531,52.06999969482422,19777200
2021-05-27,52.279998779296875,52.75,51.81999969482422,52.11000061035156,19526800
2021-05-28,52.400001525878906,52.470001220703125,51.93000030517578,52.209999084472656,18562700
2021-06-01,53.2400016784668,54.34000015258789,53.209999084472656,54.220001220703125,36285100
2021-06-02,54.54999923706055,55.4900016784668,53.90999984741211,55.22999954223633,33946700
2021-06-03,55.0,55.689998626708984,54.650001525878906,55.380001068115234,29380800
2021-06-04,55.7400016784668,55.97999954223633,54.93000030517578,55.75,26329400
2021-06-07,55.7400016784668,56.08000183105469,55.43000030517578,55.5099983215332,20035200
2021-06-08,55.31999969482422,56.09000015258789,54.65999984741211,55.9900016784668,28776500
2021-06-09,56.150001525878906,56.38999938964844,55.61000061035156,55.63999938964844,28026100
2021-06-10,56.38999938964844,56.650001525878906,54.97999954223633,55.56999969482422,28676900
2021-06-11,55.77000045776367,56.08000183105469,55.310001373291016,55.380001068115234,19045700
2021-06-14,55.58000183105469,55.91999816894531,54.689998626708984,55.13999938964844,18872500
2021-06-15,55.4900016784668,56.34000015258789,55.349998474121094,56.189998626708984,32142500
2021-06-16,56.099998474121094,56.54999923706055,55.400001525878906,55.88999938964844,30393200
2021-06-17,55.75,56.220001220703125,53.2599983215332,53.9900016784668,53470900
2021-06-18,52.86000061035156,53.529998779296875,52.349998474121094,52.38999938964844,56906100
2021-06-21,52.290000915527344,54.16999816894531,52.290000915527344,54.06999969482422,42183400
2021-06-22,53.939998626708984,54.63999938964844,53.349998474121094,54.43000030517578,24172200
2021-06-23,54.93000030517578,55.54999923706055,54.47999954223633,54.58000183105469,20276500
2021-06-24,54.83000183105469,55.09000015258789,54.29999923706055,55.04999923706055,20878400
2021-06-25,55.20000076293945,55.369998931884766,54.88999938964844,55.34000015258789,19165000
2021-06-28,55.099998474121094,55.130001068115234,53.25,53.470001220703125,32851400
2021-06-29,53.790000915527344,54.09000015258789,53.13999938964844,53.209999084472656,15955500
2021-06-30,53.369998931884766,54.029998779296875,53.31999969482422,53.869998931884766,23517000
2021-07-01,55.099998474121094,55.27000045776367,54.29999923706055,54.810001373291016,23625800
2021-07-02,54.58000183105469,54.869998931884766,54.11000061035156,54.689998626708984,15235900
2021-07-06,54.5099983215332,54.61000061035156,52.689998626708984,52.90999984741211,34223100
2021-07-07,52.83000183105469,53.31999969482422,51.470001220703125,52.04999923706055,30411900
2021-07-08,51.130001068115234,52.2400016784668,50.95000076293945,51.75,24689900
2021-07-09,52.40999984741211,52.88999938964844,51.79999923706055,52.849998474121094,25603000
2021-07-12,52.25,53.09000015258789,51.880001068115234,52.77000045776367,20676500
2021-07-13,52.5099983215332,52.84000015258789,52.060001373291016,52.369998931884766,24893400
2021-07-14,52.529998779296875,53.13999938964844,50.61000061035156,50.810001373291016,33499700
2021-07-15,50.2599983215332,50.869998931884766,49.86000061035156,50.099998474121094,29835400
2021-07-16,50.47999954223633,50.5,48.59000015258789,48.68000030517578,37126900
2021-07-19,47.02000045776367,47.630001068115234,46.29999923706055,46.959999084472656,57497400
2021-07-20,46.97999954223633,48.09000015258789,46.58000183105469,47.59000015258789,41671000
2021-07-21,48.529998779296875,49.650001525878906,48.41999816894531,49.25,41021300
2021-07-22,49.20000076293945,49.20000076293945,48.279998779296875,48.70000076293945,23635000
2021-07-23,48.86000061035156,48.880001068115234,48.029998779296875,48.52000045776367,23475900
2021-07-26,48.63999938964844,49.91999816894531,48.54999923706055,49.720001220703125,23633100
2021-07-27,49.33000183105469,49.40999984741211,48.68000030517578,49.2599983215332,23444200
2021-07-28,49.38999938964844,50.119998931884766,48.939998626708984,49.709999084472656,19584600
2021-07-29,50.349998474121094,50.56999969482422,49.88999938964844,50.189998626708984,21897000
2021-07-30,50.09000015258789,50.29999923706055,49.09000015258789,49.38999938964844,24800300
2021-08-02,49.41999816894531,50.619998931884766,48.939998626708984,49.02000045776367,28905400
2021-08-03,48.86000061035156,49.959999084472656,48.400001525878906,49.86000061035156,32151000
2021-08-04,48.959999084472656,49.56999969482422,48.439998626708984,48.5099983215332,32261900
2021-08-05,48.810001373291016,49.65999984741211,48.599998474121094,49.060001373291016,22900000
2021-08-06,49.47999954223633,49.900001525878906,49.2400016784668,49.5099983215332,18107400
2021-08-09,48.849998474121094,49.20000076293945,48.47999954223633,48.810001373291016,21096700
2021-08-10,49.06999969482422,49.79999923706055,49.0099983215332,49.66999816894531,26641500
2021-08-11,49.540000915527344,50.150001525878906,49.22999954223633,50.060001373291016,23843100
2021-08-12,50.02000045776367,50.290000915527344,49.400001525878906,50.0099983215332,18258600
2021-08-13,50.040000915527344,50.040000915527344,49.29999923706055,49.41999816894531,16525400
2021-08-16,48.75,48.77000045776367,48.08000183105469,48.5099983215332,24129200
2021-08-17,48.040000915527344,48.790000915527344,47.58000183105469,48.0099983215332,25554100
2021-08-18,48.0,48.380001068115234,46.95000076293945,47.0099983215332,28152900
2021-08-19,46.20000076293945,46.5,45.13999938964844,45.790000915527344,49628100
2021-08-20,45.369998931884766,46.18000030517578,45.16999816894531,45.88999938964844,30793800
2021-08-23,47.0,47.7400016784668,46.900001525878906,47.61000061035156,29352200
2021-08-24,48.0099983215332,48.650001525878906,47.93000030517578,48.400001525878906,22691100
2021-08-25,48.29999923706055,49.040000915527344,47.97999954223633,48.77000045776367,19908800
2021-08-26,48.4900016784668,48.7599983215332,47.95000076293945,48.029998779296875,20732700
2021-08-27,48.630001068115234,49.63999938964844,48.52000045776367,49.310001373291016,23101300
2021-08-30,49.5,49.689998626708984,48.709999084472656,48.72999954223633,15908900
2021-08-31,48.4900016784668,48.93000030517578,48.279998779296875,48.400001525878906,26936600
2021-09-01,48.349998474121094,48.630001068115234,47.5099983215332,47.689998626708984,31729900
2021-09-02,48.130001068115234,49.290000915527344,48.130001068115234,48.900001525878906,30817700
2021-09-03,48.79999923706055,49.15999984741211,48.38999938964844,48.619998931884766,19581400
2021-09-07,48.38999938964844,49.0,48.150001525878906,48.33000183105469,21236400
2021-09-08,48.599998474121094,48.91999816894531,47.68000030517578,47.709999084472656,21899200
2021-09-09,47.38999938964844,48.560001373291016,47.13999938964844,47.810001373291016,25264800
2021-09-10,48.54999923706055,48.650001525878906,47.63999938964844,47.790000915527344,18756500
2021-09-13,48.40999984741211,49.4900016784668,48.40999984741211,49.15999984741211,34249800
2021-09-14,49.599998474121094,49.689998626708984,48.2400016784668,48.45000076293945,29467900
2021-09-15,49.13999938964844,50.29999923706055,49.060001373291016,50.2599983215332,38347500
2021-09-16,50.209999084472656,50.220001220703125,49.41999816894531,49.689998626708984,30321900
2021-09-17,49.439998626708984,50.220001220703125,49.189998626708984,49.31999969482422,32229500
2021-09-20,47.54999923706055,47.810001373291016,46.470001220703125,47.2400016784668,42830000
2021-09-21,47.79999923706055,48.04999923706055,46.849998474121094,47.349998474121094,25661700
2021-09-22,48.150001525878906,49.380001068115234,48.150001525878906,48.810001373291016,39626100
2021-09-23,49.08000183105469,50.66999816894531,48.849998474121094,50.52000045776367,24867100
2021-09-24,50.25,51.15999984741211,50.150001525878906,50.900001525878906,27751500
2021-09-27,52.02000045776367,52.91999816894531,51.95000076293945,52.709999084472656,40848700
2021-09-28,53.209999084472656,53.83000183105469,52.77000045776367,52.88999938964844,66487600
2021-09-29,52.84000015258789,53.220001220703125,52.189998626708984,52.88999938964844,34947200
2021-09-30,52.7400016784668,53.029998779296875,52.09000015258789,52.09000015258789,44599400
2021-10-01,52.470001220703125,53.88999938964844,52.470001220703125,53.84000015258789,41656000
2021-10-04,54.41999816894531,55.31999969482422,54.16999816894531,54.720001220703125,57407900
2021-10-05,55.5,56.04999923706055,54.470001220703125,55.040000915527344,49014800
2021-10-06,54.130001068115234,54.7599983215332,53.5,54.459999084472656,50087400
2021-10-07,54.599998474121094,55.18000030517578,54.33000183105469,54.880001068115234,38798100
2021-10-08,55.459999084472656,56.70000076293945,55.33000183105469,56.56999969482422,43100200
2021-10-11,57.41999816894531,57.59000015258789,56.310001373291016,56.36000061035156,43010700
2021-10-12,56.25,56.95000076293945,56.02000045776367,56.40999984741211,35519100
2021-10-13,56.0,56.650001525878906,55.369998931884766,56.36000061035156,28951300
2021-10-14,57.0,57.290000915527344,56.47999954223633,57.04999923706055,23393300
2021-10-15,57.689998626708984,57.90999984741211,57.29999923706055,57.33000183105469,22677400
2021-10-18,57.88999938964844,58.209999084472656,57.04999923706055,57.369998931884766,32628800
2021-10-19,57.61000061035156,58.220001220703125,57.29999923706055,58.02000045776367,22276300
2021-10-20,57.58000183105469,58.5,57.349998474121094,58.4900016784668,25106300
2021-10-21,58.040000915527344,58.25,56.939998626708984,57.40999984741211,32120900
2021-10-22,57.619998931884766,58.0,57.08000183105469,57.95000076293945,21502500
2021-10-25,58.65999984741211,59.119998931884766,58.349998474121094,58.79999923706055,25056100
2021-10-26,59.0,59.40999984741211,58.779998779296875,59.13999938964844,22751600
2021-10-27,58.5,58.81999969482422,57.310001373291016,57.439998626708984,34003800
2021-10-28,57.130001068115234,57.900001525878906,57.119998931884766,57.849998474121094,23367500
2021-10-29,58.13999938964844,58.27000045776367,57.22999954223633,57.470001220703125,21998900
2021-11-01,58.040000915527344,58.619998931884766,57.880001068115234,58.459999084472656,24828400
2021-11-02,58.119998931884766,58.56999969482422,57.720001220703125,57.90999984741211,17062700
2021-11-03,57.209999084472656,58.029998779296875,56.970001220703125,57.43000030517578,23337400
2021-11-04,58.279998779296875,58.43000030517578,56.9900016784668,57.5099983215332,38181600
2021-11-05,58.29999923706055,58.52000045776367,57.779998779296875,58.2599983215332,22603500
2021-11-08,58.75,59.400001525878906,58.470001220703125,58.790000915527344,20011200
2021-11-09,58.86000061035156,59.04999923706055,58.02000045776367,59.029998779296875,19689000
2021-11-10,58.779998779296875,58.970001220703125,57.130001068115234,57.470001220703125,36016500
2021-11-11,57.5099983215332,58.08000183105469,57.5099983215332,57.689998626708984,24498300
2021-11-12,57.45000076293945,57.779998779296875,57.20000076293945,57.54999923706055,17095000
2021-11-15,57.5,58.369998931884766,57.0099983215332,58.029998779296875,21375700
2021-11-16,58.20000076293945,58.59000015258789,57.84000015258789,58.119998931884766,20479400
2021-11-17,57.54999923706055,58.380001068115234,57.029998779296875,57.22999954223633,23669500
2021-11-18,57.099998474121094,57.54999923706055,56.20000076293945,56.88999938964844,28955500
2021-11-19,55.65999984741211,55.810001373291016,54.54999923706055,54.66999816894531,45689800
2021-11-22,54.59000015258789,56.47999954223633,54.58000183105469,55.63999938964844,33892900
2021-11-23,56.369998931884766,57.540000915527344,56.31999969482422,57.349998474121094,33862300
2021-11-24,57.04999923706055,58.2400016784668,56.970001220703125,57.90999984741211,21434300
2021-11-26,55.040000915527344,55.7599983215332,54.13999938964844,55.58000183105469,44727200
2021-11-29,56.790000915527344,57.36000061035156,55.720001220703125,55.900001525878906,35441200
2021-11-30,54.849998474121094,55.68000030517578,54.31999969482422,54.59000015258789,46262000
2021-12-01,55.869998931884766,56.380001068115234,53.97999954223633,54.0099983215332,44774800
2021-12-02,54.040000915527344,55.779998779296875,53.400001525878906,55.58000183105469,50371900
2021-12-03,56.33000183105469,56.58000183105469,54.61000061035156,55.13999938964844,37940100
2021-12-06,55.9900016784668,56.619998931884766,55.29999923706055,55.959999084472656,31969500
2021-12-07,56.7400016784668,57.810001373291016,56.66999816894531,57.27000045776367,36843300
2021-12-08,57.59000015258789,57.869998931884766,57.13999938964844,57.2599983215332,23515000
2021-12-09,56.900001525878906,57.04999923706055,56.470001220703125,56.81999969482422,23399400
2021-12-10,57.43000030517578,57.470001220703125,56.220001220703125,57.2400016784668,19525600
2021-12-13,56.72999954223633,56.900001525878906,55.380001068115234,55.650001525878906,28604000
2021-12-14,55.310001373291016,56.27000045776367,55.22999954223633,55.41999816894531,28798800
2021-12-15,55.34000015258789,55.47999954223633,53.91999816894531,55.150001525878906,33858100
2021-12-16,55.630001068115234,56.63999938964844,55.40999984741211,55.5,26865900
2021-12-17,55.099998474121094,55.349998474121094,53.880001068115234,54.369998931884766,34635100
2021-12-20,52.22999954223633,53.04999923706055,51.65999984741211,53.0099983215332,36330800
2021-12-21,53.54999923706055,54.720001220703125,53.529998779296875,54.52000045776367,25159700
2021-12-22,54.58000183105469,55.2400016784668,53.91999816894531,54.869998931884766,21103100
2021-12-23,55.11000061035156,55.65999984741211,54.880001068115234,54.900001525878906,16685300
2021-12-27,54.720001220703125,56.150001525878906,54.2599983215332,56.099998474121094,21742200
2021-12-28,56.2400016784668,56.61000061035156,55.75,56.060001373291016,17938500
2021-12-29,55.970001220703125,56.2400016784668,55.43000030517578,55.70000076293945,15109100
2021-12-30,55.720001220703125,56.15999984741211,55.310001373291016,55.36000061035156,13590000
2021-12-31,55.220001220703125,55.790000915527344,55.130001068115234,55.5,13241200
2022-01-03,55.58000183105469,57.310001373291016,55.54999923706055,57.220001220703125,32527100
2022-01-04,58.0,59.43000030517578,57.810001373291016,59.20000076293945,39978800
2022-01-05,59.779998779296875,60.439998626708984,59.099998474121094,59.189998626708984,45402000
2022-01-06,60.58000183105469,60.849998474121094,59.65999984741211,60.5099983215332,37340700
2022-01-07,60.7400016784668,61.5,60.31999969482422,61.34000015258789,35584600
2022-01-10,61.47999954223633,61.599998474121094,60.349998474121094,61.150001525878906,33236500
2022-01-11,61.68000030517578,63.34000015258789,61.15999984741211,63.22999954223633,38443900
2022-01-12,63.56999969482422,63.7400016784668,62.88999938964844,63.349998474121094,30248400
2022-01-13,63.349998474121094,63.86000061035156,62.77000045776367,63.029998779296875,29777000
2022-01-14,63.09000015258789,64.61000061035156,63.04999923706055,64.51000213623047,32400500
2022-01-18,65.19999694824219,65.52999877929688,63.779998779296875,64.7699966430664,41066700
2022-01-19,65.2699966430664,65.33999633789062,63.790000915527344,64.30000305175781,32989000
2022-01-20,63.880001068115234,65.41999816894531,63.58000183105469,63.709999084472656,41990400
2022-01-21,62.9900016784668,63.38999938964844,61.790000915527344,62.45000076293945,57269800
2022-01-24,60.970001220703125,63.09000015258789,59.84000015258789,62.869998931884766,62252800
2022-01-25,62.630001068115234,65.55000305175781,61.470001220703125,65.30999755859375,59217200
2022-01-26,66.0,66.52999877929688,64.48999786376953,65.19999694824219,65362700
2022-01-27,66.3499984741211,67.05999755859375,64.81999969482422,65.91000366210938,54450700
2022-01-28,65.47000122070312,66.2699966430664,64.26000213623047,65.62999725341797,52651200
2022-01-31,65.4800033569336,66.33999633789062,64.44000244140625,65.91999816894531,31649200
2022-02-01,65.52999877929688,68.43000030517578,65.37999725341797,68.2699966430664,45222300
2022-02-02,67.91999816894531,68.62000274658203,67.08000183105469,68.48999786376953,32598500
2022-02-03,68.20999908447266,68.3499984741211,67.0999984741211,67.83999633789062,30981300
2022-02-04,68.69999694824219,70.0,68.54000091552734,68.9000015258789,40866700
2022-02-07,68.56999969482422,70.43000030517578,68.05000305175781,69.77999877929688,32582500
2022-02-08,69.56999969482422,69.70999908447266,67.80000305175781,68.27999877929688,37882100
2022-02-09,68.44000244140625,69.37999725341797,68.2699966430664,68.8499984741211,35395700
2022-02-10,68.51000213623047,69.73999786376953,67.97000122070312,68.41999816894531,37821600
2022-02-11,68.87999725341797,70.5,68.44999694824219,70.41000366210938,46517000
2022-02-14,69.9800033569336,70.05999755859375,67.93000030517578,68.75,49816500
2022-02-15,67.05999755859375,68.19000244140625,66.68000030517578,68.02999877929688,43046100
2022-02-16,68.56999969482422,69.7699966430664,68.16000366210938,68.58000183105469,36722100
2022-02-17,68.5199966430664,69.19000244140625,67.94000244140625,68.47000122070312,33811400
2022-02-18,67.5,68.58999633789062,67.38999938964844,68.05000305175781,31645800
2022-02-22,70.11000061035156,70.11000061035156,65.94000244140625,66.94999694824219,46501400
2022-02-23,67.33999633789062,68.16000366210938,66.94999694824219,67.63999938964844,33979000
2022-02-24,69.08000183105469,69.16000366210938,65.36000061035156,67.11000061035156,61742900
2022-02-25,67.26000213623047,68.94999694824219,67.26000213623047,68.87999725341797,39211500
2022-02-28,68.38999938964844,70.66000366210938,68.01000213623047,70.58000183105469,48197100
2022-03-01,71.20999908447266,72.48999786376953,70.29000091552734,71.29000091552734,62115500
2022-03-02,72.37999725341797,73.5,72.02999877929688,72.91999816894531,45454100
2022-03-03,72.20999908447266,73.62000274658203,72.05999755859375,73.12000274658203,44559900
2022-03-04,73.11000061035156,75.2699966430664,72.91999816894531,75.2300033569336,52608400
2022-03-07,76.01000213623047,77.55999755859375,74.63999938964844,76.33999633789062,65607400
2022-03-08,78.08000183105469,80.22000122070312,75.33000183105469,77.54000091552734,98027200
2022-03-09,74.69999694824219,76.94000244140625,73.5,75.16999816894531,87018200
2022-03-10,76.05999755859375,77.66999816894531,75.5199966430664,77.47000122070312,68901300
2022-03-11,76.2300033569336,77.80999755859375,76.11000061035156,76.8499984741211,45918900
2022-03-14,75.20999908447266,75.73999786376953,73.55000305175781,74.55000305175781,50745000
2022-03-15,71.66000366210938,72.6500015258789,70.44000244140625,71.81999969482422,62362200
2022-03-16,72.08999633789062,72.72000122070312,70.73999786376953,71.48999786376953,53768100
2022-03-17,72.76000213623047,74.13999938964844,72.30999755859375,73.94999694824219,38478200
2022-03-18,73.81999969482422,74.37999725341797,73.31999969482422,73.87999725341797,29275400
2022-03-21,74.66000366210938,76.37000274658203,74.62000274658203,76.12999725341797,34357400
2022-03-22,75.80999755859375,76.2300033569336,74.70999908447266,75.56999969482422,33231100
2022-03-23,76.98999786376953,77.58000183105469,76.62000274658203,76.87000274658203,29331500
2022-03-24,77.16000366210938,77.81999969482422,76.55000305175781,77.05999755859375,26350300
2022-03-25,76.5999984741211,78.8499984741211,76.54000091552734,78.75,28041800
2022-03-28,77.12999725341797,77.16000366210938,76.30999755859375,76.80000305175781,34880200
2022-03-29,75.08000183105469,76.63999938964844,74.19000244140625,76.5999984741211,36637000
2022-03-30,77.33999633789062,78.04000091552734,76.86000061035156,77.48999786376953,24868200
2022-03-31,76.76000213623047,78.20999908447266,76.43000030517578,76.44000244140625,32803300
2022-04-01,76.33999633789062,77.77999877929688,76.29000091552734,77.05999755859375,24806300
2022-04-04,77.55999755859375,77.80999755859375,76.33999633789062,77.16000366210938,23003700
2022-04-05,77.30000305175781,78.48999786376953,75.86000061035156,75.94999694824219,27288600
2022-04-06,76.77999877929688,77.47000122070312,75.97000122070312,76.4000015258789,32164200
2022-04-07,76.76000213623047,77.66000366210938,75.33999633789062,77.4000015258789,27048700
2022-04-08,77.61000061035156,79.75,77.61000061035156,79.52999877929688,26713100
2022-04-11,78.68000030517578,78.69999694824219,76.97000122070312,77.13999938964844,26230500
2022-04-12,78.69999694824219,79.8499984741211,78.2699966430664,78.41999816894531,31964700
2022-04-13,79.37999725341797,79.80999755859375,78.06999969482422,79.58999633789062,24647900
2022-04-14,79.20999908447266,80.4800033569336,79.08999633789062,79.8499984741211,25934700
2022-04-18,80.51000213623047,81.5,80.01000213623047,81.0199966430664,30456600
2022-04-19,80.5999984741211,81.38999938964844,79.88999938964844,80.36000061035156,22863900
2022-04-20,80.56999969482422,81.0999984741211,79.79000091552734,80.66999816894531,26039700
2022-04-21,81.1500015258789,81.51000213623047,77.80999755859375,78.11000061035156,32578900
2022-04-22,77.80000305175781,78.91999816894531,76.16999816894531,76.19999694824219,35749600
2022-04-25,73.80000305175781,74.08000183105469,71.0,73.68000030517578,55362200
2022-04-26,74.2300033569336,75.80000305175781,73.58999633789062,73.77999877929688,44584300
2022-04-27,74.25,75.58999633789062,72.91999816894531,74.86000061035156,44566300
2022-04-28,75.36000061035156,77.76000213623047,73.87999725341797,77.12999725341797,43734800
2022-04-29,77.30000305175781,77.73999786376953,74.87999725341797,75.1500015258789,39708100
2022-05-02,74.69000244140625,76.37999725341797,74.45999908447266,76.3499984741211,52070600
2022-05-03,76.48999786376953,78.8499984741211,76.44000244140625,78.48999786376953,41649400
2022-05-04,80.0,81.91999816894531,78.9800033569336,81.75,45383700
2022-05-05,82.33000183105469,82.41000366210938,78.87999725341797,80.5199966430664,46597000
2022-05-06,81.55999755859375,82.93000030517578,79.93000030517578,82.91999816894531,47122800
2022-05-09,81.13999938964844,81.20999908447266,75.75,76.05999755859375,53022000
2022-05-10,77.2300033569336,78.69000244140625,75.12999725341797,76.75,56863900
2022-05-11,78.02999877929688,80.33000183105469,77.6500015258789,77.77999877929688,49852500
2022-05-12,77.75,78.1500015258789,75.68000030517578,78.11000061035156,45021800
2022-05-13,79.2699966430664,81.0999984741211,79.12999725341797,80.77999877929688,29718700
2022-05-16,81.06999969482422,83.76000213623047,81.0199966430664,82.91000366210938,28259400
2022-05-17,84.02999877929688,84.37999725341797,83.12000274658203,83.87000274658203,28164700
2022-05-18,84.47000122070312,84.56999969482422,80.73999786376953,81.72000122070312,33230700
2022-05-19,79.86000061035156,82.79000091552734,79.86000061035156,81.41999816894531,35720500
2022-05-20,82.41999816894531,83.38999938964844,80.12999725341797,81.7699966430664,31920000
2022-05-23,82.73999786376953,84.22000122070312,82.2300033569336,83.93000030517578,26644700
2022-05-24,83.0,84.5999984741211,82.36000061035156,84.25,26563800
2022-05-25,84.54000091552734,86.11000061035156,84.41999816894531,85.98999786376953,26324000
2022-05-26,86.51000213623047,87.58999633789062,86.44999694824219,86.94000244140625,21339100
2022-05-27,86.55000305175781,88.7699966430664,86.33999633789062,88.52999877929688,18667200
2022-05-31,89.98999786376953,90.45999908447266,86.7300033569336,87.19999694824219,39340600
2022-06-01,88.30000305175781,89.2699966430664,87.33000183105469,88.62000274658203,29648600
2022-06-02,88.0,88.95999908447266,87.45999908447266,88.33999633789062,26302700
2022-06-03,88.44999694824219,89.79000091552734,88.3499984741211,89.51000213623047,20525300
2022-06-06,89.94000244140625,90.0,88.93000030517578,89.41000366210938,16692300
2022-06-07,89.3499984741211,92.19999694824219,89.27999877929688,92.08000183105469,25689400
2022-06-08,92.52999877929688,93.30999755859375,91.70999908447266,92.27999877929688,28492700
2022-06-09,91.48999786376953,92.06999969482422,90.13999938964844,90.23999786376953,24588100
2022-06-10,89.19999694824219,90.54000091552734,87.68000030517578,88.70999908447266,31271800
2022-06-13,86.0199966430664,86.11000061035156,82.41000366210938,84.08000183105469,44731300
2022-06-14,85.7699966430664,86.87000274658203,83.13999938964844,84.23999786376953,34756400
2022-06-15,84.05000305175781,84.47000122070312,80.98999786376953,82.37999725341797,43223200
2022-06-16,80.19000244140625,80.62999725341797,77.06999969482422,77.73999786376953,57979100
2022-06-17,77.19999694824219,77.7699966430664,72.5999984741211,73.48999786376953,64234200
2022-06-21,74.61000061035156,76.95999908447266,74.4800033569336,76.44000244140625,35006700
2022-06-22,72.76000213623047,74.66999816894531,72.36000061035156,73.37999725341797,41212600
2022-06-23,73.7300033569336,74.26000213623047,69.47000122070312,70.66000366210938,56921100
2022-06-24,71.87000274658203,73.11000061035156,70.83000183105469,71.58999633789062,47398500
2022-06-27,72.41999816894531,74.19000244140625,72.33000183105469,73.69000244140625,33979400
2022-06-28,75.44000244140625,76.9000015258789,74.54000091552734,75.68000030517578,39784000
2022-06-29,76.7300033569336,76.98999786376953,72.83999633789062,73.05000305175781,35592000
2022-06-30,71.4800033569336,73.36000061035156,70.87000274658203,71.51000213623047,37766700
2022-07-01,72.37999725341797,72.88999938964844,70.12999725341797,72.58000183105469,34602000
2022-07-05,71.08000183105469,71.41999816894531,68.19000244140625,69.69999694824219,44932900
2022-07-06,68.94999694824219,70.19000244140625,66.44999694824219,68.51000213623047,48209500
2022-07-07,70.37000274658203,71.54000091552734,70.19999694824219,70.9800033569336,33793600
2022-07-08,71.83999633789062,72.13999938964844,69.95999908447266,70.94999694824219,21970300
2022-07-11,70.05999755859375,70.86000061035156,69.33000183105469,70.2699966430664,22754100
2022-07-12,68.43000030517578,69.30999755859375,67.66000366210938,68.9000015258789,32345100
2022-07-13,67.9000015258789,70.2300033569336,67.9000015258789,68.79000091552734,29489000
2022-07-14,66.37999725341797,67.56999969482422,65.4800033569336,67.48999786376953,36636800
2022-07-15,68.95999908447266,69.02999877929688,67.56999969482422,68.58999633789062,29960300
2022-07-18,70.41999816894531,71.31999969482422,69.83000183105469,70.16000366210938,25726800
2022-07-19,70.05999755859375,72.5,70.04000091552734,72.31999969482422,24388200
2022-07-20,71.5199966430664,73.3499984741211,71.22000122070312,73.0199966430664,20924700
2022-07-21,71.0199966430664,71.80999755859375,69.66000366210938,71.73999786376953,21579600
2022-07-22,72.0199966430664,72.7300033569336,70.73999786376953,71.1500015258789,20418200
2022-07-25,72.12999725341797,73.83000183105469,71.2699966430664,73.76000213623047,19556000
2022-07-26,74.63999938964844,74.97000122070312,72.5999984741211,73.08999633789062,18614400
2022-07-27,73.55999755859375,75.11000061035156,72.80999755859375,74.73999786376953,22405400
2022-07-28,75.41000366210938,75.93000030517578,73.7699966430664,75.16000366210938,23332700
2022-07-29,76.52999877929688,78.66000366210938,76.37999725341797,78.41999816894531,25833800
2022-08-01,77.08000183105469,77.27999877929688,75.7699966430664,76.80000305175781,25665500
2022-08-02,76.80999755859375,77.38999938964844,75.94000244140625,76.62000274658203,19932200
2022-08-03,76.94000244140625,77.16999816894531,73.95999908447266,74.41999816894531,28506600
2022-08-04,73.91000366210938,74.12000274658203,71.38999938964844,71.66000366210938,27995500
2022-08-05,70.69000244140625,73.70999908447266,70.69000244140625,73.08000183105469,22589800
2022-08-08,73.0,74.12000274658203,72.88999938964844,73.45999908447266,18878300
2022-08-09,74.5,75.69999694824219,74.37000274658203,74.75,17341500
2022-08-10,74.91999816894531,75.72000122070312,73.44000244140625,75.29000091552734,17394200
2022-08-11,76.69999694824219,78.54000091552734,76.47000122070312,77.87999725341797,30265800
2022-08-12,77.37000274658203,78.51000213623047,77.04000091552734,78.47000122070312,19190500
2022-08-15,75.62999725341797,77.36000061035156,74.94000244140625,76.94000244140625,21012200
2022-08-16,77.05000305175781,77.86000061035156,76.27999877929688,76.76000213623047,19678800
2022-08-17,76.41000366210938,78.19999694824219,76.20999908447266,77.4000015258789,22736200
2022-08-18,78.26000213623047,79.55999755859375,78.12000274658203,79.4800033569336,23433000
2022-08-19,79.27999877929688,80.01000213623047,78.81999969482422,79.45999908447266,19744200
2022-08-22,78.77999877929688,79.80000305175781,77.4800033569336,79.30999755859375,22848100
2022-08-23,80.61000061035156,82.79000091552734,80.55000305175781,82.16999816894531,27183500
2022-08-24,82.18000030517578,83.30000305175781,81.80999755859375,83.18000030517578,24546600
2022-08-25,83.66000366210938,84.23999786376953,83.01000213623047,83.81999969482422,19899300
2022-08-26,83.6500015258789,84.55999755859375,82.47000122070312,82.83999633789062,19317600
2022-08-29,82.80000305175781,85.18000030517578,82.58999633789062,84.08999633789062,26062500
2022-08-30,82.6500015258789,82.66999816894531,80.56999969482422,81.23999786376953,28820900
2022-08-31,79.2300033569336,81.83999633789062,78.94000244140625,80.5,29152300
2022-09-01,79.30999755859375,79.61000061035156,77.41999816894531,78.5199966430664,28302100
2022-09-02,80.44999694824219,81.0199966430664,79.52999877929688,79.95999908447266,28594100
2022-09-06,80.70999908447266,80.9800033569336,78.88999938964844,79.22000122070312,22784100
2022-09-07,77.48999786376953,78.63999938964844,76.77999877929688,78.30000305175781,30270700
2022-09-08,78.6500015258789,79.02999877929688,77.69000244140625,78.63999938964844,26840800
2022-09-09,80.05000305175781,80.98999786376953,79.45999908447266,80.5999984741211,19339400
2022-09-12,81.77999877929688,82.97000122070312,81.08000183105469,82.08000183105469,20865900
2022-09-13,80.80000305175781,82.18000030517578,79.6500015258789,80.01000213623047,30573000
2022-09-14,80.76000213623047,82.8499984741211,80.76000213623047,82.2699966430664,27192100
2022-09-15,80.80999755859375,81.1500015258789,79.76000213623047,80.1500015258789,27943200
2022-09-16,79.9000015258789,79.95999908447266,77.30000305175781,78.44000244140625,35201800
2022-09-19,75.45999908447266,77.69000244140625,75.27999877929688,77.63999938964844,18812900
2022-09-20,77.0999984741211,77.55000305175781,76.19000244140625,77.0999984741211,21149800
2022-09-21,78.55000305175781,78.66000366210938,75.94000244140625,75.97000122070312,34352900
2022-09-22,77.3499984741211,77.5999984741211,75.63999938964844,75.69999694824219,28874000
2022-09-23,72.76000213623047,72.9000015258789,69.94000244140625,70.4800033569336,52737800
2022-09-26,70.04000091552734,70.91999816894531,68.66000366210938,68.75,36079800
2022-09-27,69.94000244140625,70.80999755859375,69.12999725341797,69.5199966430664,33835600
2022-09-28,70.22000122070312,73.0,69.80000305175781,72.5999984741211,31573800
2022-09-29,72.06999969482422,72.75,70.80000305175781,72.5999984741211,24281500
2022-09-30,72.0199966430664,73.0199966430664,71.31999969482422,72.0199966430664,21684700
2022-10-03,74.61000061035156,76.48999786376953,74.48999786376953,76.08999633789062,34775300
2022-10-04,77.62999725341797,79.43000030517578,77.0199966430664,79.36000061035156,33165400
2022-10-05,79.33000183105469,81.62999725341797,78.6500015258789,81.0,30636800
2022-10-06,80.33999633789062,82.69000244140625,80.27999877929688,82.44000244140625,26335100
2022-10-07,82.61000061035156,83.54000091552734,81.20999908447266,81.80000305175781,28457700
2022-10-10,82.12000274658203,82.81999969482422,79.86000061035156,80.12000274658203,23165800
2022-10-11,78.62000274658203,80.8499984741211,78.29000091552734,79.4800033569336,26921100
2022-10-12,78.95999908447266,80.68000030517578,78.44000244140625,80.12000274658203,20551200
2022-10-13,79.06999969482422,83.70999908447266,79.05000305175781,83.38999938964844,35067400
2022-10-14,82.4800033569336,83.66999816894531,80.12000274658203,80.27999877929688,26747300
2022-10-17,81.54000091552734,82.62000274658203,81.05000305175781,81.27999877929688,18994200
2022-10-18,81.94999694824219,82.75,80.41000366210938,81.98999786376953,25187900
2022-10-19,82.2300033569336,84.72000122070312,82.19999694824219,84.41000366210938,31263800
2022-10-20,85.05000305175781,85.83000183105469,83.9800033569336,84.48999786376953,25261800
2022-10-21,84.95999908447266,87.0999984741211,84.73999786376953,86.93000030517578,25274200
2022-10-24,86.87999725341797,87.94999694824219,86.41000366210938,87.33999633789062,22496000
2022-10-25,87.0,87.83000183105469,86.52999877929688,87.43000030517578,18841800
2022-10-26,87.76000213623047,89.31999969482422,87.69999694824219,88.62000274658203,22706500
2022-10-27,89.83999633789062,90.44000244140625,88.66999816894531,88.94000244140625,25010600
2022-10-28,89.9000015258789,90.62999725341797,87.6500015258789,89.25,24664000
2022-10-31,88.37000274658203,91.18000030517578,88.2699966430664,90.0,29760400
2022-11-01,91.51000213623047,91.55000305175781,90.31999969482422,90.87000274658203,21755400
2022-11-02,90.58000183105469,91.05000305175781,88.47000122070312,88.68000030517578,28249600
2022-11-03,88.13999938964844,90.83000183105469,87.88999938964844,90.31999969482422,26817200
2022-11-04,92.33000183105469,93.0199966430664,90.13999938964844,91.41999816894531,30295300
2022-11-07,91.61000061035156,93.27999877929688,91.44999694824219,92.98999786376953,19387700
2022-11-08,92.80999755859375,93.4800033569336,91.94000244140625,93.08000183105469,21859300
2022-11-09,91.81999969482422,92.11000061035156,88.33000183105469,88.52999877929688,31514000
2022-11-10,90.36000061035156,90.5999984741211,88.5,90.5,29244100
2022-11-11,92.2300033569336,93.61000061035156,92.01000213623047,93.12999725341797,25541300
2022-11-14,92.86000061035156,94.70999908447266,92.8499984741211,93.0999984741211,23122600
2022-11-15,93.44999694824219,94.31999969482422,92.83999633789062,94.08000183105469,25771100
2022-11-16,93.23999786376953,93.80999755859375,91.68000030517578,92.16000366210938,23638600
2022-11-17,90.75,92.44000244140625,90.27999877929688,92.36000061035156,21429900
2022-11-18,90.6500015258789,91.87999725341797,89.51000213623047,91.62999725341797,23683100
2022-11-21,89.63999938964844,90.62999725341797,87.29000091552734,90.38999938964844,42576800
2022-11-22,91.5199966430664,93.43000030517578,91.0999984741211,93.22000122070312,26877500
2022-11-23,91.52999877929688,92.80000305175781,91.19000244140625,92.20999908447266,20598700
2022-11-25,92.2699966430664,92.91999816894531,91.70999908447266,91.87000274658203,7591300
2022-11-28,89.62000274658203,90.75,89.05000305175781,89.3499984741211,29131200
2022-11-29,90.33999633789062,91.2300033569336,90.01000213623047,90.69999694824219,19024200
2022-11-30,91.70999908447266,91.88999938964844,89.72000122070312,91.1500015258789,21915100
2022-12-01,91.79000091552734,92.25,90.54000091552734,90.8499984741211,19451000
2022-12-02,90.22000122070312,91.37999725341797,89.77999877929688,90.30999755859375,18385000
2022-12-05,91.19999694824219,91.55999755859375,86.87999725341797,87.62999725341797,25876900
2022-12-06,87.08000183105469,88.12999725341797,84.7300033569336,85.31999969482422,32465100
2022-12-07,85.30000305175781,86.41999816894531,84.37000274658203,85.12000274658203,24447100
2022-12-08,87.02999877929688,87.22000122070312,84.2699966430664,84.73999786376953,25640400
2022-12-09,84.47000122070312,85.4000015258789,82.6500015258789,82.68000030517578,24048900
2022-12-12,83.1500015258789,85.05000305175781,82.83000183105469,84.8499984741211,21092400
2022-12-13,86.5,87.18000030517578,85.77999877929688,86.45999908447266,27278700
2022-12-14,87.05000305175781,87.36000061035156,85.16000366210938,85.93000030517578,26337800
2022-12-15,85.18000030517578,85.61000061035156,83.95999908447266,85.41000366210938,20203300
2022-12-16,83.80000305175781,84.76000213623047,83.20999908447266,84.36000061035156,29550500
2022-12-19,84.37999725341797,84.6500015258789,82.87999725341797,83.48999786376953,18418300
2022-12-20,83.75,85.29000091552734,83.43000030517578,84.75,14296500
2022-12-21,86.4800033569336,86.75,85.20999908447266,86.36000061035156,17029100
2022-12-22,86.44999694824219,86.5,82.68000030517578,84.37000274658203,18679700
2022-12-23,85.48999786376953,87.08000183105469,85.05000305175781,87.05999755859375,14815000
2022-12-27,87.44000244140625,88.36000061035156,87.12000274658203,87.98999786376953,16374600
2022-12-28,87.87000274658203,87.87000274658203,85.75,86.0199966430664,15919000
2022-12-29,85.66000366210938,87.30999755859375,85.62000274658203,86.91999816894531,13457900
2022-12-30,86.45999908447266,87.63999938964844,86.44999694824219,87.47000122070312,11330900
2023-01-03,86.91999816894531,87.36000061035156,83.3499984741211,84.4000015258789,26541400
2023-01-04,83.1500015258789,84.87999725341797,82.83000183105469,84.38999938964844,22852600
2023-01-05,84.25,86.4000015258789,84.01000213623047,85.93000030517578,19361900
2023-01-06,87.04000091552734,88.62999725341797,86.81999969482422,87.55999755859375,22211200
2023-01-09,88.87999725341797,89.0199966430664,86.97000122070312,87.25,23001600
2023-01-10,87.81999969482422,88.05000305175781,86.48999786376953,87.87000274658203,15799500
2023-01-11,88.63999938964844,88.86000061035156,87.19000244140625,88.13999938964844,16451500
2023-01-12,88.66999816894531,90.4000015258789,88.5,89.81999969482422,18358000
2023-01-13,89.75,90.16999816894531,88.80000305175781,89.94999694824219,15904200
2023-01-17,90.16000366210938,91.08000183105469,89.7699966430664,90.13999938964844,16966600
2023-01-18,90.55999755859375,91.56999969482422,88.4000015258789,88.48999786376953,19037600
2023-01-19,87.9800033569336,89.94999694824219,87.79000091552734,89.58999633789062,17146900
2023-01-20,89.77999877929688,90.79000091552734,88.87000274658203,90.4800033569336,14280000
2023-01-23,91.13999938964844,91.58999633789062,90.30999755859375,90.5999984741211,14652500
2023-01-24,90.30000305175781,90.45999908447266,88.45999908447266,90.25,15377600
2023-01-25,89.80999755859375,90.26000213623047,88.37999725341797,90.26000213623047,13430600
2023-01-26,91.72000122070312,93.1500015258789,90.5999984741211,93.11000061035156,18331500
2023-01-27,92.61000061035156,93.06999969482422,91.08000183105469,91.2300033569336,17420500
2023-01-30,90.56999969482422,90.69999694824219,89.0199966430664,89.13999938964844,13762500
2023-01-31,88.83999633789062,90.06999969482422,87.93000030517578,89.93000030517578,13924100
2023-02-01,89.51000213623047,89.88999938964844,87.0,88.16000366210938,23483600
2023-02-02,87.81999969482422,87.98999786376953,85.19999694824219,86.1500015258789,24901500
2023-02-03,86.51000213623047,87.91000366210938,85.87000274658203,85.95999908447266,22727400
2023-02-06,86.04000091552734,86.69000244140625,84.5199966430664,85.56999969482422,15857200
2023-02-07,86.11000061035156,88.4800033569336,85.66000366210938,88.3499984741211,20507000
2023-02-08,88.27999877929688,88.7300033569336,87.05999755859375,87.55999755859375,13483600
2023-02-09,87.56999969482422,87.8499984741211,86.75,86.80999755859375,16075200
2023-02-10,88.25,90.38999938964844,88.16999816894531,90.20999908447266,20001600
2023-02-13,89.75,90.33000183105469,88.81999969482422,89.9800033569336,12372400
2023-02-14,89.2699966430664,90.66999816894531,89.0199966430664,90.01000213623047,13511300
2023-02-15,89.0,89.19000244140625,87.3499984741211,88.4800033569336,15969800
2023-02-16,88.0,88.76000213623047,87.5199966430664,87.61000061035156,12657100
2023-02-17,86.25,86.30999755859375,84.12000274658203,84.48999786376953,22340200
2023-02-21,84.12000274658203,85.04000091552734,83.91000366210938,84.06999969482422,16811300
2023-02-22,83.83999633789062,84.62999725341797,82.79000091552734,83.51000213623047,20135200
2023-02-23,84.7699966430664,85.26000213623047,83.69999694824219,84.7699966430664,17511700
2023-02-24,83.5199966430664,84.77999877929688,83.04000091552734,84.66000366210938,18748400
2023-02-27,84.83000183105469,85.27999877929688,84.20999908447266,84.91000366210938,15338200
2023-02-28,85.7699966430664,85.80000305175781,83.62000274658203,83.69000244140625,19003800
2023-03-01,83.76000213623047,85.7699966430664,83.44999694824219,85.33999633789062,18547000
2023-03-02,85.19000244140625,86.41000366210938,84.91999816894531,86.08999633789062,16399300
2023-03-03,85.05999755859375,87.69000244140625,85.0,87.26000213623047,25337600
2023-03-06,86.77999877929688,87.44000244140625,86.43000030517578,87.30000305175781,16949200
2023-03-07,86.77999877929688,87.0,85.55999755859375,85.77999877929688,18500200
2023-03-08,85.4000015258789,86.48999786376953,84.08000183105469,84.9000015258789,19699500
2023-03-09,85.38999938964844,86.58999633789062,83.68000030517578,83.69999694824219,18944100
2023-03-10,83.69999694824219,84.87999725341797,82.1500015258789,82.62999725341797,28312400
2023-03-13,80.5199966430664,82.4000015258789,79.11000061035156,80.94999694824219,41663500
2023-03-14,80.94000244140625,83.56999969482422,80.30999755859375,81.75,30533200
2023-03-15,78.75,79.3499984741211,76.23999786376953,77.36000061035156,57673500
2023-03-16,75.66000366210938,78.4000015258789,75.36000061035156,78.19999694824219,44395200
2023-03-17,77.75,78.4000015258789,76.33999633789062,76.97000122070312,33675800
2023-03-20,76.0999984741211,78.19999694824219,76.0999984741211,77.69999694824219,26144400
2023-03-21,79.30000305175781,80.63999938964844,79.05999755859375,80.38999938964844,29856200
2023-03-22,80.44000244140625,80.80999755859375,78.62000274658203,78.68000030517578,24604700
2023-03-23,79.11000061035156,79.80000305175781,76.83999633789062,77.58999633789062,24743100
2023-03-24,76.05000305175781,78.19000244140625,75.80999755859375,77.88999938964844,20649000
2023-03-27,78.70999908447266,80.0,78.08000183105469,79.55000305175781,20111900
2023-03-28,79.0999984741211,81.12999725341797,79.06999969482422,80.77999877929688,16298400
2023-03-29,81.58000183105469,81.98999786376953,81.05000305175781,81.9000015258789,18102300
2023-03-30,82.58000183105469,82.69999694824219,81.77999877929688,82.26000213623047,13730400
2023-03-31,82.47000122070312,82.97000122070312,82.16999816894531,82.83000183105469,16147300
2023-04-03,86.31999969482422,87.13999938964844,85.87000274658203,86.58000183105469,31226100
2023-04-04,86.83999633789062,86.94999694824219,84.25,85.01000213623047,24681500
2023-04-05,85.22000122070312,86.29000091552734,84.51000213623047,86.29000091552734,20276100
2023-04-06,86.16000366210938,86.25,84.80999755859375,84.9800033569336,16689300
2023-04-10,85.30000305175781,86.63999938964844,85.30000305175781,85.66000366210938,13488600
2023-04-11,86.13999938964844,87.01000213623047,85.6500015258789,86.47000122070312,12787600
2023-04-12,87.06999969482422,87.25,86.2699966430664,86.52999877929688,16667200
2023-04-13,86.4000015258789,87.29000091552734,86.19000244140625,87.06999969482422,15692300
2023-04-14,87.19000244140625,87.73999786376953,86.72000122070312,87.2300033569336,11780100
2023-04-17,86.94000244140625,87.30000305175781,85.9000015258789,86.19999694824219,11881000
2023-04-18,86.0,86.76000213623047,85.56999969482422,86.54000091552734,12246800
2023-04-19,85.76000213623047,86.30999755859375,85.29000091552734,86.23999786376953,17123100
2023-04-20,85.04000091552734,85.5,84.44000244140625,85.4800033569336,15198100
2023-04-21,85.79000091552734,85.83000183105469,84.5999984741211,84.9800033569336,16878800
2023-04-24,84.70999908447266,86.68000030517578,84.68000030517578,86.27999877929688,12625900
2023-04-25,85.44000244140625,85.58999633789062,84.16000366210938,84.66000366210938,15332600
2023-04-26,84.05999755859375,84.83999633789062,83.0199966430664,83.52999877929688,20035000
2023-04-27,83.4800033569336,84.04000091552734,82.69000244140625,83.83000183105469,17057300
2023-04-28,83.52999877929688,85.58999633789062,83.23999786376953,85.12999725341797,19114300
2023-05-01,84.05999755859375,85.08000183105469,83.72000122070312,84.16999816894531,13910700
2023-05-02,83.16000366210938,83.29000091552734,79.73999786376953,80.51000213623047,33824000
2023-05-03,79.4800033569336,80.41000366210938,78.95999908447266,78.98999786376953,29683800
2023-05-04,79.0199966430664,79.81999969482422,77.87000274658203,78.11000061035156,26430500
2023-05-05,80.2699966430664,80.86000061035156,79.79000091552734,80.2300033569336,19536700
2023-05-08,81.4000015258789,81.75,80.22000122070312,80.2300033569336,16355900
2023-05-09,79.5999984741211,81.0199966430664,79.43000030517578,80.26000213623047,20710600
2023-05-10,80.66000366210938,80.81999969482422,78.75,79.3499984741211,18026000
2023-05-11,78.2300033569336,78.80999755859375,77.80000305175781,78.4000015258789,19084100
2023-05-12,78.79000091552734,79.31999969482422,77.94999694824219,78.5199966430664,18956600
2023-05-15,78.80999755859375,79.37000274658203,78.19000244140625,78.91999816894531,16272300
2023-05-16,78.55000305175781,78.88999938964844,76.86000061035156,76.9800033569336,22255600
2023-05-17,77.7699966430664,78.87999725341797,77.19999694824219,78.45999908447266,23100300
2023-05-18,77.98999786376953,79.12999725341797,77.5,79.02999877929688,16577100
2023-05-19,79.76000213623047,80.26000213623047,79.19000244140625,79.63999938964844,18061100
2023-05-22,79.33999633789062,80.12000274658203,79.19000244140625,79.30999755859375,13471800
2023-05-23,80.06999969482422,81.06999969482422,79.86000061035156,80.16000366210938,21401900
2023-05-24,80.79000091552734,81.12999725341797,79.83000183105469,80.51000213623047,16737100
2023-05-25,79.3499984741211,79.5199966430664,78.33999633789062,79.08000183105469,19125500
2023-05-26,79.55999755859375,79.77999877929688,78.36000061035156,78.7699966430664,14392900
2023-05-30,77.4000015258789,78.05000305175781,77.0999984741211,77.95999908447266,20165800
2023-05-31,76.73999786376953,77.33000183105469,76.33000183105469,76.58999633789062,22398800
2023-06-01,76.7699966430664,78.41000366210938,76.25,77.54000091552734,25811800
2023-06-02,78.98999786376953,80.27999877929688,78.44999694824219,79.9000015258789,27639400
2023-06-05,81.06999969482422,81.06999969482422,79.2300033569336,79.37000274658203,18913100
2023-06-06,78.31999969482422,80.08000183105469,78.23999786376953,80.01000213623047,17375400
2023-06-07,80.4000015258789,82.2300033569336,80.3499984741211,82.12999725341797,30327100
2023-06-08,82.23999786376953,82.5199966430664,80.41999816894531,81.77999877929688,23077600
2023-06-09,81.73999786376953,82.13999938964844,81.11000061035156,81.33000183105469,19193500
2023-06-12,80.11000061035156,81.36000061035156,80.0,80.55000305175781,18193500
2023-06-13,81.44000244140625,82.5199966430664,80.88999938964844,80.93000030517578,20068200
2023-06-14,81.7300033569336,82.08999633789062,79.5,80.0999984741211,23802700
2023-06-15,80.23999786376953,81.58999633789062,80.22000122070312,80.9800033569336,23388500
2023-06-16,81.27999877929688,81.51000213623047,80.62999725341797,80.86000061035156,23730900
2023-06-20,79.62000274658203,79.70999908447266,77.7699966430664,78.36000061035156,21276000
2023-06-21,78.04000091552734,79.6500015258789,77.91999816894531,78.9800033569336,17236900
2023-06-22,78.26000213623047,78.3499984741211,77.62999725341797,77.91999816894531,16753700
2023-06-23,77.08000183105469,77.56999969482422,76.72000122070312,77.36000061035156,17452600
2023-06-26,77.5,79.19000244140625,77.31999969482422,78.75,16244300
2023-06-27,78.66999816894531,79.2699966430664,78.20999908447266,78.93000030517578,14194200
2023-06-28,78.8499984741211,79.83000183105469,78.1500015258789,79.7300033569336,16451600
2023-06-29,80.02999877929688,80.6500015258789,79.5999984741211,80.6500015258789,14217900
2023-06-30,81.19999694824219,81.58000183105469,80.5999984741211,81.16999816894531,17985300
2023-07-03,81.37000274658203,81.97000122070312,81.05999755859375,81.36000061035156,9769900
2023-07-05,81.69999694824219,81.72000122070312,80.44999694824219,80.91000366210938,16278700
2023-07-06,80.02999877929688,80.58999633789062,78.48999786376953,79.08999633789062,20983900
2023-07-07,78.69999694824219,81.54000091552734,78.63999938964844,80.79000091552734,24458000
2023-07-10,80.58000183105469,81.58000183105469,80.5199966430664,81.41999816894531,15462500
2023-07-11,81.79000091552734,83.33999633789062,81.62999725341797,83.20999908447266,19821000
2023-07-12,83.88999938964844,84.44999694824219,83.45999908447266,83.9800033569336,21538800
2023-07-13,83.9800033569336,84.5,82.87999725341797,83.66000366210938,26613200
2023-07-14,83.12000274658203,83.19999694824219,81.25,81.44999694824219,21994100
2023-07-17,81.16000366210938,81.63999938964844,80.91999816894531,81.29000091552734,16222900
2023-07-18,81.0999984741211,82.95999908447266,80.97000122070312,82.11000061035156,21604700
2023-07-19,82.11000061035156,83.1500015258789,81.93000030517578,82.58999633789062,18760500
2023-07-20,83.2699966430664,83.7300033569336,82.86000061035156,83.55999755859375,17724900
2023-07-21,83.87000274658203,84.33999633789062,83.33000183105469,84.30000305175781,15764500
2023-07-24,84.7300033569336,86.27999877929688,84.69999694824219,85.66000366210938,22269800
2023-07-25,85.62000274658203,86.61000061035156,85.0999984741211,86.11000061035156,16803300
2023-07-26,85.4000015258789,86.4800033569336,85.27999877929688,86.13999938964844,16394000
2023-07-27,86.61000061035156,86.95999908447266,85.3499984741211,85.58999633789062,17775300
2023-07-28,85.52999877929688,85.87000274658203,84.5999984741211,85.8499984741211,17313900
2023-07-31,86.5999984741211,87.7300033569336,86.3499984741211,87.4800033569336,18133200
2023-08-01,87.12999725341797,87.31999969482422,86.12999725341797,87.06999969482422,17883000
2023-08-02,86.4800033569336,86.91999816894531,85.19999694824219,85.93000030517578,22960000
2023-08-03,86.16000366210938,87.58000183105469,85.69000244140625,86.80000305175781,20815300
2023-08-04,87.41999816894531,88.23999786376953,86.81999969482422,86.91999816894531,21604100
2023-08-07,87.41000366210938,87.58999633789062,86.76000213623047,87.0199966430664,13410800
2023-08-08,85.61000061035156,87.48999786376953,84.97000122070312,87.44999694824219,18618600
2023-08-09,88.30000305175781,89.36000061035156,87.75,88.55000305175781,26042800
2023-08-10,88.68000030517578,89.69000244140625,87.94000244140625,88.54000091552734,19613300
2023-08-11,88.5,90.0,88.4800033569336,89.9000015258789,23344600
2023-08-14,89.6500015258789,89.88999938964844,88.91999816894531,89.5199966430664,15094700
2023-08-15,88.9000015258789,89.0,87.5,87.66000366210938,22491200
2023-08-16,87.75,88.69999694824219,86.83999633789062,86.9000015258789,18997700
2023-08-17,88.12000274658203,89.13999938964844,87.80999755859375,87.94000244140625,20232100
2023-08-18,87.43000030517578,88.91999816894531,87.1500015258789,88.80999755859375,17653600
2023-08-21,89.16999816894531,89.52999877929688,87.63999938964844,88.25,15244200
2023-08-22,88.36000061035156,88.66999816894531,87.5199966430664,87.56999969482422,12866400
2023-08-23,86.62000274658203,87.43000030517578,85.87000274658203,87.3499984741211,19399300
2023-08-24,86.55999755859375,87.66999816894531,86.5,86.75,16727500
2023-08-25,87.2699966430664,88.02999877929688,86.51000213623047,87.58999633789062,19018400
2023-08-28,87.81999969482422,88.83999633789062,87.66999816894531,88.18000030517578,12859100
2023-08-29,88.5,88.51000213623047,87.54000091552734,88.41999816894531,13509700
2023-08-30,88.81999969482422,89.0199966430664,88.47000122070312,88.86000061035156,13945100
2023-08-31,89.19000244140625,89.33999633789062,88.27999877929688,88.91999816894531,14808700
2023-09-01,89.9000015258789,90.83999633789062,89.87999725341797,90.73999786376953,17882100
2023-09-05,91.25,92.1500015258789,91.16000366210938,91.22000122070312,24368700
2023-09-06,91.04000091552734,91.75,90.58999633789062,91.26000213623047,20162100
2023-09-07,91.44000244140625,91.91000366210938,91.01000213623047,91.16999816894531,15364600
2023-09-08,91.5999984741211,92.70999908447266,91.55000305175781,92.05000305175781,17369500
2023-09-11,92.72000122070312,93.0,90.47000122070312,90.83999633789062,22047500
2023-09-12,91.81999969482422,93.08000183105469,91.6500015258789,92.9800033569336,26799700
2023-09-13,93.06999969482422,93.26000213623047,91.80000305175781,92.27999877929688,18157700
2023-09-14,93.23999786376953,93.69000244140625,92.95999908447266,93.36000061035156,18549900
2023-09-15,92.5,93.41000366210938,92.01000213623047,92.01000213623047,24806400
2023-09-18,92.27999877929688,92.55000305175781,91.43000030517578,92.11000061035156,16873300
2023-09-19,92.80000305175781,92.93000030517578,90.70999908447266,91.25,18132200
2023-09-20,90.80000305175781,91.83000183105469,90.33999633789062,90.4000015258789,17965200
2023-09-21,91.0199966430664,91.2300033569336,89.01000213623047,89.16000366210938,21723100
2023-09-22,89.83000183105469,90.43000030517578,89.2300033569336,89.30999755859375,21033700
2023-09-25,89.06999969482422,90.56999969482422,89.06999969482422,90.43000030517578,17536900
2023-09-26,89.6500015258789,90.44999694824219,89.51000213623047,89.91000366210938,16730000
2023-09-27,91.02999877929688,92.41000366210938,90.62999725341797,92.1500015258789,23144700
2023-09-28,91.75,92.79000091552734,91.54000091552734,92.25,24231400
2023-09-29,92.11000061035156,92.47000122070312,90.05000305175781,90.38999938964844,24184600
2023-10-02,90.2699966430664,90.51000213623047,87.9800033569336,88.58999633789062,25299900
2023-10-03,88.37999725341797,88.69999694824219,87.66000366210938,88.52999877929688,20733300
2023-10-04,87.20999908447266,87.36000061035156,84.91000366210938,85.75,29786200
2023-10-05,84.5199966430664,85.97000122070312,84.5199966430664,85.22000122070312,23518500
2023-10-06,85.22000122070312,86.51000213623047,84.26000213623047,85.7300033569336,25740500
2023-10-09,88.02999877929688,88.95999908447266,87.4000015258789,88.58999633789062,30744500
2023-10-10,88.66999816894531,89.29000091552734,88.16999816894531,88.69999694824219,20850300
2023-10-11,87.79000091552734,87.87999725341797,86.55000305175781,87.55999755859375,23572700
2023-10-12,88.48999786376953,88.56999969482422,87.25,87.66000366210938,19993200
2023-10-13,89.08999633789062,90.0199966430664,88.70999908447266,89.58999633789062,24255900
2023-10-16,90.16999816894531,90.45999908447266,89.33000183105469,90.19000244140625,19182600
2023-10-17,89.98999786376953,91.41000366210938,89.86000061035156,91.12999725341797,20212000
2023-10-18,91.5,92.33999633789062,91.29000091552734,91.95999908447266,23808400
2023-10-19,91.63999938964844,92.55999755859375,90.7699966430664,91.80000305175781,31648500
2023-10-20,91.63999938964844,91.9800033569336,89.94999694824219,90.26000213623047,23274800
2023-10-23,89.73999786376953,89.75,88.38999938964844,88.80000305175781,25944100
2023-10-24,89.0199966430664,89.08999633789062,87.5199966430664,87.55000305175781,22135800
2023-10-25,87.61000061035156,88.05999755859375,86.94999694824219,87.38999938964844,20706300
2023-10-26,86.58999633789062,87.11000061035156,85.8499984741211,86.70999908447266,22385200
2023-10-27,86.62000274658203,86.94999694824219,84.33999633789062,84.62999725341797,26904700
2023-10-30,84.93000030517578,85.54000091552734,84.08999633789062,84.91000366210938,22765300
2023-10-31,85.01000213623047,85.37000274658203,84.16000366210938,85.19000244140625,18602800
2023-11-01,85.7300033569336,86.19000244140625,84.87000274658203,84.98999786376953,23041300
2023-11-02,85.19999694824219,87.63999938964844,84.70999908447266,87.55999755859375,22661500
2023-11-03,87.4000015258789,87.68000030517578,86.1500015258789,86.68000030517578,23617500
2023-11-06,87.37000274658203,87.37000274658203,85.44999694824219,85.69999694824219,20517700
2023-11-07,84.58000183105469,84.7300033569336,83.43000030517578,83.80000305175781,23775100
2023-11-08,83.4800033569336,84.02999877929688,82.72000122070312,82.75,25371000
2023-11-09,83.36000061035156,83.55000305175781,82.44999694824219,82.5,19116100
2023-11-10,83.43000030517578,83.61000061035156,82.62000274658203,83.41000366210938,17282800
2023-11-13,83.54000091552734,84.18000030517578,83.27999877929688,84.01000213623047,14223700
2023-11-14,84.33000183105469,85.0,84.19000244140625,84.76000213623047,17362000
2023-11-15,84.62999725341797,85.66999816894531,84.4800033569336,84.5999984741211,16521800
2023-11-16,83.80000305175781,84.12000274658203,82.11000061035156,82.94999694824219,26583000
2023-11-17,83.66000366210938,85.25,83.45999908447266,84.69000244140625,24425400
2023-11-20,85.04000091552734,85.54000091552734,84.79000091552734,84.80999755859375,14546900
2023-11-21,84.41000366210938,84.7699966430664,83.80999755859375,84.62000274658203,13486900
2023-11-22,82.93000030517578,84.6500015258789,82.45999908447266,84.58000183105469,18273600
2023-11-24,84.55000305175781,85.55999755859375,84.5,84.93000030517578,9576300
2023-11-27,84.48999786376953,84.77999877929688,83.83999633789062,84.62999725341797,12250900
2023-11-28,84.80000305175781,85.43000030517578,84.48999786376953,84.6500015258789,14460900
2023-11-29,85.18000030517578,85.29000091552734,83.75,84.0199966430664,22634000
2023-11-30,84.73999786376953,85.79000091552734,83.56999969482422,84.58000183105469,29182300
2023-12-01,84.4800033569336,86.02999877929688,84.0999984741211,85.0199966430664,21524000
2023-12-04,84.4000015258789,85.16000366210938,84.01000213623047,84.62999725341797,18535100
2023-12-05,84.58000183105469,84.73999786376953,83.0999984741211,83.1500015258789,18873600
2023-12-06,82.61000061035156,83.19000244140625,81.58999633789062,81.91000366210938,31153300
2023-12-07,82.29000091552734,82.69999694824219,81.05999755859375,81.3499984741211,20454400
2023-12-08,81.88999938964844,82.4800033569336,81.72000122070312,82.2300033569336,17063600
2023-12-11,82.30000305175781,82.5999984741211,81.91999816894531,82.33000183105469,14672100
2023-12-12,81.56999969482422,81.66000366210938,80.73999786376953,81.19999694824219,22693300
2023-12-13,81.25,82.36000061035156,80.87000274658203,82.33000183105469,23222800
2023-12-14,83.16000366210938,84.86000061035156,83.16000366210938,84.75,30358700
2023-12-15,83.98999786376953,84.45999908447266,83.5999984741211,84.30000305175781,23183200
2023-12-18,84.9800033569336,85.41000366210938,84.0999984741211,84.18000030517578,21223600
2023-12-19,84.33999633789062,85.27999877929688,84.1500015258789,85.19000244140625,18431200
2023-12-20,85.48999786376953,85.98999786376953,84.30000305175781,84.4000015258789,19909100
2023-12-21,84.56999969482422,84.86000061035156,83.94000244140625,84.7300033569336,13031400
2023-12-22,85.33999633789062,85.72000122070312,84.8499984741211,84.9800033569336,12518900
2023-12-26,85.69999694824219,86.16999816894531,85.44000244140625,85.70999908447266,12991700
2023-12-27,85.70999908447266,86.0,85.0199966430664,85.33000183105469,10119100
2023-12-28,84.88999938964844,85.22000122070312,84.0,84.02999877929688,13099000
2023-12-29,84.31999969482422,84.4000015258789,83.58999633789062,83.83999633789062,12172700
2024-01-02,84.43000030517578,85.5199966430664,84.30999755859375,84.73999786376953,19650900
2024-01-03,84.87000274658203,86.43000030517578,84.44000244140625,86.12000274658203,18968000
2024-01-04,86.73999786376953,87.11000061035156,84.55999755859375,84.61000061035156,21024500
2024-01-05,85.41999816894531,85.45999908447266,84.29000091552734,84.68000030517578,17014600
2024-01-08,83.23999786376953,83.80000305175781,82.0999984741211,83.69999694824219,23609300
2024-01-09,83.80999755859375,83.9000015258789,82.18000030517578,82.36000061035156,16875200
2024-01-10,82.5199966430664,82.55000305175781,81.22000122070312,81.55000305175781,16579900
2024-01-11,81.98999786376953,82.19999694824219,81.43000030517578,81.76000213623047,19294300
2024-01-12,83.0199966430664,83.3499984741211,82.18000030517578,82.68000030517578,19384600
2024-01-16,82.5,82.61000061035156,80.66000366210938,80.70999908447266,18015600
2024-01-17,79.87999725341797,80.83999633789062,79.69999694824219,80.04000091552734,19642100
2024-01-18,80.05999755859375,80.12999725341797,78.9800033569336,79.91000366210938,17852800
2024-01-19,79.87000274658203,80.18000030517578,79.58999633789062,80.16999816894531,19970100
2024-01-22,80.0,80.6500015258789,79.4800033569336,80.47000122070312,15068400
2024-01-23,80.33999633789062,81.29000091552734,80.22000122070312,80.63999938964844,12354600
2024-01-24,81.05999755859375,81.83000183105469,80.68000030517578,81.79000091552734,16920500
2024-01-25,82.37000274658203,83.66000366210938,81.87999725341797,83.62999725341797,18804700
2024-01-26,83.54000091552734,84.27999877929688,82.93000030517578,84.25,18234800
2024-01-29,84.12000274658203,84.25,83.25,84.12999725341797,14840300
2024-01-30,83.30000305175781,85.0199966430664,82.9800033569336,85.0,17670600
2024-01-31,85.0,85.16000366210938,83.37000274658203,83.41000366210938,19290400
2024-02-01,83.91000366210938,84.30000305175781,82.62999725341797,83.4000015258789,25550700
2024-02-02,84.0999984741211,84.18000030517578,82.81999969482422,83.5199966430664,19037500
2024-02-05,83.01000213623047,83.80999755859375,82.41000366210938,83.30999755859375,15796800
2024-02-06,83.72000122070312,84.4000015258789,83.2300033569336,83.58000183105469,14028100
2024-02-07,83.81999969482422,84.18000030517578,83.06999969482422,83.75,13460200
2024-02-08,83.69999694824219,84.91999816894531,83.68000030517578,84.61000061035156,18100500
2024-02-09,84.7699966430664,85.12999725341797,83.22000122070312,83.30999755859375,19036700
2024-02-12,83.5999984741211,84.47000122070312,83.5999984741211,84.2300033569336,12946900
2024-02-13,84.30999755859375,84.5999984741211,82.83999633789062,83.37999725341797,20578400
2024-02-14,83.98999786376953,84.25,82.86000061035156,83.30000305175781,20447300
2024-02-15,83.27999877929688,85.86000061035156,83.20999908447266,85.62000274658203,21682200
2024-02-16,85.97000122070312,86.25,85.31999969482422,85.56999969482422,13480400
2024-02-20,85.66000366210938,85.70999908447266,84.68000030517578,84.79000091552734,14497800
2024-02-21,85.1500015258789,86.45999908447266,85.08999633789062,86.37999725341797,14372900
2024-02-22,85.83000183105469,86.88999938964844,85.41999816894531,86.52999877929688,17603400
2024-02-23,85.69000244140625,86.23999786376953,85.13999938964844,85.95999908447266,14476200
2024-02-26,85.86000061035156,86.83000183105469,85.43000030517578,86.26000213623047,11688200
2024-02-27,86.33999633789062,86.70999908447266,85.44999694824219,85.88999938964844,13158700
2024-02-28,86.0,86.6500015258789,85.37999725341797,85.72000122070312,13339800
2024-02-29,85.9000015258789,86.41999816894531,85.66000366210938,86.13999938964844,13667700
2024-03-01,86.76000213623047,87.54000091552734,86.61000061035156,87.13999938964844,16229800
2024-03-04,87.08999633789062,87.31999969482422,86.12999725341797,86.20999908447266,16599000
2024-03-05,86.08000183105469,87.41000366210938,85.97000122070312,86.8499984741211,16087100
2024-03-06,87.58000183105469,88.04000091552734,86.93000030517578,87.12000274658203,14004400
2024-03-07,87.23999786376953,88.3499984741211,87.16999816894531,87.86000061035156,12284600
2024-03-08,87.73999786376953,88.19000244140625,87.5199966430664,88.16999816894531,14126000
2024-03-11,88.19000244140625,89.11000061035156,87.52999877929688,89.08000183105469,12491900
2024-03-12,89.06999969482422,89.31999969482422,88.47000122070312,88.94000244140625,11890300
2024-03-13,89.87000274658203,90.8499984741211,89.72000122070312,90.36000061035156,21362600
2024-03-14,90.72000122070312,91.33000183105469,90.37000274658203,91.29000091552734,17973000
2024-03-15,91.22000122070312,92.22000122070312,91.01000213623047,91.55999755859375,18876700
2024-03-18,91.19000244140625,91.45999908447266,90.43000030517578,91.13999938964844,15248400
2024-03-19,91.12999725341797,92.25,91.06999969482422,92.18000030517578,14272900
2024-03-20,91.6500015258789,92.37999725341797,91.51000213623047,92.05000305175781,16329700
2024-03-21,92.20999908447266,92.79000091552734,91.91999816894531,92.5999984741211,11667100
2024-03-22,92.63999938964844,92.87000274658203,92.16999816894531,92.4000015258789,8974400
2024-03-25,92.72000122070312,93.87999725341797,92.69999694824219,93.26000213623047,17537200
2024-03-26,93.3499984741211,93.55999755859375,92.36000061035156,92.54000091552734,17686900
2024-03-27,92.33999633789062,93.41999816894531,92.18000030517578,93.4000015258789,16980000
2024-03-28,93.94999694824219,94.58000183105469,93.5,94.41000366210938,17307600
2024-04-01,94.69000244140625,95.38999938964844,93.76000213623047,95.11000061035156,21449500
2024-04-02,95.5199966430664,96.54000091552734,95.0999984741211,96.44000244140625,19335600
2024-04-03,96.80000305175781,97.2300033569336,96.4800033569336,97.0999984741211,14574400
2024-04-04,97.25,97.5999984741211,96.66000366210938,97.04000091552734,18470600
2024-04-05,97.44000244140625,98.47000122070312,96.8499984741211,98.08000183105469,15597300
2024-04-08,98.12999725341797,98.41000366210938,97.29000091552734,97.45999908447266,17017300
2024-04-09,97.87999725341797,98.13999938964844,96.77999877929688,97.48999786376953,17661400
2024-04-10,97.22000122070312,98.1500015258789,96.80000305175781,97.79000091552734,19599800
2024-04-11,98.0999984741211,98.13999938964844,96.33999633789062,97.72000122070312,19602300
2024-04-12,98.33999633789062,98.97000122070312,95.66999816894531,96.12999725341797,23286200
2024-04-15,96.58999633789062,97.05000305175781,95.11000061035156,95.2300033569336,24345400
2024-04-16,95.05000305175781,95.48999786376953,93.7300033569336,94.4000015258789,18248800
2024-04-17,94.19999694824219,95.13999938964844,93.45999908447266,94.12999725341797,13710500
2024-04-18,94.44999694824219,94.72000122070312,93.51000213623047,93.83999633789062,12777800
2024-04-19,94.0199966430664,95.61000061035156,93.87999725341797,94.97000122070312,17725700
2024-04-22,94.47000122070312,96.23999786376953,93.72000122070312,95.58999633789062,15122200
2024-04-23,95.1500015258789,96.12000274658203,94.69000244140625,96.12000274658203,14328700
2024-04-24,95.5199966430664,96.30000305175781,95.05999755859375,96.19000244140625,10651900
2024-04-25,96.08000183105469,96.91999816894531,95.25,96.62999725341797,13250100
2024-04-26,95.76000213623047,96.12000274658203,94.76000213623047,95.73999786376953,16183300
2024-04-29,95.45999908447266,96.5999984741211,95.4000015258789,96.38999938964844,11118200
2024-04-30,96.0,96.16999816894531,93.4800033569336,93.5199966430664,17699500
2024-05-01,93.38999938964844,93.69000244140625,91.52999877929688,92.02999877929688,25471900
2024-05-02,92.6500015258789,93.19000244140625,92.12000274658203,92.55999755859375,17308400
2024-05-03,92.63999938964844,92.73999786376953,91.3499984741211,92.56999969482422,19043900
2024-05-06,92.86000061035156,94.23999786376953,92.86000061035156,93.30000305175781,16722800
2024-05-07,93.43000030517578,93.9000015258789,93.18000030517578,93.20999908447266,10471100
2024-05-08,92.66999816894531,93.55000305175781,92.52999877929688,93.0999984741211,9905900
2024-05-09,93.19999694824219,94.3499984741211,93.19999694824219,94.3499984741211,11244700
2024-05-10,94.55000305175781,94.86000061035156,93.58000183105469,93.83000183105469,10284200
2024-05-13,94.05000305175781,94.4000015258789,93.18000030517578,93.58000183105469,10489000
2024-05-14,93.4000015258789,93.7699966430664,93.0199966430664,93.69999694824219,12455800
2024-05-15,93.5,94.08000183105469,92.12000274658203,93.91000366210938,19396100
2024-05-16,93.69999694824219,94.37999725341797,93.4000015258789,93.6500015258789,12290100
2024-05-17,93.81999969482422,95.11000061035156,93.79000091552734,94.95999908447266,14500800
2024-05-20,95.0,95.20999908447266,94.11000061035156,94.33999633789062,10067300
2024-05-21,94.0999984741211,94.87000274658203,93.80999755859375,93.87999725341797,11233800
2024-05-22,93.5,93.54000091552734,91.70999908447266,92.08000183105469,17434000
2024-05-23,92.54000091552734,92.86000061035156,91.08000183105469,91.23999786376953,13465700
2024-05-24,91.94999694824219,92.19000244140625,91.11000061035156,91.37000274658203,9520700
2024-05-28,91.69000244140625,92.55000305175781,91.45999908447266,92.30999755859375,14452100
2024-05-29,92.05000305175781,92.12999725341797,90.2699966430664,90.68000030517578,15026800
2024-05-30,90.4800033569336,91.2699966430664,90.44999694824219,90.94000244140625,11365700
2024-05-31,91.0999984741211,93.2699966430664,91.01000213623047,93.19999694824219,16251500
2024-06-03,92.88999938964844,92.91999816894531,90.08999633789062,90.76000213623047,20398300
2024-06-04,89.81999969482422,89.97000122070312,88.69999694824219,89.88999938964844,17360700
2024-06-05,90.0,90.13999938964844,89.33000183105469,89.87999725341797,10520100
2024-06-06,89.56999969482422,90.37999725341797,89.2300033569336,90.3499984741211,12753300
2024-06-07,90.18000030517578,91.04000091552734,89.55000305175781,89.98999786376953,10044900
2024-06-10,90.33000183105469,91.20999908447266,89.98999786376953,90.66999816894531,11271900
2024-06-11,90.2699966430664,90.58999633789062,89.44000244140625,90.48999786376953,9295600
2024-06-12,91.23999786376953,91.2699966430664,89.06999969482422,89.5199966430664,16280300
2024-06-13,89.27999877929688,89.52999877929688,88.25,88.69999694824219,14247800
2024-06-14,88.5999984741211,88.69999694824219,87.66999816894531,88.04000091552734,12905700
2024-06-17,87.91999816894531,88.66999816894531,87.5999984741211,88.2699966430664,14773900
2024-06-18,88.83999633789062,89.76000213623047,88.41999816894531,88.63999938964844,14642900
2024-06-20,88.9000015258789,90.7300033569336,88.62000274658203,90.2699966430664,17036900
2024-06-21,90.51000213623047,90.76000213623047,89.62000274658203,89.75,19986300
2024-06-24,89.52999877929688,91.62999725341797,89.37999725341797,91.27999877929688,15594100
2024-06-25,91.19999694824219,91.5,90.69999694824219,91.48999786376953,13833300
2024-06-26,91.58999633789062,91.58999633789062,90.16000366210938,90.58999633789062,11563700
2024-06-27,91.06999969482422,91.16999816894531,90.29000091552734,90.80000305175781,7815800
2024-06-28,91.5,91.81999969482422,90.81999969482422,91.1500015258789,12835000
2024-07-01,91.87999725341797,92.18000030517578,90.66000366210938,91.19999694824219,12281600
2024-07-02,92.08000183105469,92.0999984741211,90.55000305175781,91.12999725341797,12613400
2024-07-03,91.20999908447266,91.94999694824219,91.05000305175781,91.52999877929688,8140000
2024-07-05,91.3499984741211,91.41999816894531,89.69999694824219,90.0999984741211,11725200
2024-07-08,89.44999694824219,90.37999725341797,89.19999694824219,89.55000305175781,9797500
2024-07-09,88.66000366210938,89.73999786376953,88.4000015258789,88.76000213623047,9543300
2024-07-10,88.66000366210938,89.38999938964844,88.38999938964844,89.36000061035156,9660400
2024-07-11,89.12999725341797,90.4800033569336,88.81999969482422,90.29000091552734,11342400
2024-07-12,90.80000305175781,90.93000030517578,89.8499984741211,90.5199966430664,9058600
2024-07-15,91.16000366210938,92.72000122070312,90.80999755859375,91.88999938964844,15396000
2024-07-16,91.5,92.38999938964844,91.02999877929688,92.30000305175781,12064700
2024-07-17,92.51000213623047,93.81999969482422,92.48999786376953,93.22000122070312,14717700
2024-07-18,93.12000274658203,94.51000213623047,92.79000091552734,93.38999938964844,16433800
2024-07-19,93.23999786376953,93.87999725341797,92.12999725341797,92.37000274658203,13250100
2024-07-22,91.87999725341797,92.31999969482422,91.2699966430664,91.79000091552734,10763800
2024-07-23,91.52999877929688,91.61000061035156,90.22000122070312,90.33000183105469,16551900
2024-07-24,90.56999969482422,91.1500015258789,89.72000122070312,90.33999633789062,14664300
2024-07-25,90.4000015258789,92.19000244140625,89.97000122070312,91.9000015258789,18218700
2024-07-26,91.66000366210938,92.58000183105469,91.33000183105469,92.19000244140625,11865400
2024-07-29,92.19999694824219,92.2699966430664,90.54000091552734,91.4000015258789,13578300
2024-07-30,91.38999938964844,93.11000061035156,91.27999877929688,92.81999969482422,12836600
2024-07-31,94.08000183105469,94.13999938964844,93.13999938964844,93.20999908447266,18086900
2024-08-01,93.0,93.47000122070312,90.2699966430664,90.73999786376953,21279200
2024-08-02,89.69999694824219,90.19000244140625,87.51000213623047,88.4000015258789,22918100
2024-08-05,86.5,87.18000030517578,85.47000122070312,86.44999694824219,25019600
2024-08-06,86.7699966430664,87.95999908447266,86.43000030517578,86.9800033569336,15709300
2024-08-07,88.04000091552734,88.94000244140625,87.27999877929688,87.33000183105469,13063000
2024-08-08,87.58000183105469,89.33000183105469,87.58000183105469,89.20999908447266,10798400
2024-08-09,89.08000183105469,89.79000091552734,88.51000213623047,89.41000366210938,11172800
2024-08-12,89.93000030517578,90.43000030517578,87.5,89.8499984741211,14392900
2024-08-13,89.16999816894531,89.25,88.54000091552734,88.9800033569336,15693200
2024-08-14,89.1500015258789,89.9000015258789,88.80000305175781,89.5,10828800
2024-08-15,90.01000213623047,90.86000061035156,89.93000030517578,90.56999969482422,9167600
2024-08-16,90.01000213623047,90.69000244140625,89.94000244140625,90.47000122070312,8876500
2024-08-19,90.62000274658203,91.8499984741211,90.62000274658203,91.08000183105469,10881300
2024-08-20,90.87999725341797,90.95999908447266,88.63999938964844,88.68000030517578,16933200
2024-08-21,89.23999786376953,89.69000244140625,88.58000183105469,88.83000183105469,11368900
2024-08-22,88.88999938964844,89.45999908447266,88.70999908447266,89.05999755859375,9797700
2024-08-23,89.4800033569336,90.54000091552734,89.37000274658203,90.38999938964844,10367300
2024-08-26,91.38999938964844,92.0,90.52999877929688,91.19999694824219,9757400
2024-08-27,91.19999694824219,91.44999694824219,90.19000244140625,90.3499984741211,8313600
2024-08-28,89.80000305175781,90.33000183105469,89.37000274658203,89.7699966430664,8524500
2024-08-29,90.30000305175781,91.27999877929688,89.44999694824219,90.94000244140625,11249400
2024-08-30,90.0199966430664,91.30999755859375,89.80999755859375,91.27999877929688,14042500
2024-09-03,89.79000091552734,89.93000030517578,88.44999694824219,89.01000213623047,19097100
2024-09-04,89.0999984741211,89.66999816894531,87.61000061035156,87.77999877929688,15057000
2024-09-05,88.41000366210938,88.4800033569336,87.0199966430664,87.0999984741211,12495600
2024-09-06,87.29000091552734,87.81999969482422,85.66000366210938,86.01000213623047,17956000
2024-09-09,86.2699966430664,87.43000030517578,86.13999938964844,86.62999725341797,16412200
2024-09-10,86.76000213623047,86.87000274658203,84.41000366210938,85.13999938964844,24663400
2024-09-11,85.12999725341797,85.16999816894531,83.0199966430664,84.3499984741211,24062900
2024-09-12,84.68000030517578,85.44000244140625,84.05000305175781,85.11000061035156,15881000
2024-09-13,85.54000091552734,86.2300033569336,85.33999633789062,85.58999633789062,13097700
2024-09-16,86.30999755859375,87.11000061035156,85.91999816894531,86.56999969482422,13437500
2024-09-17,86.5999984741211,87.80000305175781,86.41000366210938,87.73999786376953,12517300
2024-09-18,87.61000061035156,88.98999786376953,87.48999786376953,87.91000366210938,14104800
2024-09-19,89.4000015258789,89.95999908447266,88.47000122070312,88.95999908447266,18903400
2024-09-20,88.58999633789062,88.97000122070312,87.77999877929688,88.76000213623047,13980800
2024-09-23,88.19999694824219,89.55999755859375,87.9000015258789,89.12000274658203,13315100
2024-09-24,90.13999938964844,90.13999938964844,88.7699966430664,88.9000015258789,17313700
2024-09-25,88.66999816894531,88.94000244140625,86.9800033569336,87.16000366210938,13816800
2024-09-26,85.43000030517578,86.58000183105469,85.16999816894531,85.44999694824219,23448200
2024-09-27,85.91000366210938,87.31999969482422,85.86000061035156,87.19000244140625,15244800
2024-09-30,87.02999877929688,87.95999908447266,86.52999877929688,87.80000305175781,11403300
2024-10-01,87.01000213623047,90.16000366210938,86.9000015258789,89.80000305175781,33057100
2024-10-02,91.05999755859375,91.29000091552734,89.70999908447266,90.72000122070312,20962600
2024-10-03,91.04000091552734,92.44000244140625,90.3499984741211,92.31999969482422,22363000
2024-10-04,93.0999984741211,93.47000122070312,92.25,93.18000030517578,17972800
2024-10-07,93.51000213623047,94.20999908447266,93.19999694824219,93.51000213623047,16259700
2024-10-08,92.30000305175781,92.4000015258789,90.62999725341797,91.06999969482422,19879900
2024-10-09,90.38999938964844,91.86000061035156,90.20999908447266,91.62000274658203,15759800
2024-10-10,92.12999725341797,92.75,91.45999908447266,92.23999786376953,13023700
2024-10-11,92.20999908447266,93.13999938964844,92.02999877929688,92.80999755859375,13207300
2024-10-14,92.16000366210938,92.91999816894531,92.0199966430664,92.7699966430664,11099300
2024-10-15,90.30000305175781,90.9000015258789,89.7300033569336,89.77999877929688,18919600
2024-10-16,90.29000091552734,90.51000213623047,89.97000122070312,90.20999908447266,9938500
2024-10-17,90.19999694824219,90.94000244140625,90.0999984741211,90.63999938964844,10716700
2024-10-18,90.47000122070312,90.7300033569336,89.69999694824219,90.33999633789062,12007600
2024-10-21,90.94000244140625,91.2300033569336,89.91000366210938,90.06999969482422,10581000
2024-10-22,90.4000015258789,90.69999694824219,89.94999694824219,90.27999877929688,8978200
2024-10-23,90.02999877929688,90.37999725341797,89.29000091552734,89.80999755859375,9906600
2024-10-24,90.0,90.2699966430664,89.19999694824219,89.80000305175781,8523300
2024-10-25,90.27999877929688,90.5199966430664,89.51000213623047,89.7699966430664,9552300
2024-10-28,87.86000061035156,89.26000213623047,87.77999877929688,89.19999694824219,12114000
2024-10-29,89.0,89.06999969482422,87.6500015258789,87.83999633789062,11895800
2024-10-30,88.1500015258789,88.7300033569336,87.80999755859375,88.04000091552734,9682100
2024-10-31,88.5999984741211,89.26000213623047,88.36000061035156,88.58999633789062,15811600
2024-11-01,89.79000091552734,90.11000061035156,87.8499984741211,88.02999877929688,13152300
2024-11-04,88.62999725341797,89.70999908447266,88.51000213623047,89.56999969482422,12905900
2024-11-05,90.01000213623047,90.4000015258789,89.61000061035156,90.16999816894531,10438300
2024-11-06,92.6500015258789,94.2699966430664,92.05000305175781,93.55999755859375,25026600
2024-11-07,93.5,93.5,92.41999816894531,93.12999725341797,13069000
2024-11-08,93.13999938964844,93.88999938964844,92.7699966430664,93.75,11168400
2024-11-11,93.7699966430664,94.5999984741211,93.33000183105469,94.27999877929688,10454700
2024-11-12,94.55000305175781,94.8499984741211,93.68000030517578,93.77999877929688,9250200
2024-11-13,94.05999755859375,94.9000015258789,92.93000030517578,94.51000213623047,11838100
2024-11-14,95.13999938964844,95.18000030517578,94.2699966430664,94.87000274658203,9005500
2024-11-15,94.77999877929688,95.69000244140625,94.38999938964844,94.7300033569336,14040200
2024-11-18,95.4800033569336,96.18000030517578,95.05999755859375,95.98999786376953,11946300
2024-11-19,95.22000122070312,95.94999694824219,94.93000030517578,95.37999725341797,11898200
2024-11-20,95.7300033569336,96.41000366210938,95.43000030517578,96.33999633789062,8958800
2024-11-21,96.77999877929688,97.8499984741211,96.54000091552734,97.12000274658203,16770500
2024-11-22,96.98999786376953,97.91999816894531,96.9000015258789,97.2699966430664,10777800
2024-11-25,97.25,97.73999786376953,95.12000274658203,95.3499984741211,16475300
2024-11-26,95.4800033569336,95.68000030517578,94.77999877929688,95.22000122070312,12466400
2024-11-27,95.12999725341797,95.93000030517578,95.0,95.12000274658203,7797800
2024-11-29,95.33000183105469,95.69000244140625,95.16000366210938,95.52999877929688,6818200
2024-12-02,95.5,95.66000366210938,93.66999816894531,94.5199966430664,11095000
2024-12-03,95.12999725341797,95.30000305175781,94.0999984741211,94.51000213623047,8943300
2024-12-04,94.47000122070312,94.47000122070312,91.68000030517578,92.2300033569336,16259000
2024-12-05,92.56999969482422,93.19999694824219,92.19999694824219,92.58999633789062,11331200
2024-12-06,92.4000015258789,92.41000366210938,90.8499984741211,91.0199966430664,13103300
2024-12-09,91.77999877929688,92.2699966430664,90.79000091552734,90.87000274658203,11813900
2024-12-10,91.38999938964844,91.5199966430664,90.12000274658203,90.25,11649900
2024-12-11,90.44000244140625,90.73999786376953,89.95999908447266,90.4000015258789,11573800
2024-12-12,90.23999786376953,90.4000015258789,89.58000183105469,89.66999816894531,10873100
2024-12-13,89.88999938964844,89.91999816894531,88.97000122070312,89.22000122070312,11173000
2024-12-16,88.97000122070312,88.97000122070312,87.19000244140625,87.26000213623047,12518100
2024-12-17,86.5999984741211,86.7699966430664,85.80000305175781,86.61000061035156,16005800
2024-12-18,86.37000274658203,86.77999877929688,84.05000305175781,84.05000305175781,19620600
2024-12-19,84.94000244140625,85.20999908447266,83.26000213623047,83.31999969482422,24990700
2024-12-20,83.30999755859375,84.43000030517578,83.08999633789062,84.13999938964844,17852400
2024-12-23,83.30999755859375,84.20999908447266,82.75,83.93000030517578,17222700
2024-12-24,84.16999816894531,84.80000305175781,83.62000274658203,84.63999938964844,7512100
2024-12-26,84.66999816894531,84.72000122070312,84.05000305175781,84.56999969482422,7693200
2024-12-27,84.5,85.4800033569336,84.13999938964844,84.55999755859375,10184900
2024-12-30,84.56999969482422,85.02999877929688,83.8499984741211,84.55000305175781,11772700
2024-12-31,84.75,85.9000015258789,84.58000183105469,85.66000366210938,10582500
2025-01-02,86.36000061035156,87.30000305175781,86.08000183105469,86.66000366210938,17443500
2025-01-03,87.16999816894531,87.76000213623047,86.81999969482422,87.47000122070312,11060400
2025-01-06,87.87000274658203,88.56999969482422,86.8499984741211,87.06999969482422,11417600
2025-01-07,87.70999908447266,88.61000061035156,87.18000030517578,87.94000244140625,12517900
2025-01-08,87.4000015258789,88.06999969482422,87.08999633789062,88.02999877929688,14241900
2025-01-10,89.16999816894531,90.19999694824219,87.91999816894531,88.38999938964844,17037900
2025-01-13,88.79000091552734,90.77999877929688,88.79000091552734,90.25,24448100
2025-01-14,90.08999633789062,91.30000305175781,89.95999908447266,91.22000122070312,15586500
2025-01-15,91.77999877929688,92.80999755859375,91.4000015258789,92.56999969482422,17328900
2025-01-16,92.26000213623047,93.33000183105469,92.1500015258789,93.23999786376953,12615300
2025-01-17,93.23999786376953,94.29000091552734,92.91000366210938,93.95999908447266,11949800
2025-01-21,93.72000122070312,94.0,92.98999786376953,93.4800033569336,24651000
2025-01-22,93.19000244140625,93.30000305175781,91.72000122070312,91.77999877929688,17940100
2025-01-23,92.4800033569336,92.81999969482422,91.55000305175781,92.19999694824219,14679600
2025-01-24,92.33000183105469,92.70999908447266,91.19999694824219,91.30999755859375,14578400
2025-01-27,91.0,91.16000366210938,89.7300033569336,90.36000061035156,15996700
2025-01-28,90.62999725341797,90.94999694824219,89.05000305175781,89.5,18700900
2025-01-29,89.27999877929688,90.16000366210938,89.1500015258789,89.69999694824219,10340900
2025-01-30,90.25,90.62999725341797,89.5999984741211,90.16000366210938,19546300
2025-01-31,89.91000366210938,90.11000061035156,87.43000030517578,87.63999938964844,22268700
2025-02-03,87.62999725341797,88.55000305175781,86.83000183105469,88.19000244140625,19908200
2025-02-04,87.77999877929688,90.2300033569336,87.62999725341797,90.04000091552734,20139900
2025-02-05,90.01000213623047,90.36000061035156,89.51000213623047,90.2300033569336,10886000
2025-02-06,90.63999938964844,90.86000061035156,88.08999633789062,88.56999969482422,20654800
2025-02-07,88.9000015258789,89.37000274658203,88.44000244140625,88.55999755859375,11284200
2025-02-10,89.3499984741211,90.66000366210938,89.3499984741211,90.51000213623047,12935700
2025-02-11,90.94000244140625,91.8499984741211,90.36000061035156,91.23999786376953,13113400
2025-02-12,90.48999786376953,91.11000061035156,88.87999725341797,89.04000091552734,19399400
2025-02-13,88.9000015258789,89.91000366210938,88.31999969482422,89.70999908447266,15775200
2025-02-14,90.05000305175781,91.33000183105469,90.05000305175781,90.06999969482422,12942900
2025-02-18,90.5,91.9000015258789,89.9800033569336,91.30000305175781,14787400
2025-02-19,91.68000030517578,92.87999725341797,91.62999725341797,92.0199966430664,12265600
2025-02-20,91.83000183105469,93.0199966430664,91.44000244140625,92.86000061035156,14166100
2025-02-21,92.30000305175781,92.55000305175781,90.87999725341797,90.93000030517578,15638300
2025-02-24,91.08999633789062,91.44000244140625,90.47000122070312,90.94999694824219,13147600
2025-02-25,90.93000030517578,91.3499984741211,88.91000366210938,89.63999938964844,13304300
2025-02-26,89.75,89.98999786376953,88.72000122070312,89.12999725341797,12152800
2025-02-27,89.75,90.70999908447266,88.9800033569336,89.61000061035156,15024000
2025-02-28,89.31999969482422,91.06999969482422,88.76000213623047,91.0,13313600
2025-03-03,91.3499984741211,91.87000274658203,87.01000213623047,87.81999969482422,24750900
2025-03-04,86.52999877929688,88.37999725341797,85.43000030517578,86.97000122070312,25338500
2025-03-05,85.70999908447266,86.1500015258789,84.02999877929688,85.69999694824219,28255400
2025-03-06,85.29000091552734,86.48999786376953,84.62000274658203,85.95999908447266,23552100
2025-03-07,86.3499984741211,88.05999755859375,86.3499984741211,87.43000030517578,22424600
2025-03-10,87.91000366210938,89.29000091552734,87.26000213623047,88.08000183105469,20022700
2025-03-11,88.44000244140625,88.81999969482422,86.91000366210938,87.37999725341797,15115100
2025-03-12,87.44000244140625,88.58999633789062,87.11000061035156,87.77999877929688,16120200
2025-03-13,87.47000122070312,88.7300033569336,86.6500015258789,87.18000030517578,15371000
2025-03-14,87.66000366210938,89.87999725341797,87.26000213623047,89.76000213623047,16011600
2025-03-17,89.69000244140625,91.61000061035156,89.69000244140625,91.19000244140625,14880800
2025-03-18,91.69999694824219,91.91000366210938,90.62000274658203,91.33999633789062,15403300
2025-03-19,91.45999908447266,93.23999786376953,91.44000244140625,92.83000183105469,15871300
2025-03-20,92.31999969482422,93.4800033569336,91.93000030517578,93.16999816894531,16581800
2025-03-21,92.86000061035156,93.08000183105469,91.94000244140625,92.5199966430664,18487800
2025-03-24,92.22000122070312,93.4000015258789,92.06999969482422,92.8499984741211,11912300
2025-03-25,93.26000213623047,94.04000091552734,92.94999694824219,93.2300033569336,11146000
2025-03-26,94.0999984741211,94.81999969482422,93.55000305175781,93.77999877929688,12782300
2025-03-27,93.5,93.8499984741211,92.5,92.87000274658203,9573900
2025-03-28,92.81999969482422,93.16999816894531,91.97000122070312,92.43000030517578,11124400
2025-03-31,92.2300033569336,94.0,92.0999984741211,93.44999694824219,14406900
2025-04-01,93.5,94.08999633789062,92.48999786376953,94.0,13560600
2025-04-02,93.19999694824219,94.20999908447266,92.9800033569336,94.12999725341797,16980300
2025-04-03,89.6500015258789,90.33999633789062,86.70999908447266,86.73999786376953,37828900
2025-04-04,83.6500015258789,84.58999633789062,78.76000213623047,78.76000213623047,50376000
2025-04-07,76.20999908447266,81.58000183105469,74.9800033569336,78.25,56953400
2025-04-08,80.66000366210938,81.08000183105469,75.22000122070312,76.44000244140625,45269200
2025-04-09,74.94999694824219,83.20999908447266,74.48999786376953,82.36000061035156,59481200
2025-04-10,80.22000122070312,80.22000122070312,75.4800033569336,76.9800033569336,39523300
2025-04-11,77.33999633789062,79.4800033569336,75.81999969482422,78.88999938964844,20958400
2025-04-14,80.76000213623047,80.76000213623047,78.37999725341797,79.16999816894531,16374100
2025-04-15,79.0999984741211,80.5199966430664,79.01000213623047,79.05000305175781,11083500
2025-04-16,79.54000091552734,81.05000305175781,79.33999633789062,79.69999694824219,13665700
2025-04-17,80.3499984741211,82.76000213623047,80.30999755859375,81.5,23954400
2025-04-21,80.20999908447266,80.41000366210938,78.48999786376953,79.37000274658203,15506000
2025-04-22,80.4000015258789,81.98999786376953,80.05000305175781,81.38999938964844,11048700
2025-04-23,82.0999984741211,82.9800033569336,80.73999786376953,81.23999786376953,21608100
2025-04-24,82.0,82.77999877929688,81.29000091552734,82.54000091552734,10609500
2025-04-25,81.80000305175781,82.45999908447266,81.4800033569336,82.38999938964844,8832400
2025-04-28,82.30000305175781,83.19999694824219,82.19000244140625,82.97000122070312,8218400
2025-04-29,82.04000091552734,83.02999877929688,81.87999725341797,82.7300033569336,9921700
2025-04-30,81.4000015258789,81.5199966430664,79.51000213623047,80.5,18907100
2025-05-01,79.83999633789062,81.86000061035156,79.83999633789062,80.80000305175781,18157200
2025-05-02,81.77999877929688,82.38999938964844,80.31999969482422,81.9800033569336,16019400
2025-05-05,80.94999694824219,81.05999755859375,80.05000305175781,80.5,14765100
2025-05-06,80.86000061035156,81.22000122070312,80.06999969482422,80.5199966430664,11497700
2025-05-07,80.69999694824219,80.95999908447266,79.94000244140625,80.55000305175781,11223100
2025-05-08,81.29000091552734,82.72000122070312,81.16000366210938,81.61000061035156,15282900
2025-05-09,82.5999984741211,82.83999633789062,81.76000213623047,82.43000030517578,9996600
2025-05-12,85.4800033569336,85.87000274658203,83.95999908447266,84.58000183105469,16305000
2025-05-13,85.0,86.44999694824219,84.66000366210938,85.7699966430664,14515800
2025-05-14,85.19999694824219,85.58000183105469,84.91999816894531,85.25,10666300
2025-05-15,84.16999816894531,85.66000366210938,83.95999908447266,85.61000061035156,14860800
2025-05-16,85.80000305175781,85.8499984741211,84.61000061035156,85.4800033569336,10862900
2025-05-19,84.7699966430664,84.86000061035156,83.75,84.37000274658203,12393500
2025-05-20,84.30999755859375,84.5,83.51000213623047,83.58999633789062,11391100
2025-05-21,83.08999633789062,83.25,82.04000091552734,82.05000305175781,12849200
2025-05-22,81.62000274658203,82.19999694824219,80.72000122070312,81.7300033569336,11866100
2025-05-23,81.01000213623047,82.19999694824219,80.9800033569336,81.98999786376953,11755500
2025-05-27,82.55999755859375,82.83000183105469,81.94999694824219,82.69999694824219,9514000
2025-05-28,83.0999984741211,83.3499984741211,81.44000244140625,81.6500015258789,14776300
2025-05-29,81.77999877929688,82.26000213623047,81.26000213623047,82.26000213623047,11896400
2025-05-30,81.62999725341797,81.95999908447266,80.87999725341797,81.52999877929688,15519300
2025-06-02,83.05999755859375,83.16999816894531,81.6500015258789,82.5999984741211,16015500
2025-06-03,82.66000366210938,84.0999984741211,81.87999725341797,83.58000183105469,15176300
2025-06-04,83.54000091552734,84.19000244140625,81.8499984741211,81.94999694824219,22469600
2025-06-05,82.55999755859375,82.5999984741211,81.66000366210938,81.87000274658203,13827500
2025-06-06,82.61000061035156,83.66000366210938,82.61000061035156,83.41000366210938,14278400
2025-06-09,83.73999786376953,84.44000244140625,83.08000183105469,83.56999969482422,14340200
2025-06-10,84.45999908447266,85.61000061035156,84.41999816894531,85.05999755859375,23046100
2025-06-11,85.63999938964844,86.43000030517578,84.80000305175781,86.29000091552734,24498300
2025-06-12,85.88999938964844,86.62000274658203,85.26000213623047,86.58999633789062,17014100
2025-06-13,88.20999908447266,88.56999969482422,86.94999694824219,88.0999984741211,42097400
2025-06-16,87.86000061035156,88.75,87.18000030517578,87.83999633789062,34703300
2025-06-17,88.56999969482422,89.31999969482422,88.0199966430664,88.66000366210938,33942100
2025-06-18,88.9800033569336,89.43000030517578,87.87999725341797,88.08000183105469,35236500
2025-06-20,88.43000030517578,89.2300033569336,88.16999816894531,88.9800033569336,28372400
2025-06-23,89.37000274658203,89.43000030517578,85.66000366210938,86.02999877929688,52844100
2025-06-24,84.77999877929688,85.80000305175781,84.58999633789062,84.91000366210938,32679400
2025-06-25,84.80999755859375,85.12000274658203,84.26000213623047,84.54000091552734,21861500
2025-06-26,84.7300033569336,85.91999816894531,84.5199966430664,85.75,16782800
2025-06-27,85.69999694824219,85.69999694824219,84.79000091552734,85.30000305175781,17705900
2025-06-30,84.97000122070312,85.33999633789062,84.55999755859375,84.80999755859375,13123800
2025-07-01,84.94000244140625,85.86000061035156,84.16000366210938,85.45999908447266,20386400
2025-07-02,86.18000030517578,87.06999969482422,85.2300033569336,86.93000030517578,21234400
2025-07-03,86.80999755859375,87.30999755859375,86.61000061035156,87.02999877929688,11133100
2025-07-07,86.5,86.95999908447266,85.30000305175781,86.19000244140625,17836500
2025-07-08,86.08999633789062,88.83000183105469,86.06999969482422,88.51000213623047,23736200
2025-07-09,88.29000091552734,88.63999938964844,87.80000305175781,88.05999755859375,14336200
2025-07-10,87.86000061035156,88.77999877929688,87.2300033569336,88.7300033569336,14411900
2025-07-11,88.58000183105469,89.44000244140625,88.30999755859375,89.12999725341797,15085800
2025-07-14,88.95999908447266,88.95999908447266,87.68000030517578,88.1500015258789,16720800
2025-07-15,87.9800033569336,88.36000061035156,86.7699966430664,86.87999725341797,16929500
2025-07-16,86.76000213623047,87.26000213623047,85.81999969482422,86.12999725341797,17750800
2025-07-17,85.69000244140625,86.79000091552734,85.4800033569336,86.66000366210938,18042800
2025-07-18,87.3499984741211,87.75,85.62000274658203,85.95999908447266,30487800
2025-07-21,86.0199966430664,86.16999816894531,84.9000015258789,85.06999969482422,15217200
2025-07-22,84.97000122070312,85.94000244140625,84.88999938964844,85.47000122070312,16222000
2025-07-23,85.81999969482422,86.86000061035156,85.5999984741211,86.80999755859375,14023000
2025-07-24,86.58000183105469,87.54000091552734,86.19000244140625,87.43000030517578,12011100
2025-07-25,87.5199966430664,87.66999816894531,86.6500015258789,87.0999984741211,10071600
2025-07-28,87.68000030517578,88.23999786376953,87.55000305175781,88.08999633789062,11852600
2025-07-29,88.2300033569336,88.9800033569336,87.94000244140625,88.94999694824219,12276000
2025-07-30,88.4000015258789,88.44999694824219,87.12999725341797,87.68000030517578,13276200
2025-07-31,86.76000213623047,88.22000122070312,86.76000213623047,87.20999908447266,12480400
2025-08-01,86.87999725341797,87.19000244140625,85.12000274658203,85.58999633789062,21164700
2025-08-04,85.44000244140625,86.08000183105469,84.95999908447266,85.4000015258789,13254800
2025-08-05,85.37999725341797,85.62999725341797,84.3499984741211,85.51000213623047,15706800
2025-08-06,86.05000305175781,86.55000305175781,84.47000122070312,84.72000122070312,19124700
2025-08-07,85.22000122070312,86.16999816894531,84.27999877929688,84.38999938964844,17521000
2025-08-08,84.79000091552734,85.70999908447266,84.36000061035156,84.93000030517578,20368100
2025-08-11,85.0999984741211,85.47000122070312,84.0999984741211,84.25,14414400
2025-08-12,84.41999816894531,85.4000015258789,84.16999816894531,84.66000366210938,17261300
2025-08-13,84.72000122070312,85.6500015258789,84.41999816894531,85.63999938964844,12800600
2025-08-14,85.58000183105469,85.69000244140625,84.6500015258789,85.55999755859375,12472300
2025-08-15,85.5999984741211,86.52999877929688,85.29000091552734,85.55999755859375,13648900
2025-08-18,85.11000061035156,85.44999694824219,84.55999755859375,85.05000305175781,13214200
2025-08-19,84.80999755859375,85.58000183105469,84.58999633789062,85.08000183105469,12846900
2025-08-20,85.22000122070312,86.13999938964844,85.13999938964844,85.79000091552734,13983600
2025-08-21,85.63999938964844,86.56999969482422,85.41000366210938,86.37999725341797,11044000
2025-08-22,86.66999816894531,88.3499984741211,86.52999877929688,88.13999938964844,15468200
2025-08-25,87.91999816894531,88.4800033569336,87.62999725341797,88.37000274658203,11706400
2025-08-26,88.0199966430664,88.30999755859375,87.41000366210938,88.2300033569336,11427800
2025-08-27,88.0999984741211,89.54000091552734,88.0,89.22000122070312,13438700
2025-08-28,89.25,90.02999877929688,88.66000366210938,89.9000015258789,12043100
2025-08-29,89.94000244140625,90.62000274658203,89.81999969482422,90.38999938964844,11872500
2025-09-02,90.1500015258789,90.68000030517578,89.47000122070312,90.5199966430664,12982200
2025-09-03,89.80000305175781,90.55000305175781,88.19000244140625,88.48999786376953,18009100
2025-09-04,88.5,89.44999694824219,88.12000274658203,89.08000183105469,12947700
2025-09-05,88.3499984741211,88.63999938964844,86.91999816894531,87.36000061035156,24091100
2025-09-08,87.6500015258789,88.02999877929688,86.38999938964844,87.16000366210938,17465900
2025-09-09,87.62999725341797,88.81999969482422,87.52999877929688,87.58000183105469,20596700
2025-09-10,87.77999877929688,89.16000366210938,87.58000183105469,89.11000061035156,14966400
2025-09-11,88.4000015258789,89.31999969482422,88.12999725341797,89.12999725341797,12588400
2025-09-12,89.5,89.9000015258789,88.58000183105469,88.5999984741211,11148900
2025-09-15,88.7699966430664,89.0,88.1500015258789,88.30000305175781,11643900
2025-09-16,88.69000244140625,90.05999755859375,88.66999816894531,89.77999877929688,20796500
2025-09-17,89.66000366210938,90.62000274658203,89.2699966430664,89.98999786376953,13022400
2025-09-18,90.06999969482422,90.25,89.02999877929688,89.70999908447266,14356500
2025-09-19,89.62999725341797,89.69999694824219,88.20999908447266,88.5199966430664,14989600
2025-09-22,87.45999908447266,88.0999984741211,87.11000061035156,87.66999816894531,11251200
2025-09-23,88.0199966430664,90.13999938964844,88.0199966430664,89.18000030517578,22107400
2025-09-24,89.80999755859375,91.18000030517578,89.70999908447266,90.33999633789062,17703100
2025-09-25,90.33000183105469,91.23999786376953,90.08000183105469,91.1500015258789,15943600
2025-09-26,91.30000305175781,92.91000366210938,91.27999877929688,91.98999786376953,20080800
2025-09-29,91.3499984741211,91.4800033569336,89.83000183105469,90.30000305175781,18837200
2025-09-30,89.51000213623047,89.69999694824219,88.63999938964844,89.33999633789062,23772400
2025-10-01,88.9000015258789,89.63999938964844,88.80000305175781,89.33999633789062,13830600
2025-10-02,89.13999938964844,89.93000030517578,88.3499984741211,88.44000244140625,15896800
2025-10-03,88.88999938964844,89.43000030517578,88.77999877929688,88.91000366210938,12024000
2025-10-06,89.47000122070312,89.86000061035156,88.98999786376953,89.3499984741211,10744200
2025-10-07,89.2699966430664,89.55999755859375,87.91000366210938,89.48999786376953,12662000
2025-10-08,89.48999786376953,89.48999786376953,88.30000305175781,88.97000122070312,10012100
2025-10-09,89.16000366210938,89.91999816894531,87.66999816894531,87.76000213623047,11698900
2025-10-10,87.11000061035156,87.55000305175781,85.19000244140625,85.22000122070312,22446100
2025-10-13,85.87000274658203,86.48999786376953,85.58999633789062,86.37999725341797,11444800
2025-10-14,85.1500015258789,86.86000061035156,85.04000091552734,86.37000274658203,12542300
2025-10-15,86.91999816894531,87.41000366210938,85.68000030517578,86.31999969482422,12133500
2025-10-16,86.47000122070312,86.7300033569336,84.69999694824219,85.27999877929688,14596900
2025-10-17,85.63999938964844,86.16000366210938,85.29000091552734,85.9800033569336,12035900
2025-10-20,86.12999725341797,87.08999633789062,86.12999725341797,86.88999938964844,12676200
2025-10-21,87.12999725341797,87.33000183105469,86.25,86.69000244140625,12942600
2025-10-22,87.2699966430664,88.18000030517578,86.54000091552734,87.80000305175781,16407000
2025-10-23,89.37000274658203,89.55999755859375,88.43000030517578,88.97000122070312,23654400
2025-10-24,89.37000274658203,89.4000015258789,88.01000213623047,88.06999969482422,10595500
2025-10-27,88.3499984741211,88.63999938964844,87.88999938964844,88.27999877929688,9798600
2025-10-28,87.94999694824219,88.2300033569336,87.30999755859375,87.36000061035156,11237300
2025-10-29,87.45999908447266,88.45999908447266,87.27999877929688,88.01000213623047,13403900
2025-10-30,87.9800033569336,88.62000274658203,87.37000274658203,87.48999786376953,10331700
2025-10-31,87.69999694824219,88.62999725341797,87.31999969482422,88.12999725341797,13492700
2025-11-03,88.1500015258789,88.37999725341797,87.12999725341797,88.13999938964844,11116000
2025-11-04,87.05999755859375,87.43000030517578,86.37000274658203,87.19000244140625,14738800
2025-11-05,87.19999694824219,88.38999938964844,87.08999633789062,87.41999816894531,11928600
2025-11-06,87.55000305175781,89.0999984741211,87.55000305175781,88.2699966430664,16077400
2025-11-07,88.58000183105469,89.75,88.33999633789062,89.54000091552734,17729200
2025-11-10,89.7699966430664,90.55999755859375,88.61000061035156,90.3499984741211,15632300
2025-11-11,90.88999938964844,92.16999816894531,90.81999969482422,91.52999877929688,19376400
2025-11-12,90.91000366210938,91.33000183105469,90.12000274658203,90.25,14927100
