Date,Open,High,Low,Close,Volume
2016-03-21,18.407798767089844,18.55402183532715,18.359058380126953,18.43216896057129,47484348
2016-03-22,18.30219268798828,18.448415756225586,18.26157569885254,18.37530517578125,43482367
2016-03-23,18.342811584472656,18.37530517578125,18.229082107543945,18.237205505371094,55912266
2016-03-24,18.074735641479492,18.123477935791016,17.952884674072266,18.123477935791016,48500785
2016-03-28,18.147846221923828,18.237205505371094,18.09098243713379,18.180341720581055,36121356
2016-03-29,18.107229232788086,18.220958709716797,18.001625061035156,18.21283531188965,44438115
2016-03-30,18.31031608581543,18.456539154052734,18.294069290161133,18.318439483642578,37636102
2016-03-31,18.269699096679688,18.391551971435547,18.237205505371094,18.277822494506836,39946073
2016-04-01,18.188465118408203,18.464662551879883,18.115352630615234,18.440292358398438,45753316
2016-04-04,18.42404556274414,18.464662551879883,18.31031608581543,18.350933074951172,38544826
2016-04-05,18.180341720581055,18.21283531188965,18.058488845825195,18.09098243713379,61644172
2016-04-06,18.058488845825195,18.2047119140625,18.001625061035156,18.188465118408203,38129610
2016-04-07,18.058488845825195,18.074735641479492,17.749797821044922,17.847278594970703,51315220
2016-04-08,17.969131469726562,18.09098243713379,17.879772186279297,17.91226577758789,55956828
2016-04-11,17.993501663208008,18.139724731445312,17.969131469726562,17.98537826538086,45423161
2016-04-12,18.009748458862305,18.245328903198242,17.969131469726562,18.21283531188965,48225902
2016-04-13,18.399675369262695,18.64337921142578,18.3834285736084,18.627132415771484,69649488
2016-04-14,18.53777313232422,18.76523208618164,18.53777313232422,18.667749404907227,52055051
2016-04-15,18.71649169921875,18.740861892700195,18.570268630981445,18.60276222229004,53901797
2016-04-18,18.513404846191406,18.757108688354492,18.497156143188477,18.740861892700195,52434076
2016-04-19,18.797725677490234,18.976442337036133,18.797725677490234,18.976442337036133,57169363
2016-04-20,18.968318939208984,19.1551570892334,18.960195541381836,19.122665405273438,74743119
2016-04-21,19.114540100097656,19.195775985717773,18.903331756591797,18.952070236206055,63436754
2016-04-22,18.968318939208984,19.171405792236328,18.968318939208984,19.130788803100586,46728145
2016-04-25,19.04955291748047,19.10641860961914,18.952070236206055,19.090171813964844,38189682
2016-04-26,19.10641860961914,19.236392974853516,19.082046508789062,19.21202278137207,41664795
2016-04-27,19.195775985717773,19.30950355529785,19.130788803100586,19.244516372680664,56916147
2016-04-28,19.082046508789062,19.236392974853516,18.976442337036133,19.04142951965332,74850832
2016-04-29,18.93582534790039,19.008935928344727,18.76523208618164,18.93582534790039,60318138
2016-05-02,18.952070236206055,19.130788803100586,18.911453247070312,19.10641860961914,43564598
2016-05-03,18.887083053588867,18.903331756591797,18.700244903564453,18.862712860107422,44142060
2016-05-04,18.64337921142578,18.81397247314453,18.627132415771484,18.71649169921875,46466680
2016-05-05,18.757108688354492,18.830219268798828,18.659626007080078,18.70836639404297,47043157
2016-05-06,18.570268630981445,18.797725677490234,18.570268630981445,18.789602279663086,38964104
2016-05-09,18.757108688354492,18.846466064453125,18.667749404907227,18.740861892700195,31989258
2016-05-10,18.830219268798828,19.017059326171875,18.82209587097168,19.008935928344727,37549070
2016-05-11,18.952070236206055,19.000812530517578,18.789602279663086,18.805849075317383,31961192
2016-05-12,18.87083625793457,18.952070236206055,18.700244903564453,18.81397247314453,35254978
2016-05-13,18.77335548400879,18.903331756591797,18.55402183532715,18.586515426635742,45538875
2016-05-16,18.586515426635742,18.76523208618164,18.570268630981445,18.683996200561523,33796243
2016-05-17,18.635255813598633,18.71649169921875,18.497156143188477,18.578392028808594,45457629
2016-05-18,18.521526336669922,18.919578552246094,18.521526336669922,18.903331756591797,96899150
2016-05-19,18.81397247314453,18.903331756591797,18.610885620117188,18.724613189697266,66203303
2016-05-20,18.82209587097168,18.960195541381836,18.789602279663086,18.854589462280273,35765351
2016-05-23,18.81397247314453,18.903331756591797,18.757108688354492,18.838342666625977,38575724
2016-05-24,18.968318939208984,19.16328239440918,18.94394874572754,19.122665405273438,47386483
2016-05-25,19.203899383544922,19.423233032226562,19.195775985717773,19.32575035095215,51504178
2016-05-26,19.33387565612793,19.358245849609375,19.187652587890625,19.21202278137207,36198417
2016-05-27,19.244516372680664,19.350122451782227,19.22014617919922,19.341997146606445,37026264
2016-05-31,19.43947982788086,19.43947982788086,19.228269577026367,19.293258666992188,40884834
2016-06-01,19.1551570892334,19.358245849609375,19.073923110961914,19.33387565612793,38452378
2016-06-02,19.285133361816406,19.374492645263672,19.22014617919922,19.374492645263672,28227076
2016-06-03,19.1389102935791,19.1551570892334,18.895206451416016,19.09829330444336,86083215
2016-06-06,19.10641860961914,19.301380157470703,19.090171813964844,19.21202278137207,46925474
2016-06-07,19.228269577026367,19.285133361816406,19.1551570892334,19.171405792236328,26503799
2016-06-08,19.1389102935791,19.236392974853516,19.1389102935791,19.187652587890625,30469958
2016-06-09,19.073923110961914,19.10641860961914,18.952070236206055,19.04955291748047,39571234
2016-06-10,18.830219268798828,18.903331756591797,18.757108688354492,18.81397247314453,47349676
2016-06-13,18.70836639404297,18.927701950073242,18.675872802734375,18.683996200561523,56062079
2016-06-14,18.610885620117188,18.70836639404297,18.31031608581543,18.407798767089844,66888232
2016-06-15,18.456539154052734,18.64337921142578,18.415922164916992,18.43216896057129,58034633
2016-06-16,18.285945892333984,18.497156143188477,18.180341720581055,18.48090934753418,71488109
2016-06-17,18.407798767089844,18.456539154052734,18.285945892333984,18.3671817779541,46524537
2016-06-20,18.659626007080078,18.757108688354492,18.464662551879883,18.47278594970703,70566829
2016-06-21,18.5458984375,18.619009017944336,18.464662551879883,18.578392028808594,40308110
2016-06-22,18.578392028808594,18.71649169921875,18.521526336669922,18.562145233154297,54005201
2016-06-23,18.781478881835938,18.952070236206055,18.77335548400879,18.952070236206055,73745517
2016-06-24,17.96100616455078,18.350933074951172,17.87164878845215,17.93663787841797,165914672
2016-06-27,17.668561935424805,17.69293212890625,17.31925392150879,17.42485809326172,140642119
2016-06-28,17.74167251586914,17.87164878845215,17.587326049804688,17.87164878845215,109722231
2016-06-29,18.0259952545166,18.277822494506836,17.98537826538086,18.277822494506836,100009025
2016-06-30,18.334686279296875,18.570268630981445,18.245328903198242,18.570268630981445,72707045
2016-07-01,18.497156143188477,18.60276222229004,18.440292358398438,18.47278594970703,45095346
2016-07-05,18.294069290161133,18.342811584472656,18.107229232788086,18.19658851623535,59557011
2016-07-06,18.0422420501709,18.269699096679688,18.001625061035156,18.245328903198242,58561132
2016-07-07,18.30219268798828,18.42404556274414,18.180341720581055,18.269699096679688,65731461
2016-07-08,18.521526336669922,18.64337921142578,18.497156143188477,18.619009017944336,55327418
2016-07-11,18.71649169921875,18.781478881835938,18.659626007080078,18.724613189697266,42557517
2016-07-12,18.862712860107422,18.98456573486328,18.838342666625977,18.960195541381836,55059306
2016-07-13,18.94394874572754,19.000812530517578,18.854589462280273,18.960195541381836,57377156
2016-07-14,19.33387565612793,19.33387565612793,19.090171813964844,19.1389102935791,67039521
2016-07-15,19.21202278137207,19.228269577026367,18.98456573486328,19.10641860961914,62710956
2016-07-18,19.114540100097656,19.195775985717773,19.09829330444336,19.171405792236328,38953149
2016-07-19,19.082046508789062,19.187652587890625,19.057676315307617,19.179529190063477,30777585
2016-07-20,19.252639770507812,19.252639770507812,19.130788803100586,19.21202278137207,31817657
2016-07-21,19.187652587890625,19.22014617919922,19.090171813964844,19.114540100097656,36524509
2016-07-22,19.1389102935791,19.244516372680664,19.10641860961914,19.236392974853516,23484772
2016-07-25,19.203899383544922,19.244516372680664,19.1389102935791,19.195775985717773,37096308
2016-07-26,19.147035598754883,19.236392974853516,19.130788803100586,19.21202278137207,34484126
2016-07-27,19.179529190063477,19.26076316833496,19.1389102935791,19.203899383544922,50709937
2016-07-28,19.1551570892334,19.285133361816406,19.090171813964844,19.244516372680664,33001387
2016-07-29,19.171405792236328,19.301380157470703,19.171405792236328,19.21202278137207,54440606
2016-08-01,19.228269577026367,19.30950355529785,19.122665405273438,19.16328239440918,39409726
2016-08-02,19.10641860961914,19.179529190063477,18.952070236206055,19.000812530517578,39709475
2016-08-03,19.000812530517578,19.203899383544922,19.000812530517578,19.195775985717773,33511513
2016-08-04,19.179529190063477,19.21202278137207,19.10641860961914,19.147035598754883,31363295
2016-08-05,19.350122451782227,19.512590408325195,19.293258666992188,19.512590408325195,51542339
2016-08-08,19.569456100463867,19.593826293945312,19.4800968170166,19.536962509155273,45019886
2016-08-09,19.528837203979492,19.585702896118164,19.50446891784668,19.55320930480957,32239890
2016-08-10,19.536962509155273,19.569456100463867,19.366369247436523,19.398862838745117,33545242
2016-08-11,19.43947982788086,19.48822021484375,19.366369247436523,19.43947982788086,25139605
2016-08-12,19.30950355529785,19.415109634399414,19.301380157470703,19.38261604309082,28861534
2016-08-15,19.455726623535156,19.528837203979492,19.43947982788086,19.512590408325195,26275941
2016-08-16,19.4800968170166,19.512590408325195,19.415109634399414,19.463851928710938,27637427
2016-08-17,19.463851928710938,19.536962509155273,19.415109634399414,19.528837203979492,25676567
2016-08-18,19.4963436126709,19.55320930480957,19.455726623535156,19.512590408325195,26595016
2016-08-19,19.455726623535156,19.520715713500977,19.38261604309082,19.50446891784668,31510153
2016-08-22,19.471973419189453,19.520715713500977,19.423233032226562,19.50446891784668,32517481
2016-08-23,19.577579498291016,19.626319885253906,19.528837203979492,19.528837203979492,29855443
2016-08-24,19.536962509155273,19.585702896118164,19.471973419189453,19.520715713500977,24299201
2016-08-25,19.4963436126709,19.593826293945312,19.471973419189453,19.56133270263672,27249662
2016-08-26,19.618196487426758,19.731924057006836,19.463851928710938,19.585702896118164,64953346
2016-08-29,19.634443283081055,19.82940673828125,19.61007308959961,19.756296157836914,40451522
2016-08-30,19.788789749145508,19.935012817382812,19.764419555664062,19.935012817382812,39359132
2016-08-31,19.94313621520996,19.967506408691406,19.788789749145508,19.95125961303711,56386078
2016-09-01,20.0,20.016246795654297,19.71567726135254,19.870023727416992,62960480
2016-09-02,19.89439582824707,20.016246795654297,19.870023727416992,19.959383010864258,66918391
2016-09-06,19.95125961303711,19.983753204345703,19.77254295349121,19.926889419555664,60299920
2016-09-07,19.853776931762695,19.94313621520996,19.813159942626953,19.918764114379883,38671003
2016-09-08,19.918764114379883,19.975629806518555,19.861900329589844,19.902517318725586,72066064
2016-09-09,19.788789749145508,19.861900329589844,19.528837203979492,19.528837203979492,66476831
2016-09-12,19.43947982788086,19.8212833404541,19.350122451782227,19.748172760009766,87153077
2016-09-13,19.520715713500977,19.569456100463867,19.32575035095215,19.398862838745117,83230864
2016-09-14,19.398862838745117,19.528837203979492,19.293258666992188,19.350122451782227,82876829
2016-09-15,19.30950355529785,19.520715713500977,19.26888656616211,19.463851928710938,68626527
2016-09-16,19.293258666992188,19.301380157470703,19.130788803100586,19.187652587890625,75235766
2016-09-19,19.18000030517578,19.450000762939453,19.18000030517578,19.309999465942383,50396100
2016-09-20,19.450000762939453,19.479999542236328,19.290000915527344,19.31999969482422,39903200
2016-09-21,19.40999984741211,19.459999084472656,19.25,19.440000534057617,64029700
2016-09-22,19.540000915527344,19.559999465942383,19.440000534057617,19.479999542236328,38355700
2016-09-23,19.40999984741211,19.510000228881836,19.350000381469727,19.3799991607666,59009500
2016-09-26,19.260000228881836,19.270000457763672,19.020000457763672,19.06999969482422,54189000
2016-09-27,19.0,19.239999771118164,18.940000534057617,19.219999313354492,47620000
2016-09-28,19.299999237060547,19.34000015258789,19.1200008392334,19.309999465942383,42936400
2016-09-29,19.299999237060547,19.399999618530273,18.940000534057617,19.040000915527344,62580800
2016-09-30,19.139999389648438,19.399999618530273,19.110000610351562,19.299999237060547,47336900
2016-10-03,19.239999771118164,19.309999465942383,19.15999984741211,19.209999084472656,33170500
2016-10-04,19.260000228881836,19.43000030517578,19.190000534057617,19.290000915527344,68471600
2016-10-05,19.3700008392334,19.639999389648438,19.34000015258789,19.600000381469727,58651900
2016-10-06,19.649999618530273,19.65999984741211,19.459999084472656,19.6299991607666,53337300
2016-10-07,19.549999237060547,19.65999984741211,19.489999771118164,19.6200008392334,55532800
2016-10-10,19.719999313354492,19.809999465942383,19.700000762939453,19.719999313354492,37997400
2016-10-11,19.65999984741211,19.719999313354492,19.40999984741211,19.540000915527344,78581200
2016-10-12,19.520000457763672,19.649999618530273,19.489999771118164,19.520000457763672,51378700
2016-10-13,19.360000610351562,19.3700008392334,19.110000610351562,19.329999923706055,73171100
2016-10-14,19.559999465942383,19.6200008392334,19.360000610351562,19.420000076293945,76176500
2016-10-17,19.43000030517578,19.469999313354492,19.280000686645508,19.329999923706055,41236100
2016-10-18,19.530000686645508,19.549999237060547,19.40999984741211,19.489999771118164,45958700
2016-10-19,19.549999237060547,19.709999084472656,19.530000686645508,19.65999984741211,49835900
2016-10-20,19.639999389648438,19.780000686645508,19.579999923706055,19.65999984741211,56238200
2016-10-21,19.5,19.670000076293945,19.469999313354492,19.649999618530273,39543100
2016-10-24,19.739999771118164,19.809999465942383,19.700000762939453,19.709999084472656,33808700
2016-10-25,19.75,19.760000228881836,19.639999389648438,19.690000534057617,36177800
2016-10-26,19.600000381469727,19.84000015258789,19.579999923706055,19.809999465942383,40419200
2016-10-27,19.920000076293945,19.950000762939453,19.770000457763672,19.860000610351562,45545800
2016-10-28,19.899999618530273,19.920000076293945,19.6200008392334,19.770000457763672,55749900
2016-10-31,19.8700008392334,19.8700008392334,19.739999771118164,19.739999771118164,38579100
2016-11-01,19.809999465942383,19.860000610351562,19.5,19.65999984741211,62758900
2016-11-02,19.6200008392334,19.6299991607666,19.440000534057617,19.530000686645508,66529900
2016-11-03,19.549999237060547,19.729999542236328,19.520000457763672,19.549999237060547,53462100
2016-11-04,19.559999465942383,19.649999618530273,19.399999618530273,19.489999771118164,64891400
2016-11-07,19.81999969482422,19.989999771118164,19.799999237060547,19.979999542236328,59001800
2016-11-08,19.920000076293945,20.09000015258789,19.790000915527344,19.989999771118164,63290400
2016-11-09,20.540000915527344,20.940000534057617,20.110000610351562,20.84000015258789,268936600
2016-11-10,21.15999984741211,21.700000762939453,21.079999923706055,21.610000610351562,241635500
2016-11-11,21.469999313354492,21.700000762939453,21.399999618530273,21.670000076293945,134954500
2016-11-14,21.8799991607666,22.329999923706055,21.850000381469727,22.200000762939453,261730900
2016-11-15,22.010000228881836,22.200000762939453,21.790000915527344,22.18000030517578,122754500
2016-11-16,21.979999542236328,22.030000686645508,21.799999237060547,21.860000610351562,117887700
2016-11-17,21.860000610351562,22.18000030517578,21.809999465942383,22.15999984741211,98536400
2016-11-18,22.139999389648438,22.239999771118164,22.059999465942383,22.15999984741211,92344300
2016-11-21,22.280000686645508,22.299999237060547,22.09000015258789,22.239999771118164,71943900
2016-11-22,22.34000015258789,22.350000381469727,22.1200008392334,22.25,98286500
2016-11-23,22.34000015258789,22.40999984741211,22.170000076293945,22.3799991607666,101948400
2016-11-25,22.43000030517578,22.450000762939453,22.31999969482422,22.40999984741211,33114800
2016-11-28,22.25,22.3799991607666,22.09000015258789,22.149999618530273,99791400
2016-11-29,22.190000534057617,22.280000686645508,22.110000610351562,22.209999084472656,74645700
2016-11-30,22.520000457763672,22.56999969482422,22.43000030517578,22.510000228881836,98843700
2016-12-01,22.6299991607666,22.950000762939453,22.600000381469727,22.899999618530273,120088300
2016-12-02,22.84000015258789,22.850000381469727,22.549999237060547,22.649999618530273,82108300
2016-12-05,22.850000381469727,23.0,22.790000915527344,22.920000076293945,95145700
2016-12-06,23.06999969482422,23.139999389648438,22.84000015258789,23.1200008392334,79142600
2016-12-07,23.18000030517578,23.5,23.100000381469727,23.479999542236328,120172500
2016-12-08,23.610000610351562,23.84000015258789,23.469999313354492,23.700000762939453,116856500
2016-12-09,23.700000762939453,23.75,23.530000686645508,23.75,95677300
2016-12-12,23.68000030517578,23.780000686645508,23.459999084472656,23.520000457763672,85143200
2016-12-13,23.579999923706055,23.719999313354492,23.3799991607666,23.579999923706055,113420700
2016-12-14,23.399999618530273,23.829999923706055,23.309999465942383,23.469999313354492,142995800
2016-12-15,23.59000015258789,23.8700008392334,23.5,23.670000076293945,110426000
2016-12-16,23.68000030517578,23.690000534057617,23.329999923706055,23.360000610351562,83096500
2016-12-19,23.389999389648438,23.43000030517578,23.18000030517578,23.3700008392334,73717600
2016-12-20,23.510000228881836,23.65999984741211,23.510000228881836,23.65999984741211,60793600
2016-12-21,23.65999984741211,23.670000076293945,23.520000457763672,23.600000381469727,37738000
2016-12-22,23.59000015258789,23.59000015258789,23.459999084472656,23.540000915527344,37796100
2016-12-23,23.540000915527344,23.579999923706055,23.469999313354492,23.579999923706055,18276700
2016-12-27,23.6299991607666,23.639999389648438,23.579999923706055,23.610000610351562,38241100
2016-12-28,23.649999618530273,23.670000076293945,23.350000381469727,23.3700008392334,30834400
2016-12-29,23.389999389648438,23.43000030517578,23.100000381469727,23.200000762939453,39251800
2016-12-30,23.290000915527344,23.329999923706055,23.170000076293945,23.25,44761200
2017-01-03,23.610000610351562,23.670000076293945,23.260000228881836,23.510000228881836,71259900
2017-01-04,23.579999923706055,23.729999542236328,23.510000228881836,23.700000762939453,45092200
2017-01-05,23.6299991607666,23.65999984741211,23.239999771118164,23.459999084472656,62201100
2017-01-06,23.549999237060547,23.639999389648438,23.420000076293945,23.540000915527344,38060800
2017-01-09,23.479999542236328,23.530000686645508,23.329999923706055,23.3799991607666,34022400
2017-01-10,23.420000076293945,23.6299991607666,23.309999465942383,23.43000030517578,46212100
2017-01-11,23.459999084472656,23.579999923706055,23.299999237060547,23.579999923706055,48001200
2017-01-12,23.469999313354492,23.5,23.18000030517578,23.3799991607666,57418100
2017-01-13,23.540000915527344,23.790000915527344,23.40999984741211,23.510000228881836,72479700
2017-01-17,23.34000015258789,23.350000381469727,22.940000534057617,22.950000762939453,96657800
2017-01-18,23.06999969482422,23.170000076293945,22.850000381469727,23.139999389648438,68289100
2017-01-19,23.190000534057617,23.25,22.959999084472656,23.040000915527344,56729700
2017-01-20,23.110000610351562,23.229999542236328,23.030000686645508,23.149999618530273,74805200
2017-01-23,23.049999237060547,23.190000534057617,22.920000076293945,23.0,46651200
2017-01-24,23.110000610351562,23.3799991607666,23.010000228881836,23.290000915527344,45229500
2017-01-25,23.540000915527344,23.690000534057617,23.43000030517578,23.68000030517578,92850100
2017-01-26,23.719999313354492,23.799999237060547,23.610000610351562,23.739999771118164,70704400
2017-01-27,23.739999771118164,23.75,23.579999923706055,23.649999618530273,43944500
2017-01-30,23.5,23.510000228881836,23.25,23.459999084472656,46168800
2017-01-31,23.34000015258789,23.520000457763672,23.18000030517578,23.309999465942383,56477300
2017-02-01,23.489999771118164,23.610000610351562,23.270000457763672,23.34000015258789,72132200
2017-02-02,23.209999084472656,23.360000610351562,23.100000381469727,23.25,39396500
2017-02-03,23.649999618530273,23.739999771118164,23.440000534057617,23.719999313354492,86346600
2017-02-06,23.579999923706055,23.780000686645508,23.559999465942383,23.610000610351562,34952100
2017-02-07,23.75,23.760000228881836,23.520000457763672,23.549999237060547,50838500
2017-02-08,23.549999237060547,23.549999237060547,23.280000686645508,23.389999389648438,54341100
2017-02-09,23.389999389648438,23.739999771118164,23.329999923706055,23.709999084472656,76813700
2017-02-10,23.850000381469727,23.860000610351562,23.690000534057617,23.780000686645508,55078700
2017-02-13,23.93000030517578,24.15999984741211,23.889999389648438,24.049999237060547,76687000
2017-02-14,24.030000686645508,24.360000610351562,23.989999771118164,24.329999923706055,75954300
2017-02-15,24.450000762939453,24.56999969482422,24.270000457763672,24.520000457763672,76869400
2017-02-16,24.489999771118164,24.530000686645508,24.309999465942383,24.459999084472656,64048200
2017-02-17,24.280000686645508,24.469999313354492,24.25,24.469999313354492,54156600
2017-02-21,24.600000381469727,24.649999618530273,24.510000228881836,24.59000015258789,55216100
2017-02-22,24.489999771118164,24.68000030517578,24.450000762939453,24.610000610351562,50438900
2017-02-23,24.6200008392334,24.670000076293945,24.469999313354492,24.610000610351562,53509400
2017-02-24,24.350000381469727,24.479999542236328,24.309999465942383,24.420000076293945,61686800
2017-02-27,24.450000762939453,24.600000381469727,24.440000534057617,24.549999237060547,39655000
2017-02-28,24.459999084472656,24.549999237060547,24.3799991607666,24.540000915527344,48913000
2017-03-01,25.010000228881836,25.290000915527344,24.979999542236328,25.239999771118164,92150000
2017-03-02,25.290000915527344,25.299999237060547,24.84000015258789,24.850000381469727,69446200
2017-03-03,24.8700008392334,25.030000686645508,24.860000610351562,24.969999313354492,57652800
2017-03-06,24.81999969482422,24.860000610351562,24.670000076293945,24.780000686645508,49017200
2017-03-07,24.81999969482422,24.81999969482422,24.649999618530273,24.709999084472656,53726500
2017-03-08,24.979999542236328,25.059999465942383,24.709999084472656,24.719999313354492,104601000
2017-03-09,24.81999969482422,24.940000534057617,24.700000762939453,24.809999465942383,60804100
2017-03-10,24.93000030517578,24.950000762939453,24.6299991607666,24.790000915527344,62148600
2017-03-13,24.81999969482422,24.8799991607666,24.700000762939453,24.850000381469727,49418400
2017-03-14,24.75,24.799999237060547,24.600000381469727,24.780000686645508,49511100
2017-03-15,24.81999969482422,24.920000076293945,24.6299991607666,24.739999771118164,86455100
2017-03-16,24.84000015258789,24.969999313354492,24.770000457763672,24.780000686645508,89233700
2017-03-17,24.75,24.760000228881836,24.450000762939453,24.450000762939453,83056800
2017-03-20,24.399999618530273,24.469999313354492,24.25,24.25,78676400
2017-03-21,24.360000610351562,24.3799991607666,23.510000228881836,23.56999969482422,192257000
2017-03-22,23.399999618530273,23.6299991607666,23.229999542236328,23.520000457763672,133199500
2017-03-23,23.489999771118164,23.84000015258789,23.440000534057617,23.56999969482422,85238900
2017-03-24,23.610000610351562,23.729999542236328,23.3799991607666,23.540000915527344,97583400
2017-03-27,23.040000915527344,23.459999084472656,22.979999542236328,23.450000762939453,103963000
2017-03-28,23.3700008392334,23.860000610351562,23.3700008392334,23.770000457763672,82301100
2017-03-29,23.729999542236328,23.770000457763672,23.600000381469727,23.6200008392334,76524100
2017-03-30,23.639999389648438,23.989999771118164,23.610000610351562,23.93000030517578,92566000
2017-03-31,23.84000015258789,23.90999984741211,23.729999542236328,23.729999542236328,70540000
2017-04-03,23.770000457763672,23.829999923706055,23.399999618530273,23.68000030517578,93489100
2017-04-04,23.579999923706055,23.700000762939453,23.540000915527344,23.649999618530273,105795900
2017-04-05,23.8700008392334,23.959999084472656,23.469999313354492,23.469999313354492,104651200
2017-04-06,23.450000762939453,23.719999313354492,23.329999923706055,23.6200008392334,80802100
2017-04-07,23.440000534057617,23.68000030517578,23.399999618530273,23.520000457763672,61525700
2017-04-10,23.520000457763672,23.670000076293945,23.3799991607666,23.459999084472656,60429000
2017-04-11,23.34000015258789,23.43000030517578,23.149999618530273,23.389999389648438,83801200
2017-04-12,23.360000610351562,23.3799991607666,23.139999389648438,23.200000762939453,74023000
2017-04-13,23.110000610351562,23.3700008392334,22.899999618530273,22.899999618530273,120159300
2017-04-17,22.959999084472656,23.309999465942383,22.889999389648438,23.299999237060547,86681200
2017-04-18,23.139999389648438,23.25,22.940000534057617,23.079999923706055,74890400
2017-04-19,23.229999542236328,23.31999969482422,22.979999542236328,23.010000228881836,55583800
2017-04-20,23.18000030517578,23.450000762939453,23.09000015258789,23.399999618530273,85720400
2017-04-21,23.34000015258789,23.43000030517578,23.149999618530273,23.15999984741211,94675300
2017-04-24,23.690000534057617,23.809999465942383,23.59000015258789,23.68000030517578,98770600
2017-04-25,23.889999389648438,24.010000228881836,23.860000610351562,23.889999389648438,71026100
2017-04-26,23.860000610351562,24.09000015258789,23.81999969482422,23.8700008392334,71691200
2017-04-27,23.920000076293945,23.920000076293945,23.6200008392334,23.760000228881836,68871800
2017-04-28,23.770000457763672,23.790000915527344,23.530000686645508,23.530000686645508,64091900
2017-05-01,23.649999618530273,23.799999237060547,23.549999237060547,23.68000030517578,69086600
2017-05-02,23.68000030517578,23.709999084472656,23.520000457763672,23.649999618530273,76511500
2017-05-03,23.56999969482422,23.84000015258789,23.549999237060547,23.84000015258789,78115400
2017-05-04,23.989999771118164,24.06999969482422,23.780000686645508,23.8799991607666,64482800
2017-05-05,23.950000762939453,23.959999084472656,23.760000228881836,23.84000015258789,46881500
2017-05-08,23.8700008392334,23.90999984741211,23.780000686645508,23.81999969482422,45893000
2017-05-09,23.8799991607666,23.959999084472656,23.649999618530273,23.729999542236328,65737900
2017-05-10,23.690000534057617,23.809999465942383,23.649999618530273,23.809999465942383,51192700
2017-05-11,23.719999313354492,23.760000228881836,23.469999313354492,23.65999984741211,77266700
2017-05-12,23.549999237060547,23.56999969482422,23.43000030517578,23.559999465942383,55787200
2017-05-15,23.610000610351562,23.790000915527344,23.600000381469727,23.739999771118164,52192100
2017-05-16,23.790000915527344,23.829999923706055,23.670000076293945,23.809999465942383,51529600
2017-05-17,23.309999465942383,23.489999771118164,22.969999313354492,23.059999465942383,141192800
2017-05-18,23.030000686645508,23.290000915527344,23.0,23.149999618530273,101656900
2017-05-19,23.190000534057617,23.479999542236328,23.18000030517578,23.350000381469727,69775600
2017-05-22,23.479999542236328,23.479999542236328,23.25,23.40999984741211,79181900
2017-05-23,23.43000030517578,23.65999984741211,23.31999969482422,23.59000015258789,65577800
2017-05-24,23.6200008392334,23.639999389648438,23.479999542236328,23.579999923706055,59441200
2017-05-25,23.6299991607666,23.729999542236328,23.559999465942383,23.6200008392334,49362400
2017-05-26,23.559999465942383,23.68000030517578,23.559999465942383,23.610000610351562,42601700
2017-05-30,23.540000915527344,23.56999969482422,23.399999618530273,23.450000762939453,46584200
2017-05-31,23.450000762939453,23.459999084472656,23.100000381469727,23.25,115877900
2017-06-01,23.3799991607666,23.559999465942383,23.219999313354492,23.540000915527344,81187600
2017-06-02,23.3700008392334,23.56999969482422,23.31999969482422,23.450000762939453,83704500
2017-06-05,23.459999084472656,23.639999389648438,23.459999084472656,23.489999771118164,44055800
2017-06-06,23.309999465942383,23.450000762939453,23.260000228881836,23.389999389648438,60397300
2017-06-07,23.43000030517578,23.6299991607666,23.389999389648438,23.56999969482422,83049100
2017-06-08,23.56999969482422,24.010000228881836,23.549999237060547,23.84000015258789,77987000
2017-06-09,23.989999771118164,24.329999923706055,23.969999313354492,24.290000915527344,133216200
2017-06-12,24.34000015258789,24.510000228881836,24.200000762939453,24.34000015258789,86644400
2017-06-13,24.469999313354492,24.549999237060547,24.399999618530273,24.469999313354492,94978600
2017-06-14,24.260000228881836,24.540000915527344,24.1299991607666,24.510000228881836,117605800
2017-06-15,24.329999923706055,24.540000915527344,24.309999465942383,24.40999984741211,59547700
2017-06-16,24.309999465942383,24.3700008392334,24.219999313354492,24.290000915527344,53818800
2017-06-19,24.450000762939453,24.59000015258789,24.420000076293945,24.540000915527344,58041300
2017-06-20,24.459999084472656,24.479999542236328,24.31999969482422,24.329999923706055,45689600
2017-06-21,24.3700008392334,24.3700008392334,24.1200008392334,24.1299991607666,51938200
2017-06-22,24.040000915527344,24.110000610351562,23.950000762939453,23.979999542236328,58380200
2017-06-23,24.079999923706055,24.09000015258789,23.809999465942383,23.889999389648438,85352600
2017-06-26,23.940000534057617,24.1200008392334,23.860000610351562,24.020000457763672,60302300
2017-06-27,24.110000610351562,24.31999969482422,24.049999237060547,24.139999389648438,75943400
2017-06-28,24.299999237060547,24.559999465942383,24.280000686645508,24.520000457763672,90097600
2017-06-29,25.020000457763672,25.020000457763672,24.510000228881836,24.690000534057617,119176700
2017-06-30,24.8700008392334,24.8799991607666,24.6200008392334,24.670000076293945,72754900
2017-07-03,24.809999465942383,25.190000534057617,24.780000686645508,25.030000686645508,61454400
2017-07-05,25.100000381469727,25.1299991607666,24.920000076293945,25.06999969482422,78100200
2017-07-06,25.059999465942383,25.170000076293945,24.8799991607666,24.8799991607666,97648100
2017-07-07,25.010000228881836,25.100000381469727,24.8799991607666,25.049999237060547,59432400
2017-07-10,25.010000228881836,25.079999923706055,24.93000030517578,25.020000457763672,55022500
2017-07-11,25.0,25.010000228881836,24.729999542236328,24.799999237060547,49857200
2017-07-12,24.799999237060547,24.899999618530273,24.729999542236328,24.8799991607666,47818600
2017-07-13,24.8799991607666,25.030000686645508,24.860000610351562,25.030000686645508,48875900
2017-07-14,24.719999313354492,24.959999084472656,24.59000015258789,24.920000076293945,61742300
2017-07-17,24.850000381469727,24.899999618530273,24.739999771118164,24.84000015258789,43257000
2017-07-18,24.670000076293945,24.84000015258789,24.639999389648438,24.799999237060547,63210700
2017-07-19,24.850000381469727,24.920000076293945,24.719999313354492,24.809999465942383,48259400
2017-07-20,24.829999923706055,24.940000534057617,24.75,24.799999237060547,40163500
2017-07-21,24.729999542236328,24.8799991607666,24.729999542236328,24.799999237060547,39108400
2017-07-24,24.790000915527344,24.940000534057617,24.790000915527344,24.90999984741211,26364800
2017-07-25,25.190000534057617,25.31999969482422,25.149999618530273,25.219999313354492,75786800
2017-07-26,25.25,25.290000915527344,24.989999771118164,25.049999237060547,56086500
2017-07-27,25.100000381469727,25.110000610351562,24.799999237060547,24.90999984741211,67826200
2017-07-28,24.8700008392334,24.979999542236328,24.770000457763672,24.90999984741211,43735800
2017-07-31,25.0,25.18000030517578,24.969999313354492,25.09000015258789,43039300
2017-08-01,25.260000228881836,25.290000915527344,25.139999389648438,25.270000457763672,60987500
2017-08-02,25.299999237060547,25.329999923706055,25.18000030517578,25.309999465942383,43341500
2017-08-03,25.270000457763672,25.309999465942383,25.18000030517578,25.219999313354492,40816800
2017-08-04,25.450000762939453,25.489999771118164,25.34000015258789,25.389999389648438,50792900
2017-08-07,25.389999389648438,25.399999618530273,25.309999465942383,25.350000381469727,39486800
2017-08-08,25.309999465942383,25.59000015258789,25.270000457763672,25.280000686645508,52736500
2017-08-09,25.06999969482422,25.299999237060547,25.06999969482422,25.280000686645508,46567000
2017-08-10,25.1200008392334,25.18000030517578,24.829999923706055,24.829999923706055,71130300
2017-08-11,24.829999923706055,24.959999084472656,24.670000076293945,24.729999542236328,50477800
2017-08-14,24.93000030517578,25.139999389648438,24.920000076293945,25.06999969482422,49472900
2017-08-15,25.280000686645508,25.309999465942383,25.09000015258789,25.09000015258789,48535000
2017-08-16,25.200000762939453,25.239999771118164,25.0,25.040000915527344,35084100
2017-08-17,24.979999542236328,25.020000457763672,24.600000381469727,24.610000610351562,76613100
2017-08-18,24.489999771118164,24.799999237060547,24.479999542236328,24.6200008392334,71725900
2017-08-21,24.600000381469727,24.6299991607666,24.450000762939453,24.549999237060547,45047200
2017-08-22,24.649999618530273,24.84000015258789,24.6200008392334,24.81999969482422,42644000
2017-08-23,24.639999389648438,24.8799991607666,24.6200008392334,24.739999771118164,36612700
2017-08-24,24.850000381469727,24.850000381469727,24.690000534057617,24.739999771118164,31067200
2017-08-25,24.790000915527344,24.920000076293945,24.780000686645508,24.809999465942383,37177300
2017-08-28,24.829999923706055,24.84000015258789,24.59000015258789,24.649999618530273,36486900
2017-08-29,24.3700008392334,24.610000610351562,24.350000381469727,24.56999969482422,42814200
2017-08-30,24.610000610351562,24.780000686645508,24.59000015258789,24.670000076293945,35176100
2017-08-31,24.75,24.780000686645508,24.6200008392334,24.700000762939453,44225200
2017-09-01,24.729999542236328,24.90999984741211,24.670000076293945,24.770000457763672,42132600
2017-09-05,24.579999923706055,24.6200008392334,24.170000076293945,24.239999771118164,96579200
2017-09-06,24.329999923706055,24.420000076293945,24.219999313354492,24.299999237060547,77593900
2017-09-07,24.34000015258789,24.360000610351562,23.790000915527344,23.8799991607666,87667800
2017-09-08,23.899999618530273,24.190000534057617,23.850000381469727,24.100000381469727,68639500
2017-09-11,24.3799991607666,24.59000015258789,24.329999923706055,24.520000457763672,73305700
2017-09-12,24.610000610351562,24.829999923706055,24.59000015258789,24.809999465942383,66350600
2017-09-13,24.770000457763672,24.860000610351562,24.68000030517578,24.850000381469727,51049400
2017-09-14,24.860000610351562,24.920000076293945,24.75,24.799999237060547,47163200
2017-09-15,24.65999984741211,24.790000915527344,24.6299991607666,24.770000457763672,59250200
2017-09-18,24.860000610351562,25.06999969482422,24.84000015258789,25.059999465942383,44010400
2017-09-19,25.059999465942383,25.309999465942383,25.020000457763672,25.25,58443300
2017-09-20,25.270000457763672,25.489999771118164,25.149999618530273,25.399999618530273,70595500
2017-09-21,25.34000015258789,25.520000457763672,25.31999969482422,25.459999084472656,51050100
2017-09-22,25.360000610351562,25.459999084472656,25.290000915527344,25.43000030517578,42306600
2017-09-25,25.399999618530273,25.489999771118164,25.229999542236328,25.399999618530273,39774600
2017-09-26,25.440000534057617,25.479999542236328,25.31999969482422,25.389999389648438,46811000
2017-09-27,25.709999084472656,25.829999923706055,25.600000381469727,25.700000762939453,65919100
2017-09-28,25.790000915527344,25.799999237060547,25.610000610351562,25.739999771118164,37718900
2017-09-29,25.739999771118164,25.860000610351562,25.700000762939453,25.860000610351562,42740800
2017-10-02,25.809999465942383,26.079999923706055,25.809999465942383,26.079999923706055,52774000
2017-10-03,26.059999465942383,26.170000076293945,26.010000228881836,26.170000076293945,48062900
2017-10-04,26.100000381469727,26.18000030517578,26.040000915527344,26.049999237060547,39283800
2017-10-05,26.079999923706055,26.40999984741211,26.010000228881836,26.31999969482422,61260400
2017-10-06,26.389999389648438,26.459999084472656,26.209999084472656,26.350000381469727,66077800
2017-10-09,26.420000076293945,26.420000076293945,26.190000534057617,26.25,31340200
2017-10-10,26.290000915527344,26.3700008392334,26.219999313354492,26.3700008392334,35822500
2017-10-11,26.309999465942383,26.350000381469727,26.209999084472656,26.31999969482422,33748600
2017-10-12,26.389999389648438,26.399999618530273,26.09000015258789,26.1200008392334,53834800
2017-10-13,25.989999771118164,26.219999313354492,25.889999389648438,26.1299991607666,69561400
2017-10-16,26.149999618530273,26.309999465942383,26.139999389648438,26.299999237060547,42000700
2017-10-17,26.389999389648438,26.399999618530273,26.110000610351562,26.170000076293945,37844200
2017-10-18,26.280000686645508,26.350000381469727,26.170000076293945,26.309999465942383,52201500
2017-10-19,26.1200008392334,26.34000015258789,26.079999923706055,26.329999923706055,34671600
2017-10-20,26.610000610351562,26.65999984741211,26.520000457763672,26.639999389648438,56083800
2017-10-23,26.649999618530273,26.700000762939453,26.559999465942383,26.6200008392334,43555200
2017-10-24,26.709999084472656,26.860000610351562,26.690000534057617,26.809999465942383,61259200
2017-10-25,26.889999389648438,26.920000076293945,26.5,26.649999618530273,68653500
2017-10-26,26.75,26.920000076293945,26.75,26.799999237060547,41832600
2017-10-27,26.75,26.829999923706055,26.610000610351562,26.780000686645508,56694400
2017-10-30,26.75,26.790000915527344,26.600000381469727,26.670000076293945,48157500
2017-10-31,26.670000076293945,26.770000457763672,26.56999969482422,26.600000381469727,39890800
2017-11-01,26.709999084472656,26.829999923706055,26.610000610351562,26.639999389648438,40921900
2017-11-02,26.670000076293945,26.93000030517578,26.540000915527344,26.889999389648438,51098300
2017-11-03,26.799999237060547,26.81999969482422,26.700000762939453,26.780000686645508,42387000
2017-11-06,26.709999084472656,26.799999237060547,26.65999984741211,26.75,33642100
2017-11-07,26.770000457763672,26.850000381469727,26.309999465942383,26.3799991607666,70325500
2017-11-08,26.329999923706055,26.34000015258789,26.15999984741211,26.25,55844900
2017-11-09,26.079999923706055,26.25,25.889999389648438,26.15999984741211,94577000
2017-11-10,26.18000030517578,26.229999542236328,26.059999465942383,26.079999923706055,53209600
2017-11-13,25.920000076293945,26.18000030517578,25.899999618530273,26.1200008392334,50579200
2017-11-14,26.020000457763672,26.1200008392334,25.93000030517578,26.110000610351562,54101800
2017-11-15,25.8799991607666,26.270000457763672,25.860000610351562,26.18000030517578,64952300
2017-11-16,26.299999237060547,26.360000610351562,26.170000076293945,26.190000534057617,53648100
2017-11-17,26.059999465942383,26.219999313354492,26.030000686645508,26.15999984741211,41938700
2017-11-20,26.209999084472656,26.31999969482422,26.1299991607666,26.280000686645508,35232400
2017-11-21,26.3700008392334,26.399999618530273,26.299999237060547,26.360000610351562,35972400
2017-11-22,26.360000610351562,26.43000030517578,26.229999542236328,26.229999542236328,30959400
2017-11-24,26.329999923706055,26.3799991607666,26.200000762939453,26.219999313354492,12172500
2017-11-27,26.200000762939453,26.34000015258789,26.18000030517578,26.200000762939453,42346400
2017-11-28,26.229999542236328,26.90999984741211,26.209999084472656,26.8799991607666,86507000
2017-11-29,27.139999389648438,27.520000457763672,27.06999969482422,27.34000015258789,135340600
2017-11-30,27.579999923706055,27.8799991607666,27.3799991607666,27.520000457763672,135241700
2017-12-01,27.559999465942383,27.709999084472656,26.950000762939453,27.579999923706055,148119600
2017-12-04,28.040000915527344,28.200000762939453,28.0,28.0,99820400
2017-12-05,28.1200008392334,28.149999618530273,27.780000686645508,27.850000381469727,77706200
2017-12-06,27.75,27.90999984741211,27.670000076293945,27.75,60299100
2017-12-07,27.84000015258789,27.940000534057617,27.579999923706055,27.84000015258789,59625500
2017-12-08,27.979999542236328,28.010000228881836,27.780000686645508,28.010000228881836,55001600
2017-12-11,28.010000228881836,28.049999237060547,27.860000610351562,27.940000534057617,43278400
2017-12-12,28.049999237060547,28.329999923706055,27.959999084472656,28.219999313354492,69517100
2017-12-13,28.190000534057617,28.25,27.850000381469727,27.8700008392334,97335300
2017-12-14,27.969999313354492,28.010000228881836,27.65999984741211,27.690000534057617,76970000
2017-12-15,27.729999542236328,28.0,27.6299991607666,27.809999465942383,111826100
2017-12-18,28.040000915527344,28.200000762939453,27.989999771118164,28.059999465942383,61275500
2017-12-19,28.219999313354492,28.239999771118164,27.940000534057617,27.940000534057617,57366300
2017-12-20,28.170000076293945,28.219999313354492,27.8700008392334,27.889999389648438,69680300
2017-12-21,28.040000915527344,28.209999084472656,28.010000228881836,28.1299991607666,46123500
2017-12-22,28.209999084472656,28.25,27.920000076293945,28.049999237060547,43020300
2017-12-26,28.049999237060547,28.139999389648438,27.860000610351562,27.969999313354492,33710100
2017-12-27,27.989999771118164,28.010000228881836,27.90999984741211,28.0,29421000
2017-12-28,28.06999969482422,28.1200008392334,28.0,28.110000610351562,28129700
2017-12-29,28.200000762939453,28.200000762939453,27.90999984741211,27.90999984741211,55169800
2018-01-02,28.09000015258789,28.09000015258789,27.790000915527344,27.920000076293945,55436100
2018-01-03,27.969999313354492,28.09000015258789,27.8799991607666,28.06999969482422,56906200
2018-01-04,28.229999542236328,28.540000915527344,28.18000030517578,28.329999923706055,62247000
2018-01-05,28.479999542236328,28.479999542236328,28.229999542236328,28.40999984741211,37989500
2018-01-08,28.3799991607666,28.43000030517578,28.270000457763672,28.3700008392334,44252100
2018-01-09,28.489999771118164,28.739999771118164,28.440000534057617,28.59000015258789,51418700
2018-01-10,28.68000030517578,28.950000762939453,28.6299991607666,28.829999923706055,64670900
2018-01-11,28.950000762939453,29.0,28.809999465942383,28.969999313354492,42361700
2018-01-12,29.139999389648438,29.25,28.959999084472656,29.229999542236328,44537500
2018-01-16,29.479999542236328,29.530000686645508,28.989999771118164,29.149999618530273,67563800
2018-01-17,29.229999542236328,29.450000762939453,28.989999771118164,29.3700008392334,54312000
2018-01-18,29.469999313354492,29.479999542236328,29.290000915527344,29.329999923706055,49247400
2018-01-19,29.43000030517578,29.549999237060547,29.3700008392334,29.540000915527344,60727800
2018-01-22,29.549999237060547,29.790000915527344,29.510000228881836,29.780000686645508,46868900
2018-01-23,29.709999084472656,29.860000610351562,29.56999969482422,29.809999465942383,60862000
2018-01-24,29.950000762939453,30.079999923706055,29.770000457763672,30.010000228881836,66371000
2018-01-25,30.1299991607666,30.1299991607666,29.850000381469727,29.950000762939453,45423700
2018-01-26,30.040000915527344,30.18000030517578,29.899999618530273,30.170000076293945,33871900
2018-01-29,30.190000534057617,30.329999923706055,30.030000686645508,30.049999237060547,41037700
2018-01-30,29.829999923706055,30.020000457763672,29.65999984741211,29.65999984741211,67316900
2018-01-31,29.739999771118164,29.889999389648438,29.639999389648438,29.739999771118164,49504500
2018-02-01,29.68000030517578,30.049999237060547,29.670000076293945,30.020000457763672,60824200
2018-02-02,29.959999084472656,30.040000915527344,29.34000015258789,29.360000610351562,73086000
2018-02-05,28.729999542236328,29.209999084472656,27.600000381469727,27.8799991607666,147871500
2018-02-06,27.239999771118164,28.459999084472656,27.170000076293945,28.389999389648438,159006400
2018-02-07,28.34000015258789,28.809999465942383,28.219999313354492,28.40999984741211,102699400
2018-02-08,28.459999084472656,28.510000228881836,27.139999389648438,27.15999984741211,135270500
2018-02-09,27.56999969482422,27.889999389648438,26.760000228881836,27.68000030517578,149504900
2018-02-12,27.959999084472656,28.350000381469727,27.709999084472656,28.06999969482422,83571800
2018-02-13,27.90999984741211,28.25,27.829999923706055,28.190000534057617,43365500
2018-02-14,28.170000076293945,28.8700008392334,28.06999969482422,28.860000610351562,57379700
2018-02-15,29.100000381469727,29.139999389648438,28.700000762939453,29.020000457763672,66976000
2018-02-16,28.8799991607666,29.229999542236328,28.84000015258789,28.979999542236328,47508200
2018-02-20,28.920000076293945,29.209999084472656,28.799999237060547,28.889999389648438,58236100
2018-02-21,28.899999618530273,29.399999618530273,28.8700008392334,28.93000030517578,44578800
2018-02-22,29.0,29.15999984741211,28.6200008392334,28.690000534057617,47602700
2018-02-23,28.780000686645508,29.1200008392334,28.770000457763672,29.1200008392334,41187300
2018-02-26,29.329999923706055,29.559999465942383,29.139999389648438,29.559999465942383,55124200
2018-02-27,29.579999923706055,29.770000457763672,29.260000228881836,29.280000686645508,72752100
2018-02-28,29.43000030517578,29.540000915527344,28.8700008392334,28.8700008392334,65254700
2018-03-01,28.8799991607666,29.110000610351562,28.209999084472656,28.3700008392334,82467900
2018-03-02,28.170000076293945,28.520000457763672,27.889999389648438,28.440000534057617,78991200
2018-03-05,28.219999313354492,29.0,28.209999084472656,28.84000015258789,58952100
2018-03-06,29.0,29.020000457763672,28.65999984741211,28.959999084472656,49746100
2018-03-07,28.600000381469727,28.969999313354492,28.56999969482422,28.90999984741211,41530200
2018-03-08,28.979999542236328,29.040000915527344,28.690000534057617,29.0,50803000
2018-03-09,29.309999465942383,29.719999313354492,29.190000534057617,29.700000762939453,54595700
2018-03-12,29.700000762939453,29.809999465942383,29.549999237060547,29.600000381469727,51784500
2018-03-13,29.739999771118164,29.770000457763672,29.200000762939453,29.270000457763672,47049400
2018-03-14,29.399999618530273,29.399999618530273,28.850000381469727,28.940000534057617,57278900
2018-03-15,29.049999237060547,29.110000610351562,28.860000610351562,28.950000762939453,47451600
2018-03-16,28.90999984741211,29.149999618530273,28.8700008392334,28.8700008392334,61278200
2018-03-19,28.829999923706055,28.93000030517578,28.389999389648438,28.65999984741211,52145000
2018-03-20,28.770000457763672,28.850000381469727,28.65999984741211,28.729999542236328,37146500
2018-03-21,28.780000686645508,29.100000381469727,28.6200008392334,28.719999313354492,53291400
2018-03-22,28.34000015258789,28.450000762939453,27.559999465942383,27.65999984741211,85160300
2018-03-23,27.690000534057617,27.729999542236328,26.770000457763672,26.81999969482422,89289500
2018-03-26,27.360000610351562,27.770000457763672,27.100000381469727,27.690000534057617,84145000
2018-03-27,27.780000686645508,27.899999618530273,26.93000030517578,27.149999618530273,78827400
2018-03-28,27.219999313354492,27.469999313354492,26.850000381469727,27.200000762939453,84244500
2018-03-29,27.31999969482422,27.760000228881836,27.200000762939453,27.56999969482422,58290000
2018-04-02,27.56999969482422,27.600000381469727,26.549999237060547,26.959999084472656,74363900
2018-04-03,27.1299991607666,27.389999389648438,26.889999389648438,27.329999923706055,75160400
2018-04-04,26.84000015258789,27.700000762939453,26.81999969482422,27.6200008392334,70327000
2018-04-05,27.8700008392334,28.040000915527344,27.75,27.84000015258789,45378300
2018-04-06,27.520000457763672,27.700000762939453,26.920000076293945,27.170000076293945,88521000
2018-04-09,27.31999969482422,27.8700008392334,27.270000457763672,27.31999969482422,54633200
2018-04-10,27.760000228881836,27.889999389648438,27.549999237060547,27.729999542236328,67801500
2018-04-11,27.479999542236328,27.610000610351562,27.329999923706055,27.399999618530273,52480800
2018-04-12,27.610000610351562,28.059999465942383,27.59000015258789,27.8799991607666,63289100
2018-04-13,28.219999313354492,28.239999771118164,27.309999465942383,27.459999084472656,70103900
2018-04-16,27.6200008392334,27.780000686645508,27.5,27.579999923706055,44633600
2018-04-17,27.81999969482422,27.850000381469727,27.479999542236328,27.579999923706055,50750100
2018-04-18,27.649999618530273,27.760000228881836,27.389999389648438,27.450000762939453,66795500
2018-04-19,27.5,27.93000030517578,27.479999542236328,27.8700008392334,76142000
2018-04-20,27.920000076293945,28.040000915527344,27.760000228881836,27.8799991607666,49800400
2018-04-23,27.959999084472656,27.989999771118164,27.760000228881836,27.850000381469727,45689200
2018-04-24,28.0,28.170000076293945,27.479999542236328,27.670000076293945,69592900
2018-04-25,27.639999389648438,27.790000915527344,27.3700008392334,27.649999618530273,51819000
2018-04-26,27.6299991607666,27.809999465942383,27.520000457763672,27.65999984741211,33456200
2018-04-27,27.610000610351562,27.770000457763672,27.56999969482422,27.700000762939453,47185200
2018-04-30,27.770000457763672,27.920000076293945,27.440000534057617,27.450000762939453,41731400
2018-05-01,27.389999389648438,27.479999542236328,27.170000076293945,27.459999084472656,46372400
2018-05-02,27.360000610351562,27.469999313354492,27.110000610351562,27.149999618530273,45430300
2018-05-03,27.020000457763672,27.059999465942383,26.459999084472656,26.920000076293945,68947900
2018-05-04,26.760000228881836,27.420000076293945,26.670000076293945,27.270000457763672,40575600
2018-05-07,27.3700008392334,27.559999465942383,27.260000228881836,27.450000762939453,36873600
2018-05-08,27.469999313354492,27.829999923706055,27.459999084472656,27.639999389648438,47718500
2018-05-09,27.770000457763672,28.1200008392334,27.670000076293945,28.049999237060547,43817000
2018-05-10,28.0,28.34000015258789,27.959999084472656,28.280000686645508,41445500
2018-05-11,28.299999237060547,28.450000762939453,28.200000762939453,28.260000228881836,25894000
2018-05-14,28.34000015258789,28.389999389648438,28.190000534057617,28.239999771118164,31292900
2018-05-15,28.200000762939453,28.34000015258789,28.079999923706055,28.190000534057617,54655800
2018-05-16,28.15999984741211,28.31999969482422,28.100000381469727,28.239999771118164,31984900
2018-05-17,28.209999084472656,28.280000686645508,28.0,28.18000030517578,45070400
2018-05-18,28.18000030517578,28.190000534057617,27.940000534057617,27.950000762939453,33266100
2018-05-21,28.110000610351562,28.260000228881836,28.100000381469727,28.149999618530273,29647900
2018-05-22,28.170000076293945,28.5,28.170000076293945,28.34000015258789,52841400
2018-05-23,28.149999618530273,28.239999771118164,27.860000610351562,28.15999984741211,44968500
2018-05-24,28.06999969482422,28.09000015258789,27.65999984741211,27.940000534057617,43245200
2018-05-25,27.809999465942383,27.899999618530273,27.719999313354492,27.850000381469727,39312500
2018-05-29,27.459999084472656,27.5,26.719999313354492,26.920000076293945,126469700
2018-05-30,27.18000030517578,27.520000457763672,27.110000610351562,27.40999984741211,65843700
2018-05-31,27.350000381469727,27.389999389648438,27.100000381469727,27.18000030517578,66686900
2018-06-01,27.510000228881836,27.6299991607666,27.399999618530273,27.479999542236328,62934300
2018-06-04,27.610000610351562,27.670000076293945,27.520000457763672,27.56999969482422,44196900
2018-06-05,27.479999542236328,27.520000457763672,27.309999465942383,27.450000762939453,44996800
2018-06-06,27.610000610351562,27.969999313354492,27.579999923706055,27.950000762939453,61960000
2018-06-07,28.06999969482422,28.18000030517578,27.850000381469727,28.040000915527344,65166100
2018-06-08,28.010000228881836,28.110000610351562,27.860000610351562,28.079999923706055,47713400
2018-06-11,28.170000076293945,28.270000457763672,28.020000457763672,28.020000457763672,47319600
2018-06-12,28.100000381469727,28.170000076293945,27.809999465942383,27.950000762939453,55517200
2018-06-13,27.959999084472656,28.18000030517578,27.81999969482422,27.850000381469727,61095800
2018-06-14,27.899999618530273,27.950000762939453,27.510000228881836,27.59000015258789,70635500
2018-06-15,27.299999237060547,27.559999465942383,27.110000610351562,27.469999313354492,63387600
2018-06-18,27.229999542236328,27.459999084472656,27.139999389648438,27.420000076293945,49824600
2018-06-19,27.139999389648438,27.420000076293945,27.1299991607666,27.350000381469727,50214700
2018-06-20,27.600000381469727,27.600000381469727,27.25,27.280000686645508,42833600
2018-06-21,27.190000534057617,27.360000610351562,27.010000228881836,27.200000762939453,75190900
2018-06-22,27.389999389648438,27.420000076293945,27.049999237060547,27.06999969482422,61389400
2018-06-25,26.950000762939453,27.0,26.600000381469727,26.780000686645508,80746100
2018-06-26,26.799999237060547,26.829999923706055,26.520000457763672,26.690000534057617,56387800
2018-06-27,26.68000030517578,26.8799991607666,26.350000381469727,26.360000610351562,78099200
2018-06-28,26.360000610351562,26.700000762939453,26.309999465942383,26.59000015258789,78544800
2018-06-29,26.920000076293945,27.06999969482422,26.549999237060547,26.59000015258789,77149900
2018-07-02,26.3700008392334,26.729999542236328,26.350000381469727,26.719999313354492,66202800
2018-07-03,26.790000915527344,26.8700008392334,26.420000076293945,26.479999542236328,30717800
2018-07-05,26.6200008392334,26.68000030517578,26.450000762939453,26.540000915527344,40668500
2018-07-06,26.469999313354492,26.780000686645508,26.3700008392334,26.670000076293945,41285000
2018-07-09,26.809999465942383,27.309999465942383,26.780000686645508,27.280000686645508,73447400
2018-07-10,27.299999237060547,27.389999389648438,27.100000381469727,27.18000030517578,51260600
2018-07-11,27.030000686645508,27.190000534057617,26.989999771118164,27.049999237060547,46023700
2018-07-12,27.219999313354492,27.239999771118164,26.940000534057617,27.100000381469727,64876800
2018-07-13,26.989999771118164,27.06999969482422,26.700000762939453,26.979999542236328,64146900
2018-07-16,27.059999465942383,27.479999542236328,27.040000915527344,27.459999084472656,55812000
2018-07-17,27.489999771118164,27.600000381469727,27.34000015258789,27.489999771118164,55502200
2018-07-18,27.600000381469727,27.979999542236328,27.559999465942383,27.93000030517578,59109200
2018-07-19,27.790000915527344,27.799999237060547,27.469999313354492,27.510000228881836,61765100
2018-07-20,27.459999084472656,27.639999389648438,27.360000610351562,27.559999465942383,51562300
2018-07-23,27.559999465942383,27.979999542236328,27.549999237060547,27.940000534057617,81516200
2018-07-24,28.049999237060547,28.190000534057617,27.950000762939453,28.020000457763672,63133700
2018-07-25,28.0,28.1299991607666,27.850000381469727,28.079999923706055,44197200
2018-07-26,28.149999618530273,28.260000228881836,28.040000915527344,28.06999969482422,40056800
2018-07-27,28.059999465942383,28.270000457763672,27.969999313354492,28.1299991607666,63149400
2018-07-30,28.149999618530273,28.360000610351562,28.110000610351562,28.149999618530273,56474100
2018-07-31,28.229999542236328,28.239999771118164,27.889999389648438,27.950000762939453,84500100
2018-08-01,28.1299991607666,28.270000457763672,27.8799991607666,27.950000762939453,64046900
2018-08-02,27.770000457763672,28.010000228881836,27.68000030517578,27.959999084472656,38330700
2018-08-03,27.920000076293945,28.1200008392334,27.920000076293945,28.1200008392334,34894300
2018-08-06,28.15999984741211,28.34000015258789,28.100000381469727,28.270000457763672,38230100
2018-08-07,28.350000381469727,28.559999465942383,28.329999923706055,28.399999618530273,44608600
2018-08-08,28.360000610351562,28.520000457763672,28.34000015258789,28.469999313354492,47522000
2018-08-09,28.399999618530273,28.469999313354492,28.299999237060547,28.299999237060547,29357800
2018-08-10,27.93000030517578,28.06999969482422,27.829999923706055,27.969999313354492,83301400
2018-08-13,27.969999313354492,28.040000915527344,27.690000534057617,27.700000762939453,74413500
2018-08-14,27.799999237060547,28.010000228881836,27.719999313354492,27.959999084472656,43659000
2018-08-15,27.729999542236328,27.8799991607666,27.610000610351562,27.739999771118164,55681100
2018-08-16,27.8700008392334,28.190000534057617,27.8700008392334,28.110000610351562,49534200
2018-08-17,28.030000686645508,28.209999084472656,28.030000686645508,28.170000076293945,43193100
2018-08-20,28.170000076293945,28.309999465942383,28.1299991607666,28.260000228881836,30053700
2018-08-21,28.280000686645508,28.510000228881836,28.219999313354492,28.3700008392334,47940000
2018-08-22,28.25,28.3799991607666,28.229999542236328,28.270000457763672,27323300
2018-08-23,28.260000228881836,28.290000915527344,28.100000381469727,28.139999389648438,31767800
2018-08-24,28.25,28.299999237060547,28.190000534057617,28.239999771118164,22064500
2018-08-27,28.350000381469727,28.719999313354492,28.34000015258789,28.6200008392334,52254500
2018-08-28,28.700000762939453,28.719999313354492,28.540000915527344,28.59000015258789,28896800
2018-08-29,28.59000015258789,28.65999984741211,28.440000534057617,28.579999923706055,34015300
2018-08-30,28.450000762939453,28.559999465942383,28.309999465942383,28.360000610351562,43264100
2018-08-31,28.260000228881836,28.350000381469727,28.170000076293945,28.329999923706055,34107800
2018-09-04,28.270000457763672,28.5,28.200000762939453,28.469999313354492,43145600
2018-09-05,28.450000762939453,28.639999389648438,28.43000030517578,28.489999771118164,32727700
2018-09-06,28.450000762939453,28.530000686645508,28.270000457763672,28.360000610351562,38328900
2018-09-07,28.420000076293945,28.440000534057617,28.209999084472656,28.329999923706055,43644300
2018-09-10,28.399999618530273,28.440000534057617,28.270000457763672,28.299999237060547,29927200
2018-09-11,28.219999313354492,28.40999984741211,28.1200008392334,28.329999923706055,32065200
2018-09-12,28.329999923706055,28.389999389648438,28.049999237060547,28.06999969482422,47963400
2018-09-13,28.139999389648438,28.280000686645508,27.969999313354492,28.030000686645508,44977100
2018-09-14,28.06999969482422,28.260000228881836,28.059999465942383,28.229999542236328,34151000
2018-09-17,28.229999542236328,28.309999465942383,28.079999923706055,28.110000610351562,26907900
2018-09-18,28.18000030517578,28.280000686645508,28.059999465942383,28.25,36405600
2018-09-19,28.229999542236328,28.81999969482422,28.229999542236328,28.729999542236328,75551800
2018-09-20,28.940000534057617,29.06999969482422,28.8700008392334,28.979999542236328,78555500
2018-09-21,28.950000762939453,29.0,28.700000762939453,28.739999771118164,64710000
2018-09-24,28.709999084472656,28.75,28.399999618530273,28.420000076293945,47985100
2018-09-25,28.530000686645508,28.549999237060547,28.299999237060547,28.309999465942383,32964400
2018-09-26,28.350000381469727,28.389999389648438,27.899999618530273,27.969999313354492,60288100
2018-09-27,28.0,28.100000381469727,27.84000015258789,27.8700008392334,57492200
2018-09-28,27.760000228881836,27.770000457763672,27.540000915527344,27.579999923706055,66454900
2018-10-01,27.739999771118164,27.889999389648438,27.600000381469727,27.690000534057617,49855000
2018-10-02,27.649999618530273,27.739999771118164,27.469999313354492,27.690000534057617,47629500
2018-10-03,27.8700008392334,28.06999969482422,27.790000915527344,27.950000762939453,79591400
2018-10-04,27.940000534057617,28.350000381469727,27.920000076293945,28.139999389648438,94700800
2018-10-05,28.209999084472656,28.309999465942383,27.93000030517578,28.0,58148700
2018-10-08,27.920000076293945,28.280000686645508,27.899999618530273,28.190000534057617,56594900
2018-10-09,28.059999465942383,28.200000762939453,27.8799991607666,28.079999923706055,47963500
2018-10-10,28.06999969482422,28.139999389648438,27.209999084472656,27.209999084472656,101604400
2018-10-11,27.049999237060547,27.219999313354492,26.31999969482422,26.399999618530273,178628200
2018-10-12,26.8799991607666,26.920000076293945,26.030000686645508,26.43000030517578,137933000
2018-10-15,26.440000534057617,26.6299991607666,26.309999465942383,26.309999465942383,82196400
2018-10-16,26.489999771118164,26.770000457763672,26.309999465942383,26.75,75137300
2018-10-17,26.690000534057617,27.190000534057617,26.559999465942383,27.020000457763672,79472100
2018-10-18,26.8700008392334,27.06999969482422,26.489999771118164,26.56999969482422,81706000
2018-10-19,26.549999237060547,26.8799991607666,26.420000076293945,26.670000076293945,73614300
2018-10-22,26.700000762939453,26.760000228881836,26.100000381469727,26.100000381469727,58645800
2018-10-23,25.56999969482422,26.040000915527344,25.420000076293945,25.889999389648438,93698200
2018-10-24,25.850000381469727,25.850000381469727,25.139999389648438,25.239999771118164,98050700
2018-10-25,25.360000610351562,25.84000015258789,25.329999923706055,25.6299991607666,72439400
2018-10-26,25.31999969482422,25.520000457763672,25.020000457763672,25.260000228881836,115308900
2018-10-29,25.56999969482422,25.93000030517578,25.209999084472656,25.479999542236328,97946100
2018-10-30,25.6200008392334,25.940000534057617,25.440000534057617,25.920000076293945,82719100
2018-10-31,26.170000076293945,26.610000610351562,26.1299991607666,26.280000686645508,93781100
2018-11-01,26.350000381469727,26.510000228881836,26.219999313354492,26.399999618530273,62346600
2018-11-02,26.65999984741211,26.809999465942383,26.18000030517578,26.3799991607666,73034200
2018-11-05,26.489999771118164,26.8799991607666,26.489999771118164,26.799999237060547,58705800
2018-11-06,26.780000686645508,26.940000534057617,26.649999618530273,26.940000534057617,51010900
2018-11-07,27.09000015258789,27.31999969482422,26.81999969482422,27.290000915527344,59990800
2018-11-08,27.1299991607666,27.520000457763672,27.040000915527344,27.3700008392334,46730100
2018-11-09,27.299999237060547,27.3799991607666,26.979999542236328,27.1200008392334,47051200
2018-11-12,27.059999465942383,27.18000030517578,26.530000686645508,26.579999923706055,47135500
2018-11-13,26.6200008392334,26.989999771118164,26.600000381469727,26.729999542236328,69820600
2018-11-14,26.940000534057617,26.979999542236328,26.079999923706055,26.3700008392334,104274200
2018-11-15,26.190000534057617,26.780000686645508,26.030000686645508,26.760000228881836,93998000
2018-11-16,26.6200008392334,26.90999984741211,26.469999313354492,26.790000915527344,80518300
2018-11-19,26.770000457763672,26.899999618530273,26.540000915527344,26.780000686645508,65491300
2018-11-20,26.469999313354492,26.579999923706055,26.110000610351562,26.190000534057617,103778300
2018-11-21,26.34000015258789,26.59000015258789,26.1299991607666,26.209999084472656,48618000
2018-11-23,26.06999969482422,26.219999313354492,25.93000030517578,26.0,24252300
2018-11-26,26.270000457763672,26.6299991607666,26.260000228881836,26.530000686645508,50168800
2018-11-27,26.479999542236328,26.6299991607666,26.420000076293945,26.549999237060547,47174300
2018-11-28,26.6299991607666,27.059999465942383,26.399999618530273,27.059999465942383,61375300
2018-11-29,26.860000610351562,27.010000228881836,26.719999313354492,26.829999923706055,43664100
2018-11-30,26.75,27.079999923706055,26.709999084472656,26.969999313354492,45435200
2018-12-03,27.360000610351562,27.469999313354492,26.950000762939453,27.139999389648438,65332700
2018-12-04,27.0,27.010000228881836,25.829999923706055,25.959999084472656,110918600
2018-12-06,25.3799991607666,25.610000610351562,24.93000030517578,25.600000381469727,134687100
2018-12-07,25.540000915527344,25.899999618530273,24.989999771118164,25.110000610351562,86740000
2018-12-10,25.010000228881836,25.079999923706055,24.299999237060547,24.760000228881836,101121800
2018-12-11,25.06999969482422,25.219999313354492,24.43000030517578,24.520000457763672,92308200
2018-12-12,24.860000610351562,25.020000457763672,24.540000915527344,24.65999984741211,86748900
2018-12-13,24.649999618530273,24.780000686645508,24.389999389648438,24.479999542236328,67232900
2018-12-14,24.239999771118164,24.579999923706055,24.190000534057617,24.239999771118164,66817000
2018-12-17,24.100000381469727,24.469999313354492,23.889999389648438,24.0,101180400
2018-12-18,24.139999389648438,24.399999618530273,23.760000228881836,23.90999984741211,90844000
2018-12-19,23.860000610351562,24.389999389648438,23.420000076293945,23.610000610351562,129331700
2018-12-20,23.3799991607666,23.75,23.270000457763672,23.399999618530273,107016900
2018-12-21,23.229999542236328,23.670000076293945,22.739999771118164,22.790000915527344,118502300
2018-12-24,22.489999771118164,22.75,22.280000686645508,22.309999465942383,71752700
2018-12-26,22.3700008392334,23.329999923706055,22.049999237060547,23.31999969482422,108133500
2018-12-27,22.93000030517578,23.600000381469727,22.709999084472656,23.600000381469727,98005000
2018-12-28,23.709999084472656,23.899999618530273,23.489999771118164,23.59000015258789,76348400
2018-12-31,23.719999313354492,23.920000076293945,23.520000457763672,23.81999969482422,56435400
2019-01-02,23.469999313354492,24.06999969482422,23.399999618530273,24.020000457763672,62945000
2019-01-03,23.84000015258789,23.899999618530273,23.420000076293945,23.479999542236328,65729700
2019-01-04,23.8799991607666,24.309999465942383,23.81999969482422,24.260000228881836,64638400
2019-01-07,24.209999084472656,24.510000228881836,24.059999465942383,24.290000915527344,48167000
2019-01-08,24.510000228881836,24.549999237060547,24.030000686645508,24.309999465942383,90114700
2019-01-09,24.3700008392334,24.520000457763672,24.200000762939453,24.43000030517578,61037100
2019-01-10,24.290000915527344,24.520000457763672,24.209999084472656,24.440000534057617,48630500
2019-01-11,24.31999969482422,24.549999237060547,24.18000030517578,24.5,44961600
2019-01-14,24.260000228881836,24.75,24.229999542236328,24.670000076293945,50610600
2019-01-15,24.56999969482422,24.93000030517578,24.5,24.889999389648438,59156500
2019-01-16,25.18000030517578,25.56999969482422,25.110000610351562,25.420000076293945,72982400
2019-01-17,25.31999969482422,25.649999618530273,25.170000076293945,25.559999465942383,55771300
2019-01-18,25.739999771118164,26.030000686645508,25.530000686645508,26.0,58400200
2019-01-22,25.780000686645508,25.90999984741211,25.56999969482422,25.700000762939453,79651700
2019-01-23,25.799999237060547,25.829999923706055,25.440000534057617,25.729999542236328,44072000
2019-01-24,25.639999389648438,25.860000610351562,25.559999465942383,25.790000915527344,25496900
2019-01-25,25.969999313354492,26.170000076293945,25.899999618530273,26.0,63140000
2019-01-28,25.75,25.950000762939453,25.709999084472656,25.920000076293945,66894900
2019-01-29,25.90999984741211,26.010000228881836,25.81999969482422,25.829999923706055,29442100
2019-01-30,25.90999984741211,26.139999389648438,25.729999542236328,25.979999542236328,62076800
2019-01-31,25.760000228881836,25.979999542236328,25.719999313354492,25.940000534057617,64021500
2019-02-01,25.979999542236328,26.170000076293945,25.950000762939453,26.049999237060547,42920300
2019-02-04,26.059999465942383,26.170000076293945,25.920000076293945,26.15999984741211,30362500
2019-02-05,26.209999084472656,26.229999542236328,25.989999771118164,26.09000015258789,39094900
2019-02-06,26.010000228881836,26.200000762939453,25.969999313354492,26.059999465942383,51542800
2019-02-07,25.979999542236328,26.049999237060547,25.59000015258789,25.799999237060547,80395700
2019-02-08,25.65999984741211,25.780000686645508,25.34000015258789,25.670000076293945,54911100
2019-02-11,25.75,25.799999237060547,25.6200008392334,25.75,53115700
2019-02-12,25.940000534057617,26.229999542236328,25.93000030517578,26.1299991607666,37671300
2019-02-13,26.25,26.43000030517578,26.190000534057617,26.200000762939453,42969600
2019-02-14,26.0,26.079999923706055,25.729999542236328,25.8799991607666,47630100
2019-02-15,26.09000015258789,26.43000030517578,25.8799991607666,26.43000030517578,46880800
2019-02-19,26.299999237060547,26.549999237060547,26.219999313354492,26.469999313354492,23868300
2019-02-20,26.459999084472656,26.649999618530273,26.399999618530273,26.639999389648438,27509100
2019-02-21,26.59000015258789,26.68000030517578,26.40999984741211,26.5,46619900
2019-02-22,26.5,26.579999923706055,26.360000610351562,26.459999084472656,26343700
2019-02-25,26.579999923706055,26.81999969482422,26.540000915527344,26.56999969482422,33835900
2019-02-26,26.3799991607666,26.690000534057617,26.360000610351562,26.489999771118164,35659700
2019-02-27,26.440000534057617,26.639999389648438,26.40999984741211,26.59000015258789,42542400
2019-02-28,26.600000381469727,26.649999618530273,26.510000228881836,26.520000457763672,39835900
2019-03-01,26.75,26.940000534057617,26.610000610351562,26.690000534057617,82657300
2019-03-04,26.760000228881836,26.940000534057617,26.299999237060547,26.520000457763672,76611900
2019-03-05,26.56999969482422,26.579999923706055,26.219999313354492,26.420000076293945,39868100
2019-03-06,26.420000076293945,26.510000228881836,26.229999542236328,26.25,43158900
2019-03-07,26.149999618530273,26.149999618530273,25.829999923706055,25.979999542236328,62622100
2019-03-08,25.690000534057617,25.989999771118164,25.68000030517578,25.969999313354492,55826400
2019-03-11,26.100000381469727,26.31999969482422,25.979999542236328,26.239999771118164,63343500
2019-03-12,26.280000686645508,26.389999389648438,26.239999771118164,26.299999237060547,32521100
2019-03-13,26.399999618530273,26.579999923706055,26.31999969482422,26.479999542236328,42817500
2019-03-14,26.440000534057617,26.68000030517578,26.43000030517578,26.579999923706055,37665700
2019-03-15,26.450000762939453,26.709999084472656,26.43000030517578,26.6299991607666,70020400
2019-03-18,26.68000030517578,26.979999542236328,26.68000030517578,26.899999618530273,43980700
2019-03-19,27.049999237060547,27.100000381469727,26.6200008392334,26.690000534057617,45029300
2019-03-20,26.6299991607666,26.639999389648438,26.110000610351562,26.139999389648438,65860300
2019-03-21,25.959999084472656,26.170000076293945,25.780000686645508,26.059999465942383,104914100
2019-03-22,25.75,25.889999389648438,25.229999542236328,25.34000015258789,121855900
2019-03-25,25.309999465942383,25.530000686645508,25.079999923706055,25.229999542236328,72835600
2019-03-26,25.43000030517578,25.59000015258789,25.280000686645508,25.530000686645508,51171500
2019-03-27,25.469999313354492,25.600000381469727,25.299999237060547,25.420000076293945,73148100
2019-03-28,25.469999313354492,25.649999618530273,25.350000381469727,25.639999389648438,52089300
2019-03-29,25.860000610351562,25.8799991607666,25.610000610351562,25.709999084472656,50234400
2019-04-01,25.920000076293945,26.360000610351562,25.90999984741211,26.34000015258789,62485300
2019-04-02,26.270000457763672,26.459999084472656,26.229999542236328,26.31999969482422,41002400
2019-04-03,26.5,26.6200008392334,26.290000915527344,26.399999618530273,52030900
2019-04-04,26.399999618530273,26.670000076293945,26.399999618530273,26.559999465942383,54378900
2019-04-05,26.610000610351562,26.700000762939453,26.520000457763672,26.600000381469727,37088800
2019-04-08,26.530000686645508,26.639999389648438,26.469999313354492,26.6299991607666,34998000
2019-04-09,26.510000228881836,26.510000228881836,26.290000915527344,26.40999984741211,65954800
2019-04-10,26.40999984741211,26.530000686645508,26.280000686645508,26.489999771118164,48232700
2019-04-11,26.59000015258789,26.75,26.510000228881836,26.649999618530273,62205000
2019-04-12,27.040000915527344,27.329999923706055,26.899999618530273,27.139999389648438,84627600
2019-04-15,27.149999618530273,27.15999984741211,26.90999984741211,26.969999313354492,40030400
2019-04-16,27.030000686645508,27.3799991607666,27.010000228881836,27.350000381469727,56093400
2019-04-17,27.450000762939453,27.459999084472656,27.200000762939453,27.420000076293945,58834000
2019-04-18,27.3700008392334,27.450000762939453,27.299999237060547,27.34000015258789,52495700
2019-04-22,27.260000228881836,27.34000015258789,27.170000076293945,27.260000228881836,39324100
2019-04-23,27.25,27.459999084472656,27.139999389648438,27.43000030517578,54250300
2019-04-24,27.34000015258789,27.520000457763672,27.280000686645508,27.399999618530273,39505200
2019-04-25,27.270000457763672,27.559999465942383,27.200000762939453,27.450000762939453,44532300
2019-04-26,27.450000762939453,27.719999313354492,27.40999984741211,27.700000762939453,41527900
2019-04-29,27.799999237060547,28.1299991607666,27.729999542236328,27.979999542236328,61643200
2019-04-30,28.020000457763672,28.059999465942383,27.780000686645508,28.020000457763672,38800300
2019-05-01,28.049999237060547,28.139999389648438,27.770000457763672,27.790000915527344,67969500
2019-05-02,27.770000457763672,27.950000762939453,27.6200008392334,27.81999969482422,50972900
2019-05-03,27.940000534057617,28.1200008392334,27.889999389648438,28.06999969482422,34598900
2019-05-06,27.579999923706055,27.979999542236328,27.530000686645508,27.8799991607666,42517000
2019-05-07,27.6200008392334,27.889999389648438,27.229999542236328,27.420000076293945,60090800
2019-05-08,27.309999465942383,27.59000015258789,27.239999771118164,27.360000610351562,44254200
2019-05-09,27.030000686645508,27.360000610351562,26.899999618530273,27.299999237060547,56468300
2019-05-10,27.149999618530273,27.530000686645508,26.90999984741211,27.479999542236328,63453600
2019-05-13,26.93000030517578,26.989999771118164,26.59000015258789,26.68000030517578,54962500
2019-05-14,26.739999771118164,27.1200008392334,26.709999084472656,26.889999389648438,52398400
2019-05-15,26.6200008392334,26.920000076293945,26.520000457763672,26.790000915527344,49061700
2019-05-16,26.8799991607666,27.209999084472656,26.860000610351562,27.059999465942383,44872600
2019-05-17,26.790000915527344,27.139999389648438,26.75,26.8799991607666,62711500
2019-05-20,26.780000686645508,27.030000686645508,26.780000686645508,26.90999984741211,44357300
2019-05-21,27.020000457763672,27.190000534057617,27.020000457763672,27.190000534057617,36851400
2019-05-22,27.049999237060547,27.110000610351562,26.950000762939453,27.030000686645508,25867600
2019-05-23,26.770000457763672,26.780000686645508,26.420000076293945,26.649999618530273,51832900
2019-05-24,26.75,26.8700008392334,26.670000076293945,26.860000610351562,30582000
2019-05-28,26.780000686645508,26.860000610351562,26.549999237060547,26.549999237060547,35177700
2019-05-29,26.34000015258789,26.549999237060547,26.219999313354492,26.5,39700600
2019-05-30,26.559999465942383,26.709999084472656,26.280000686645508,26.40999984741211,40641200
2019-05-31,26.06999969482422,26.200000762939453,25.989999771118164,26.010000228881836,49259200
2019-06-03,25.969999313354492,26.290000915527344,25.920000076293945,26.18000030517578,63329300
2019-06-04,26.5,26.920000076293945,26.43000030517578,26.889999389648438,45454400
2019-06-05,26.940000534057617,27.079999923706055,26.709999084472656,27.059999465942383,46599700
2019-06-06,27.06999969482422,27.270000457763672,26.920000076293945,27.15999984741211,37297600
2019-06-07,27.15999984741211,27.25,27.079999923706055,27.1200008392334,33054800
2019-06-10,27.280000686645508,27.549999237060547,27.280000686645508,27.350000381469727,37081400
2019-06-11,27.5,27.610000610351562,27.280000686645508,27.360000610351562,34273400
2019-06-12,27.329999923706055,27.3799991607666,27.030000686645508,27.09000015258789,36866000
2019-06-13,27.139999389648438,27.270000457763672,27.06999969482422,27.18000030517578,31020000
2019-06-14,27.209999084472656,27.329999923706055,27.0,27.239999771118164,29724100
2019-06-17,27.229999542236328,27.309999465942383,26.959999084472656,26.989999771118164,40981600
2019-06-18,26.93000030517578,27.459999084472656,26.93000030517578,27.350000381469727,46237400
2019-06-19,27.399999618530273,27.59000015258789,27.270000457763672,27.299999237060547,58118500
2019-06-20,27.450000762939453,27.530000686645508,27.1200008392334,27.420000076293945,50583800
2019-06-21,27.299999237060547,27.479999542236328,27.18000030517578,27.219999313354492,65322300
2019-06-24,27.170000076293945,27.360000610351562,27.079999923706055,27.110000610351562,48377800
2019-06-25,27.110000610351562,27.149999618530273,26.889999389648438,27.020000457763672,47748500
2019-06-26,27.079999923706055,27.209999084472656,26.959999084472656,26.969999313354492,31448000
2019-06-27,27.06999969482422,27.290000915527344,27.06999969482422,27.209999084472656,59459800
2019-06-28,27.530000686645508,27.700000762939453,27.239999771118164,27.600000381469727,76728100
2019-07-01,27.920000076293945,28.049999237060547,27.780000686645508,27.93000030517578,48971100
2019-07-02,27.889999389648438,27.979999542236328,27.709999084472656,27.860000610351562,56626800
2019-07-03,27.950000762939453,28.09000015258789,27.8700008392334,28.079999923706055,23706800
2019-07-05,28.170000076293945,28.270000457763672,28.030000686645508,28.15999984741211,40683100
2019-07-08,28.010000228881836,28.1299991607666,27.940000534057617,28.020000457763672,26286700
2019-07-09,27.829999923706055,28.1200008392334,27.809999465942383,28.06999969482422,25895800
2019-07-10,28.079999923706055,28.229999542236328,27.93000030517578,27.969999313354492,36566700
2019-07-11,28.010000228881836,28.170000076293945,27.959999084472656,28.1299991607666,40907500
2019-07-12,28.170000076293945,28.31999969482422,28.100000381469727,28.31999969482422,31109900
2019-07-15,28.329999923706055,28.350000381469727,28.079999923706055,28.15999984741211,28346100
2019-07-16,28.209999084472656,28.260000228881836,28.030000686645508,28.09000015258789,47287700
2019-07-17,27.989999771118164,28.079999923706055,27.809999465942383,27.850000381469727,35062600
2019-07-18,27.809999465942383,28.110000610351562,27.780000686645508,28.059999465942383,46369800
2019-07-19,28.1299991607666,28.18000030517578,27.920000076293945,27.940000534057617,29338500
2019-07-22,27.8799991607666,28.049999237060547,27.829999923706055,28.0,26683300
2019-07-23,28.06999969482422,28.329999923706055,28.059999465942383,28.290000915527344,45307600
2019-07-24,28.229999542236328,28.579999923706055,28.209999084472656,28.579999923706055,36374200
2019-07-25,28.56999969482422,28.610000610351562,28.31999969482422,28.3799991607666,34180400
2019-07-26,28.440000534057617,28.709999084472656,28.3799991607666,28.690000534057617,33642800
2019-07-29,28.639999389648438,28.719999313354492,28.440000534057617,28.469999313354492,35955100
2019-07-30,28.25,28.420000076293945,28.190000534057617,28.389999389648438,30726100
2019-07-31,28.389999389648438,28.530000686645508,28.200000762939453,28.25,64485400
2019-08-01,28.229999542236328,28.420000076293945,27.56999969482422,27.610000610351562,107976300
2019-08-02,27.559999465942383,27.739999771118164,27.229999542236328,27.600000381469727,66036400
2019-08-05,26.989999771118164,27.1200008392334,26.479999542236328,26.68000030517578,85527900
2019-08-06,26.850000381469727,27.1299991607666,26.59000015258789,27.110000610351562,53445000
2019-08-07,26.600000381469727,26.8700008392334,26.239999771118164,26.75,82354600
2019-08-08,27.010000228881836,27.270000457763672,26.8799991607666,27.260000228881836,66653200
2019-08-09,27.110000610351562,27.309999465942383,26.899999618530273,27.170000076293945,53782700
2019-08-12,26.850000381469727,26.950000762939453,26.56999969482422,26.649999618530273,56837600
2019-08-13,26.600000381469727,27.170000076293945,26.5,26.979999542236328,72255900
2019-08-14,26.3799991607666,26.520000457763672,25.959999084472656,25.979999542236328,92067300
2019-08-15,26.110000610351562,26.280000686645508,25.920000076293945,26.110000610351562,59504500
2019-08-16,26.239999771118164,26.639999389648438,26.239999771118164,26.56999969482422,48451800
2019-08-19,26.979999542236328,27.030000686645508,26.790000915527344,26.84000015258789,38297700
2019-08-20,26.690000534057617,26.739999771118164,26.450000762939453,26.479999542236328,40579300
2019-08-21,26.649999618530273,26.690000534057617,26.530000686645508,26.600000381469727,44913500
2019-08-22,26.739999771118164,26.850000381469727,26.56999969482422,26.780000686645508,43896700
2019-08-23,26.59000015258789,26.790000915527344,25.920000076293945,26.100000381469727,86245300
2019-08-26,26.270000457763672,26.3700008392334,26.110000610351562,26.350000381469727,34175500
2019-08-27,26.450000762939453,26.530000686645508,26.030000686645508,26.190000534057617,54240800
2019-08-28,26.049999237060547,26.469999313354492,26.030000686645508,26.43000030517578,51870400
2019-08-29,26.670000076293945,26.920000076293945,26.6200008392334,26.829999923706055,49818300
2019-08-30,26.979999542236328,27.059999465942383,26.81999969482422,26.920000076293945,40561000
2019-09-03,26.700000762939453,26.729999542236328,26.40999984741211,26.639999389648438,59997200
2019-09-04,26.84000015258789,26.950000762939453,26.780000686645508,26.899999618530273,43945700
2019-09-05,27.280000686645508,27.68000030517578,27.270000457763672,27.450000762939453,68639200
2019-09-06,27.479999542236328,27.559999465942383,27.34000015258789,27.440000534057617,35660800
2019-09-09,27.6299991607666,27.969999313354492,27.56999969482422,27.860000610351562,67797700
2019-09-10,27.950000762939453,28.079999923706055,27.700000762939453,27.959999084472656,77540100
2019-09-11,27.979999542236328,28.149999618530273,27.729999542236328,28.1200008392334,53285900
2019-09-12,28.040000915527344,28.3799991607666,27.950000762939453,28.270000457763672,72872200
2019-09-13,28.489999771118164,28.600000381469727,28.360000610351562,28.489999771118164,56248700
2019-09-16,28.25,28.43000030517578,28.209999084472656,28.389999389648438,36693600
2019-09-17,28.290000915527344,28.420000076293945,28.190000534057617,28.420000076293945,40868800
2019-09-18,28.309999465942383,28.59000015258789,28.229999542236328,28.520000457763672,57268900
2019-09-19,28.5,28.670000076293945,28.3799991607666,28.389999389648438,42335000
2019-09-20,28.290000915527344,28.399999618530273,28.059999465942383,28.079999923706055,82921100
2019-09-23,27.940000534057617,28.209999084472656,27.889999389648438,28.1299991607666,35827300
2019-09-24,28.209999084472656,28.270000457763672,27.780000686645508,27.860000610351562,61659700
2019-09-25,27.920000076293945,28.139999389648438,27.809999465942383,28.09000015258789,53544400
2019-09-26,28.049999237060547,28.079999923706055,27.920000076293945,27.959999084472656,53107500
2019-09-27,28.190000534057617,28.290000915527344,27.920000076293945,28.06999969482422,73386900
2019-09-30,28.139999389648438,28.170000076293945,27.979999542236328,28.0,30608000
2019-10-01,28.1299991607666,28.149999618530273,27.40999984741211,27.40999984741211,54786200
2019-10-02,27.239999771118164,27.25,26.790000915527344,26.850000381469727,78141700
2019-10-03,26.809999465942383,26.959999084472656,26.450000762939453,26.959999084472656,81128700
2019-10-04,26.989999771118164,27.479999542236328,26.969999313354492,27.459999084472656,40697200
2019-10-07,27.350000381469727,27.56999969482422,27.290000915527344,27.31999969482422,36922900
2019-10-08,27.049999237060547,27.059999465942383,26.760000228881836,26.780000686645508,60008900
2019-10-09,26.950000762939453,27.15999984741211,26.93000030517578,27.030000686645508,45131000
2019-10-10,27.100000381469727,27.510000228881836,27.100000381469727,27.309999465942383,54305400
2019-10-11,27.739999771118164,27.989999771118164,27.639999389648438,27.649999618530273,78702500
2019-10-14,27.559999465942383,27.75,27.530000686645508,27.690000534057617,35821000
2019-10-15,27.850000381469727,28.260000228881836,27.739999771118164,28.09000015258789,65130200
2019-10-16,28.09000015258789,28.15999984741211,27.950000762939453,28.020000457763672,44595200
2019-10-17,28.170000076293945,28.25,27.969999313354492,28.040000915527344,32013600
2019-10-18,27.959999084472656,28.219999313354492,27.959999084472656,28.110000610351562,40523700
2019-10-21,28.350000381469727,28.540000915527344,28.34000015258789,28.5,44145400
2019-10-22,28.450000762939453,28.610000610351562,28.329999923706055,28.420000076293945,50423000
2019-10-23,28.360000610351562,28.540000915527344,28.350000381469727,28.540000915527344,30615400
2019-10-24,28.56999969482422,28.6200008392334,28.389999389648438,28.5,33469600
2019-10-25,28.469999313354492,28.729999542236328,28.229999542236328,28.639999389648438,28330200
2019-10-28,28.75,28.920000076293945,28.739999771118164,28.790000915527344,50104600
2019-10-29,28.729999542236328,29.0,28.700000762939453,28.860000610351562,48458100
2019-10-30,28.860000610351562,28.920000076293945,28.639999389648438,28.84000015258789,51106700
2019-10-31,28.739999771118164,28.75,28.469999313354492,28.700000762939453,56795500
2019-11-01,28.920000076293945,29.149999618530273,28.860000610351562,29.1200008392334,42302300
2019-11-04,29.3700008392334,29.420000076293945,29.290000915527344,29.3700008392334,37319100
2019-11-05,29.459999084472656,29.6200008392334,29.40999984741211,29.479999542236328,39516100
2019-11-06,29.459999084472656,29.6299991607666,29.420000076293945,29.6299991607666,40179900
2019-11-07,29.809999465942383,30.030000686645508,29.739999771118164,29.850000381469727,61738600
2019-11-08,29.81999969482422,29.850000381469727,29.639999389648438,29.84000015258789,53808800
2019-11-11,29.65999984741211,29.81999969482422,29.6200008392334,29.760000228881836,19702400
2019-11-12,29.770000457763672,29.889999389648438,29.690000534057617,29.799999237060547,44640600
2019-11-13,29.56999969482422,29.709999084472656,29.450000762939453,29.610000610351562,43495400
2019-11-14,29.530000686645508,29.670000076293945,29.469999313354492,29.670000076293945,46158400
2019-11-15,29.770000457763672,29.799999237060547,29.65999984741211,29.75,30097000
2019-11-18,29.75,29.81999969482422,29.65999984741211,29.809999465942383,25440500
2019-11-19,29.8799991607666,29.969999313354492,29.790000915527344,29.8700008392334,30770900
2019-11-20,29.75,29.809999465942383,29.520000457763672,29.729999542236328,46719500
2019-11-21,29.790000915527344,29.84000015258789,29.600000381469727,29.700000762939453,37192700
2019-11-22,29.739999771118164,29.950000762939453,29.739999771118164,29.920000076293945,35195000
2019-11-25,29.959999084472656,30.149999618530273,29.950000762939453,30.110000610351562,50094100
2019-11-26,30.110000610351562,30.110000610351562,29.93000030517578,30.079999923706055,33516200
2019-11-27,30.15999984741211,30.209999084472656,30.059999465942383,30.200000762939453,31012300
2019-11-29,30.139999389648438,30.239999771118164,30.09000015258789,30.149999618530273,19444200
2019-12-02,30.200000762939453,30.260000228881836,29.93000030517578,29.959999084472656,52427800
2019-12-03,29.610000610351562,29.6200008392334,29.350000381469727,29.540000915527344,66912000
2019-12-04,29.56999969482422,29.899999618530273,29.549999237060547,29.81999969482422,41793900
2019-12-05,29.940000534057617,30.010000228881836,29.829999923706055,29.959999084472656,44933500
2019-12-06,30.290000915527344,30.459999084472656,30.280000686645508,30.360000610351562,40811300
2019-12-09,30.299999237060547,30.420000076293945,30.280000686645508,30.290000915527344,21627500
2019-12-10,30.209999084472656,30.360000610351562,30.1299991607666,30.299999237060547,37362100
2019-12-11,30.290000915527344,30.34000015258789,30.200000762939453,30.229999542236328,24490200
2019-12-12,30.270000457763672,30.90999984741211,30.25,30.81999969482422,68427500
2019-12-13,30.790000915527344,30.969999313354492,30.530000686645508,30.709999084472656,48135700
2019-12-16,30.959999084472656,31.020000457763672,30.790000915527344,30.81999969482422,45914900
2019-12-17,30.84000015258789,31.040000915527344,30.829999923706055,30.940000534057617,30911900
2019-12-18,31.040000915527344,31.040000915527344,30.809999465942383,30.809999465942383,39079700
2019-12-19,30.81999969482422,30.889999389648438,30.770000457763672,30.799999237060547,36946900
2019-12-20,30.799999237060547,30.8799991607666,30.639999389648438,30.68000030517578,97416000
2019-12-23,30.760000228881836,30.770000457763672,30.56999969482422,30.610000610351562,38293100
2019-12-24,30.670000076293945,30.690000534057617,30.600000381469727,30.68000030517578,12315900
2019-12-26,30.709999084472656,30.850000381469727,30.709999084472656,30.850000381469727,15891300
2019-12-27,30.899999618530273,30.90999984741211,30.75,30.770000457763672,19417400
2019-12-30,30.90999984741211,30.959999084472656,30.649999618530273,30.68000030517578,18819300
2019-12-31,30.65999984741211,30.790000915527344,30.6200008392334,30.780000686645508,15788100
2020-01-02,30.889999389648438,31.079999923706055,30.799999237060547,31.079999923706055,28843300
2020-01-03,30.68000030517578,30.8799991607666,30.59000015258789,30.75,51363600
2020-01-06,30.469999313354492,30.75,30.459999084472656,30.729999542236328,27956100
2020-01-07,30.65999984741211,30.709999084472656,30.530000686645508,30.530000686645508,39627500
2020-01-08,30.559999465942383,30.899999618530273,30.559999465942383,30.729999542236328,47966600
2020-01-09,30.950000762939453,30.979999542236328,30.829999923706055,30.920000076293945,27705300
2020-01-10,30.940000534057617,30.950000762939453,30.649999618530273,30.690000534057617,33458200
2020-01-13,30.760000228881836,30.93000030517578,30.68000030517578,30.899999618530273,27542700
2020-01-14,30.899999618530273,31.079999923706055,30.799999237060547,30.84000015258789,37575400
2020-01-15,30.690000534057617,30.790000915527344,30.56999969482422,30.670000076293945,41457300
2020-01-16,30.81999969482422,30.940000534057617,30.75,30.940000534057617,34444000
2020-01-17,31.030000686645508,31.100000381469727,30.90999984741211,31.030000686645508,38819400
2020-01-21,30.8799991607666,31.020000457763672,30.770000457763672,30.770000457763672,41276500
2020-01-22,30.8700008392334,30.940000534057617,30.81999969482422,30.860000610351562,27391000
2020-01-23,30.700000762939453,30.850000381469727,30.489999771118164,30.780000686645508,43072300
2020-01-24,30.790000915527344,30.790000915527344,30.200000762939453,30.389999389648438,58924900
2020-01-27,29.790000915527344,30.059999465942383,29.75,29.920000076293945,50289300
2020-01-28,30.079999923706055,30.399999618530273,30.030000686645508,30.270000457763672,34257900
2020-01-29,30.3700008392334,30.479999542236328,30.170000076293945,30.219999313354492,41167500
2020-01-30,29.950000762939453,30.6200008392334,29.93000030517578,30.600000381469727,51210000
2020-01-31,30.34000015258789,30.3799991607666,29.850000381469727,29.959999084472656,58958800
2020-02-03,30.170000076293945,30.469999313354492,30.149999618530273,30.170000076293945,40168200
2020-02-04,30.579999923706055,30.75,30.450000762939453,30.459999084472656,79273300
2020-02-05,30.8700008392334,31.100000381469727,30.799999237060547,31.06999969482422,51086900
2020-02-06,31.239999771118164,31.270000457763672,30.969999313354492,31.030000686645508,37044400
2020-02-07,30.860000610351562,31.010000228881836,30.790000915527344,30.920000076293945,27982500
2020-02-10,30.81999969482422,31.010000228881836,30.809999465942383,31.010000228881836,17723700
2020-02-11,31.09000015258789,31.260000228881836,31.09000015258789,31.1200008392334,27997400
2020-02-12,31.280000686645508,31.3799991607666,31.100000381469727,31.139999389648438,26964200
2020-02-13,31.040000915527344,31.200000762939453,30.950000762939453,31.1299991607666,22758700
2020-02-14,31.100000381469727,31.190000534057617,31.020000457763672,31.170000076293945,22080200
2020-02-18,31.079999923706055,31.15999984741211,30.719999313354492,30.899999618530273,37768900
2020-02-19,31.010000228881836,31.209999084472656,30.969999313354492,31.1299991607666,25643300
2020-02-20,31.020000457763672,31.280000686645508,30.860000610351562,31.06999969482422,50344300
2020-02-21,30.920000076293945,30.989999771118164,30.600000381469727,30.770000457763672,51128200
2020-02-24,29.799999237060547,30.059999465942383,29.6299991607666,29.770000457763672,70455400
2020-02-25,29.780000686645508,29.84000015258789,28.6200008392334,28.760000228881836,111826900
2020-02-26,28.950000762939453,29.219999313354492,28.549999237060547,28.549999237060547,95015700
2020-02-27,27.940000534057617,28.389999389648438,27.309999465942383,27.329999923706055,143536200
2020-02-28,26.399999618530273,26.850000381469727,25.969999313354492,26.59000015258789,192063500
2020-03-02,26.639999389648438,27.950000762939453,26.360000610351562,27.950000762939453,127115500
2020-03-03,27.860000610351562,28.25,26.6299991607666,26.899999618530273,256525000
2020-03-04,27.260000228881836,27.799999237060547,26.799999237060547,27.790000915527344,124408000
2020-03-05,26.8700008392334,26.940000534057617,26.149999618530273,26.450000762939453,130265700
2020-03-06,25.25,25.84000015258789,25.030000686645508,25.549999237060547,160606600
2020-03-09,23.0,23.8799991607666,22.520000457763672,22.809999465942383,134165700
2020-03-10,23.8700008392334,24.170000076293945,22.84000015258789,24.149999618530273,149282300
2020-03-11,23.40999984741211,23.649999618530273,22.520000457763672,22.84000015258789,146915400
2020-03-12,20.940000534057617,22.209999084472656,20.299999237060547,20.3700008392334,161437500
2020-03-13,21.899999618530273,23.09000015258789,20.899999618530273,23.049999237060547,160945700
2020-03-16,19.350000381469727,21.34000015258789,18.93000030517578,19.889999389648438,110661600
2020-03-17,20.350000381469727,21.190000534057617,19.540000915527344,20.969999313354492,122295100
2020-03-18,19.649999618530273,20.049999237060547,18.280000686645508,19.190000534057617,145056400
2020-03-19,18.790000915527344,19.889999389648438,18.110000610351562,19.610000610351562,105652800
2020-03-20,19.81999969482422,19.920000076293945,18.670000076293945,18.90999984741211,157840900
2020-03-23,18.440000534057617,18.600000381469727,17.489999771118164,17.65999984741211,144547900
2020-03-24,18.709999084472656,19.959999084472656,18.579999923706055,19.850000381469727,158551100
2020-03-25,20.139999389648438,21.229999542236328,19.389999389648438,20.389999389648438,162949600
2020-03-26,20.65999984741211,21.81999969482422,20.6299991607666,21.670000076293945,129753900
2020-03-27,20.790000915527344,21.670000076293945,20.549999237060547,21.010000228881836,109305600
2020-03-30,21.040000915527344,21.530000686645508,20.600000381469727,21.40999984741211,67297200
2020-03-31,21.209999084472656,21.450000762939453,20.639999389648438,20.81999969482422,83819900
2020-04-01,19.719999313354492,19.940000534057617,19.3700008392334,19.549999237060547,79185000
2020-04-02,19.43000030517578,20.200000762939453,19.360000610351562,20.040000915527344,68398300
2020-04-03,19.850000381469727,20.139999389648438,19.360000610351562,19.639999389648438,68418100
2020-04-06,20.6200008392334,21.219999313354492,20.469999313354492,21.049999237060547,69015100
2020-04-07,22.200000762939453,22.219999313354492,21.25,21.260000228881836,70950900
2020-04-08,21.579999923706055,22.329999923706055,21.34000015258789,22.190000534057617,80003400
2020-04-09,22.770000457763672,23.65999984741211,22.729999542236328,23.3799991607666,147845500
2020-04-13,23.309999465942383,23.329999923706055,22.329999923706055,22.530000686645508,66236300
2020-04-14,23.06999969482422,23.139999389648438,22.209999084472656,22.6299991607666,96169000
2020-04-15,21.729999542236328,21.860000610351562,21.540000915527344,21.649999618530273,63482000
2020-04-16,21.600000381469727,21.639999389648438,21.059999465942383,21.270000457763672,68907600
2020-04-17,22.100000381469727,22.520000457763672,21.920000076293945,22.389999389648438,88698600
2020-04-20,21.950000762939453,22.360000610351562,21.75,22.0,59063100
2020-04-21,21.329999923706055,21.709999084472656,21.209999084472656,21.290000915527344,71957900
2020-04-22,21.729999542236328,21.790000915527344,21.469999313354492,21.520000457763672,47507800
2020-04-23,21.579999923706055,21.860000610351562,21.399999618530273,21.43000030517578,71740200
2020-04-24,21.65999984741211,21.829999923706055,21.329999923706055,21.739999771118164,33825300
2020-04-27,21.959999084472656,22.600000381469727,21.920000076293945,22.479999542236328,109435100
2020-04-28,23.15999984741211,23.329999923706055,22.670000076293945,22.719999313354492,46452300
2020-04-29,23.420000076293945,23.65999984741211,23.18000030517578,23.3799991607666,70064400
2020-04-30,22.90999984741211,23.15999984741211,22.68000030517578,22.790000915527344,56745700
2020-05-01,22.25,22.309999465942383,21.90999984741211,22.059999465942383,37534300
2020-05-04,21.770000457763672,21.889999389648438,21.440000534057617,21.860000610351562,50177200
2020-05-05,22.15999984741211,22.280000686645508,21.790000915527344,21.790000915527344,65123000
2020-05-06,21.989999771118164,22.049999237060547,21.299999237060547,21.31999969482422,63738400
2020-05-07,21.600000381469727,22.18000030517578,21.600000381469727,21.81999969482422,61339000
2020-05-08,22.239999771118164,22.31999969482422,22.010000228881836,22.290000915527344,42218300
2020-05-11,21.979999542236328,22.049999237060547,21.739999771118164,21.860000610351562,54994900
2020-05-12,21.950000762939453,22.030000686645508,21.270000457763672,21.290000915527344,62202700
2020-05-13,21.110000610351562,21.139999389648438,20.5,20.65999984741211,86848300
2020-05-14,20.299999237060547,21.209999084472656,20.09000015258789,21.190000534057617,103763100
2020-05-15,20.989999771118164,21.229999542236328,20.799999237060547,21.049999237060547,70285000
2020-05-18,21.829999923706055,22.299999237060547,21.68000030517578,22.1299991607666,79548500
2020-05-19,22.0,22.110000610351562,21.579999923706055,21.59000015258789,56673200
2020-05-20,21.950000762939453,22.200000762939453,21.93000030517578,22.06999969482422,50402600
2020-05-21,22.0,22.209999084472656,21.8799991607666,22.0,49939900
2020-05-22,21.989999771118164,22.020000457763672,21.700000762939453,21.920000076293945,37584500
2020-05-26,22.75,23.299999237060547,22.729999542236328,23.059999465942383,108349200
2020-05-27,24.09000015258789,24.100000381469727,23.540000915527344,24.059999465942383,121521200
2020-05-28,24.329999923706055,24.34000015258789,23.610000610351562,23.68000030517578,101590100
2020-05-29,23.399999618530273,23.6200008392334,23.170000076293945,23.40999984741211,86969000
2020-06-01,23.5,23.790000915527344,23.34000015258789,23.68000030517578,52619200
2020-06-02,23.889999389648438,24.040000915527344,23.700000762939453,23.8700008392334,52572800
2020-06-03,24.399999618530273,24.8700008392334,24.34000015258789,24.760000228881836,77622900
2020-06-04,24.719999313354492,25.299999237060547,24.520000457763672,25.299999237060547,97575100
2020-06-05,26.780000686645508,26.829999923706055,26.149999618530273,26.239999771118164,135859300
2020-06-08,26.670000076293945,26.799999237060547,26.3700008392334,26.739999771118164,80298400
2020-06-09,26.110000610351562,26.399999618530273,25.920000076293945,26.170000076293945,92833100
2020-06-10,26.020000457763672,26.15999984741211,25.170000076293945,25.190000534057617,110848900
2020-06-11,24.0,24.360000610351562,23.09000015258789,23.1299991607666,233116600
2020-06-12,24.059999465942383,24.059999465942383,23.219999313354492,23.829999923706055,127502900
2020-06-15,23.010000228881836,24.239999771118164,22.959999084472656,24.15999984741211,92469500
2020-06-16,25.1200008392334,25.1200008392334,23.950000762939453,24.540000915527344,108121300
2020-06-17,24.610000610351562,24.610000610351562,24.1299991607666,24.170000076293945,56320900
2020-06-18,23.93000030517578,24.3700008392334,23.860000610351562,24.139999389648438,61206500
2020-06-19,24.600000381469727,24.610000610351562,23.709999084472656,23.979999542236328,99903900
2020-06-22,23.68000030517578,23.8799991607666,23.530000686645508,23.709999084472656,47929500
2020-06-23,24.06999969482422,24.219999313354492,23.799999237060547,23.81999969482422,47218900
2020-06-24,23.510000228881836,23.520000457763672,22.90999984741211,22.979999542236328,90217500
2020-06-25,22.899999618530273,23.639999389648438,22.860000610351562,23.59000015258789,110208900
2020-06-26,23.190000534057617,23.260000228881836,22.520000457763672,22.579999923706055,123959100
2020-06-29,22.81999969482422,22.979999542236328,22.6299991607666,22.829999923706055,69107100
2020-06-30,22.709999084472656,23.299999237060547,22.690000534057617,23.139999389648438,60653100
2020-07-01,23.239999771118164,23.350000381469727,22.8700008392334,22.940000534057617,60500300
2020-07-02,23.450000762939453,23.530000686645508,22.920000076293945,22.969999313354492,50841900
2020-07-06,23.479999542236328,23.65999984741211,23.280000686645508,23.40999984741211,60271700
2020-07-07,23.219999313354492,23.229999542236328,22.8700008392334,22.93000030517578,43810900
2020-07-08,22.920000076293945,23.229999542236328,22.84000015258789,23.170000076293945,53046100
2020-07-09,23.15999984741211,23.209999084472656,22.489999771118164,22.68000030517578,71163700
2020-07-10,22.670000076293945,23.489999771118164,22.670000076293945,23.459999084472656,94440600
2020-07-13,23.760000228881836,23.90999984741211,23.420000076293945,23.559999465942383,102487100
2020-07-14,23.459999084472656,23.75,23.25,23.68000030517578,102468300
2020-07-15,24.25,24.260000228881836,23.889999389648438,24.149999618530273,90561800
2020-07-16,23.940000534057617,24.399999618530273,23.850000381469727,24.149999618530273,74678500
2020-07-17,24.200000762939453,24.219999313354492,23.940000534057617,23.950000762939453,47033200
2020-07-20,23.81999969482422,23.979999542236328,23.75,23.84000015258789,40127600
2020-07-21,24.0,24.43000030517578,23.969999313354492,24.309999465942383,46491300
2020-07-22,24.190000534057617,24.329999923706055,24.110000610351562,24.309999465942383,44437400
2020-07-23,24.260000228881836,24.469999313354492,24.18000030517578,24.329999923706055,49916100
2020-07-24,24.350000381469727,24.479999542236328,24.190000534057617,24.270000457763672,41245600
2020-07-27,24.15999984741211,24.18000030517578,23.860000610351562,24.06999969482422,43060200
2020-07-28,23.979999542236328,24.1200008392334,23.899999618530273,24.010000228881836,35370500
2020-07-29,23.969999313354492,24.489999771118164,23.93000030517578,24.459999084472656,36491600
2020-07-30,24.0,24.06999969482422,23.709999084472656,24.020000457763672,53994600
2020-07-31,24.010000228881836,24.059999465942383,23.709999084472656,24.030000686645508,50115900
2020-08-03,24.1299991607666,24.290000915527344,23.959999084472656,24.100000381469727,42982100
2020-08-04,24.0,24.040000915527344,23.8700008392334,24.0,30754400
2020-08-05,24.15999984741211,24.389999389648438,24.1299991607666,24.329999923706055,34860700
2020-08-06,24.25,24.420000076293945,24.149999618530273,24.31999969482422,33115400
2020-08-07,24.200000762939453,24.860000610351562,24.149999618530273,24.84000015258789,63302800
2020-08-10,24.979999542236328,25.110000610351562,24.8700008392334,25.020000457763672,45436100
2020-08-11,25.489999771118164,25.719999313354492,25.25,25.309999465942383,73758600
2020-08-12,25.760000228881836,25.770000457763672,25.059999465942383,25.239999771118164,58793600
2020-08-13,25.049999237060547,25.260000228881836,24.93000030517578,25.079999923706055,35222500
2020-08-14,24.959999084472656,25.299999237060547,24.93000030517578,25.18000030517578,28276900
2020-08-17,25.09000015258789,25.110000610351562,24.75,24.760000228881836,53397000
2020-08-18,24.780000686645508,24.84000015258789,24.579999923706055,24.600000381469727,35502500
2020-08-19,24.690000534057617,24.940000534057617,24.520000457763672,24.59000015258789,59847200
2020-08-20,24.309999465942383,24.5,24.290000915527344,24.360000610351562,45586100
2020-08-21,24.31999969482422,24.530000686645508,24.229999542236328,24.309999465942383,35349200
2020-08-24,24.450000762939453,24.889999389648438,24.389999389648438,24.889999389648438,51010900
2020-08-25,25.100000381469727,25.170000076293945,24.799999237060547,24.959999084472656,55236900
2020-08-26,24.899999618530273,24.959999084472656,24.75,24.84000015258789,30646600
2020-08-27,24.81999969482422,25.3799991607666,24.81999969482422,25.260000228881836,66463900
2020-08-28,25.440000534057617,25.450000762939453,25.149999618530273,25.360000610351562,49170600
2020-08-31,25.34000015258789,25.34000015258789,25.059999465942383,25.059999465942383,52259000
2020-09-01,24.93000030517578,25.219999313354492,24.850000381469727,25.1299991607666,42036100
2020-09-02,25.1200008392334,25.579999923706055,25.049999237060547,25.489999771118164,48432500
2020-09-03,25.639999389648438,26.010000228881836,24.940000534057617,25.100000381469727,98405500
2020-09-04,25.549999237060547,25.690000534057617,24.889999389648438,25.290000915527344,111105500
2020-09-08,25.040000915527344,25.100000381469727,24.549999237060547,24.639999389648438,84687600
2020-09-09,24.8700008392334,25.06999969482422,24.709999084472656,24.889999389648438,52321200
2020-09-10,24.969999313354492,25.139999389648438,24.489999771118164,24.540000915527344,55515300
2020-09-11,24.579999923706055,24.84000015258789,24.5,24.709999084472656,69285700
2020-09-14,24.93000030517578,25.270000457763672,24.860000610351562,25.049999237060547,51021000
2020-09-15,25.100000381469727,25.1200008392334,24.690000534057617,24.709999084472656,48459900
2020-09-16,24.760000228881836,25.270000457763672,24.709999084472656,24.989999771118164,62119900
2020-09-17,24.649999618530273,24.8799991607666,24.579999923706055,24.729999542236328,47334200
2020-09-18,24.729999542236328,24.93000030517578,24.6299991607666,24.68000030517578,61707200
2020-09-21,24.030000686645508,24.170000076293945,23.559999465942383,23.93000030517578,72307300
2020-09-22,23.8700008392334,24.100000381469727,23.530000686645508,23.729999542236328,84561500
2020-09-23,23.780000686645508,23.950000762939453,23.200000762939453,23.200000762939453,54282500
2020-09-24,23.209999084472656,23.579999923706055,22.940000534057617,23.25,56512300
2020-09-25,23.079999923706055,23.56999969482422,23.030000686645508,23.489999771118164,46026600
2020-09-28,23.81999969482422,24.219999313354492,23.81999969482422,24.049999237060547,62803500
2020-09-29,23.979999542236328,24.020000457763672,23.6200008392334,23.75,53250800
2020-09-30,23.850000381469727,24.270000457763672,23.84000015258789,24.06999969482422,66732200
2020-10-01,24.170000076293945,24.329999923706055,23.920000076293945,24.110000610351562,65766100
2020-10-02,23.790000915527344,24.440000534057617,23.729999542236328,24.299999237060547,63368100
2020-10-05,24.530000686645508,24.780000686645508,24.469999313354492,24.700000762939453,58911700
2020-10-06,24.90999984741211,25.079999923706055,24.360000610351562,24.450000762939453,88404900
2020-10-07,24.68000030517578,24.979999542236328,24.68000030517578,24.860000610351562,53815200
2020-10-08,25.0,25.260000228881836,24.940000534057617,25.200000762939453,57646300
2020-10-09,25.34000015258789,25.3700008392334,25.030000686645508,25.229999542236328,52031600
2020-10-12,25.209999084472656,25.59000015258789,25.209999084472656,25.510000228881836,45931400
2020-10-13,25.43000030517578,25.510000228881836,24.940000534057617,25.020000457763672,60377800
2020-10-14,25.040000915527344,25.1299991607666,24.75,24.780000686645508,48982200
2020-10-15,24.549999237060547,24.979999542236328,24.510000228881836,24.969999313354492,41637200
2020-10-16,25.020000457763672,25.149999618530273,24.8700008392334,24.989999771118164,40103600
2020-10-19,25.079999923706055,25.09000015258789,24.56999969482422,24.610000610351562,42989000
2020-10-20,24.770000457763672,25.100000381469727,24.760000228881836,24.809999465942383,67293900
2020-10-21,24.770000457763672,24.93000030517578,24.68000030517578,24.68000030517578,44307200
2020-10-22,24.670000076293945,25.200000762939453,24.65999984741211,25.170000076293945,39511800
2020-10-23,25.329999923706055,25.40999984741211,25.049999237060547,25.25,45092700
2020-10-26,24.889999389648438,24.93000030517578,24.450000762939453,24.68000030517578,54015100
2020-10-27,24.670000076293945,24.670000076293945,24.209999084472656,24.229999542236328,46083300
2020-10-28,23.719999313354492,23.93000030517578,23.469999313354492,23.610000610351562,89288300
2020-10-29,23.549999237060547,23.959999084472656,23.25,23.790000915527344,60908400
2020-10-30,23.649999618530273,23.899999618530273,23.469999313354492,23.860000610351562,66221600
2020-11-02,24.260000228881836,24.420000076293945,23.959999084472656,24.309999465942383,65136000
2020-11-03,24.760000228881836,25.100000381469727,24.729999542236328,24.850000381469727,79834200
2020-11-04,24.40999984741211,25.0,24.190000534057617,24.559999465942383,87397400
2020-11-05,24.770000457763672,25.34000015258789,24.770000457763672,25.15999984741211,65942300
2020-11-06,25.280000686645508,25.309999465942383,24.8799991607666,24.959999084472656,60783500
2020-11-09,26.979999542236328,27.440000534057617,26.65999984741211,27.010000228881836,162966800
2020-11-10,27.040000915527344,27.25,26.790000915527344,27.149999618530273,85851200
2020-11-11,27.299999237060547,27.31999969482422,26.8799991607666,27.040000915527344,65062400
2020-11-12,26.709999084472656,26.770000457763672,26.350000381469727,26.59000015258789,62733800
2020-11-13,26.84000015258789,27.139999389648438,26.770000457763672,27.030000686645508,45031800
2020-11-16,27.709999084472656,27.729999542236328,27.360000610351562,27.6299991607666,67556100
2020-11-17,27.31999969482422,27.639999389648438,27.1299991607666,27.59000015258789,63679700
2020-11-18,27.719999313354492,27.940000534057617,27.31999969482422,27.329999923706055,71578400
2020-11-19,27.190000534057617,27.450000762939453,27.020000457763672,27.420000076293945,47194800
2020-11-20,27.280000686645508,27.389999389648438,27.1200008392334,27.18000030517578,39974700
2020-11-23,27.530000686645508,27.770000457763672,27.389999389648438,27.690000534057617,51870500
2020-11-24,28.170000076293945,28.690000534057617,28.100000381469727,28.65999984741211,60983200
2020-11-25,28.5,28.579999923706055,28.219999313354492,28.559999465942383,45204600
2020-11-27,28.559999465942383,28.59000015258789,28.360000610351562,28.469999313354492,26981200
2020-11-30,28.299999237060547,28.3799991607666,27.829999923706055,27.8799991607666,72524200
2020-12-01,28.399999618530273,28.56999969482422,28.290000915527344,28.309999465942383,53972100
2020-12-02,28.270000457763672,28.670000076293945,28.219999313354492,28.6200008392334,57471800
2020-12-03,28.639999389648438,28.799999237060547,28.459999084472656,28.6299991607666,49566000
2020-12-04,28.81999969482422,29.030000686645508,28.799999237060547,28.979999542236328,52713100
2020-12-07,28.809999465942383,28.860000610351562,28.610000610351562,28.780000686645508,34631600
2020-12-08,28.510000228881836,28.84000015258789,28.510000228881836,28.770000457763672,31628500
2020-12-09,28.93000030517578,28.950000762939453,28.59000015258789,28.700000762939453,47589600
2020-12-10,28.479999542236328,28.780000686645508,28.389999389648438,28.75,41298300
2020-12-11,28.43000030517578,28.530000686645508,28.229999542236328,28.459999084472656,48216300
2020-12-14,28.84000015258789,28.84000015258789,28.110000610351562,28.1299991607666,38302900
2020-12-15,28.350000381469727,28.690000534057617,28.190000534057617,28.610000610351562,38604200
2020-12-16,28.65999984741211,28.68000030517578,28.520000457763672,28.65999984741211,55602800
2020-12-17,28.709999084472656,28.790000915527344,28.579999923706055,28.739999771118164,38510900
2020-12-18,28.780000686645508,28.780000686645508,28.31999969482422,28.489999771118164,56080100
2020-12-21,28.670000076293945,28.860000610351562,28.229999542236328,28.719999313354492,77688100
2020-12-22,28.739999771118164,28.780000686645508,28.420000076293945,28.440000534057617,42317900
2020-12-23,28.610000610351562,29.06999969482422,28.600000381469727,28.90999984741211,52681400
2020-12-24,28.969999313354492,28.979999542236328,28.709999084472656,28.950000762939453,16071000
2020-12-28,29.149999618530273,29.31999969482422,28.989999771118164,29.09000015258789,32824800
2020-12-29,29.209999084472656,29.219999313354492,28.959999084472656,28.989999771118164,23607000
2020-12-30,29.09000015258789,29.209999084472656,29.020000457763672,29.1200008392334,16616700
2020-12-31,29.079999923706055,29.520000457763672,29.0,29.479999542236328,26239300
2021-01-04,29.59000015258789,29.600000381469727,28.829999923706055,29.079999923706055,47086300
2021-01-05,29.06999969482422,29.34000015258789,28.920000076293945,29.209999084472656,35265400
2021-01-06,29.770000457763672,30.739999771118164,29.770000457763672,30.5,102254900
2021-01-07,30.950000762939453,31.260000228881836,30.8799991607666,30.940000534057617,64342700
2021-01-08,31.09000015258789,31.100000381469727,30.510000228881836,30.920000076293945,54266400
2021-01-11,30.6200008392334,31.06999969482422,30.489999771118164,31.020000457763672,56590400
2021-01-12,31.200000762939453,31.489999771118164,31.110000610351562,31.34000015258789,60546600
2021-01-13,31.290000915527344,31.399999618530273,31.09000015258789,31.31999969482422,55394700
2021-01-14,31.40999984741211,31.6200008392334,31.290000915527344,31.459999084472656,49828800
2021-01-15,31.0,31.190000534057617,30.709999084472656,30.940000534057617,68732700
2021-01-19,31.100000381469727,31.18000030517578,30.829999923706055,31.020000457763672,97457200
2021-01-20,31.1200008392334,31.1200008392334,30.780000686645508,30.889999389648438,56113100
2021-01-21,30.8700008392334,30.93000030517578,30.559999465942383,30.559999465942383,43713800
2021-01-22,30.25,30.459999084472656,30.200000762939453,30.34000015258789,37928000
2021-01-25,30.040000915527344,30.15999984741211,29.739999771118164,30.1200008392334,68321500
2021-01-26,30.239999771118164,30.280000686645508,29.860000610351562,29.8799991607666,55504600
2021-01-27,29.469999313354492,29.5,28.940000534057617,29.0,84059200
2021-01-28,29.3700008392334,29.8799991607666,29.280000686645508,29.540000915527344,62985900
2021-01-29,29.459999084472656,29.540000915527344,28.81999969482422,28.950000762939453,78260700
2021-02-01,29.270000457763672,29.3700008392334,29.020000457763672,29.329999923706055,41947400
2021-02-02,29.670000076293945,30.190000534057617,29.65999984741211,30.040000915527344,54263000
2021-02-03,30.0,30.219999313354492,29.940000534057617,30.209999084472656,46195200
2021-02-04,30.309999465942383,30.889999389648438,30.299999237060547,30.8799991607666,63061800
2021-02-05,31.100000381469727,31.1299991607666,30.81999969482422,30.889999389648438,38461900
2021-02-08,30.989999771118164,31.290000915527344,30.989999771118164,31.290000915527344,48756300
2021-02-09,31.190000534057617,31.399999618530273,31.079999923706055,31.299999237060547,33572000
2021-02-10,31.459999084472656,31.5,31.149999618530273,31.299999237060547,38899600
2021-02-11,31.31999969482422,31.440000534057617,30.989999771118164,31.200000762939453,31909500
2021-02-12,31.170000076293945,31.549999237060547,31.139999389648438,31.520000457763672,38271800
2021-02-16,31.84000015258789,32.209999084472656,31.700000762939453,32.060001373291016,71330600
2021-02-17,31.959999084472656,32.2599983215332,31.850000381469727,32.220001220703125,60460900
2021-02-18,31.989999771118164,32.20000076293945,31.770000457763672,32.029998779296875,45188200
2021-02-19,32.2400016784668,32.52000045776367,32.20000076293945,32.40999984741211,54361800
2021-02-22,32.29999923706055,32.83000183105469,32.290000915527344,32.709999084472656,65930200
2021-02-23,32.939998626708984,32.95000076293945,32.56999969482422,32.90999984741211,94331400
2021-02-24,32.959999084472656,33.63999938964844,32.939998626708984,33.54999923706055,66000600
2021-02-25,33.81999969482422,33.84000015258789,32.849998474121094,32.939998626708984,92189400
2021-02-26,32.88999938964844,32.9900016784668,32.189998626708984,32.310001373291016,103105700
2021-03-01,32.86000061035156,33.52000045776367,32.86000061035156,33.31999969482422,67590700
2021-03-02,33.279998779296875,33.470001220703125,33.16999816894531,33.20000076293945,49987000
2021-03-03,33.33000183105469,33.959999084472656,33.290000915527344,33.459999084472656,72541700
2021-03-04,33.369998931884766,33.689998626708984,32.599998474121094,33.08000183105469,101311800
2021-03-05,33.63999938964844,33.79999923706055,32.779998779296875,33.709999084472656,109299800
2021-03-08,33.959999084472656,34.58000183105469,33.81999969482422,34.13999938964844,90538200
2021-03-09,33.869998931884766,34.33000183105469,33.52000045776367,33.83000183105469,117224600
2021-03-10,33.9900016784668,34.650001525878906,33.93000030517578,34.52000045776367,73269300
2021-03-11,34.34000015258789,34.689998626708984,34.13999938964844,34.41999816894531,50904800
2021-03-12,34.81999969482422,34.95000076293945,34.65999984741211,34.77000045776367,68126000
2021-03-15,34.900001525878906,34.90999984741211,34.25,34.56999969482422,57836400
2021-03-16,34.38999938964844,34.43000030517578,33.939998626708984,34.209999084472656,67373600
2021-03-17,34.459999084472656,34.63999938964844,34.08000183105469,34.439998626708984,64051100
2021-03-18,34.790000915527344,35.290000915527344,34.5,34.619998931884766,96690500
2021-03-19,34.349998474121094,34.380001068115234,33.86000061035156,34.220001220703125,98510500
2021-03-22,33.81999969482422,33.88999938964844,33.5099983215332,33.630001068115234,68170600
2021-03-23,33.43000030517578,33.65999984741211,33.040000915527344,33.15999984741211,70441900
2021-03-24,33.400001525878906,33.79999923706055,33.279998779296875,33.279998779296875,63357100
2021-03-25,33.2599983215332,33.88999938964844,33.0,33.84000015258789,60532600
2021-03-26,34.189998626708984,34.43000030517578,33.95000076293945,34.369998931884766,53779900
2021-03-29,33.88999938964844,34.290000915527344,33.720001220703125,34.06999969482422,71777800
2021-03-30,34.25,34.470001220703125,34.209999084472656,34.310001373291016,55011400
2021-03-31,34.2400016784668,34.380001068115234,34.029998779296875,34.04999923706055,51138300
2021-04-01,34.0,34.470001220703125,34.0,34.470001220703125,51690100
2021-04-05,34.84000015258789,34.90999984741211,34.630001068115234,34.7400016784668,51790700
2021-04-06,34.65999984741211,34.83000183105469,34.54999923706055,34.66999816894531,41336800
2021-04-07,34.77000045776367,34.91999816894531,34.599998474121094,34.84000015258789,38660800
2021-04-08,34.709999084472656,34.88999938964844,34.470001220703125,34.849998474121094,39927400
2021-04-09,35.09000015258789,35.16999816894531,34.88999938964844,35.150001525878906,40133700
2021-04-12,35.220001220703125,35.310001373291016,35.13999938964844,35.29999923706055,44435500
2021-04-13,35.099998474121094,35.13999938964844,34.779998779296875,34.970001220703125,39950900
2021-04-14,34.880001068115234,35.43000030517578,34.83000183105469,35.18000030517578,44065300
2021-04-15,35.2599983215332,35.29999923706055,34.81999969482422,35.150001525878906,55483500
2021-04-16,35.459999084472656,35.529998779296875,35.2400016784668,35.400001525878906,39115700
2021-04-19,35.38999938964844,35.4900016784668,35.18000030517578,35.29999923706055,31172300
2021-04-20,35.09000015258789,35.11000061035156,34.52000045776367,34.63999938964844,50227700
2021-04-21,34.52000045776367,35.150001525878906,34.41999816894531,35.119998931884766,39680000
2021-04-22,35.08000183105469,35.130001068115234,34.66999816894531,34.72999954223633,43611200
2021-04-23,34.72999954223633,35.529998779296875,34.66999816894531,35.380001068115234,50437700
2021-04-26,35.5099983215332,35.849998474121094,35.47999954223633,35.52000045776367,43749700
2021-04-27,35.56999969482422,35.849998474121094,35.4900016784668,35.79999923706055,50852400
2021-04-28,35.939998626708984,36.040000915527344,35.83000183105469,35.939998626708984,35771700
2021-04-29,36.220001220703125,36.61000061035156,36.189998626708984,36.58000183105469,48573000
2021-04-30,36.380001068115234,36.5099983215332,36.20000076293945,36.2599983215332,43940900
2021-05-03,36.56999969482422,36.63999938964844,36.29999923706055,36.439998626708984,33317300
2021-05-04,36.279998779296875,36.72999954223633,36.040000915527344,36.72999954223633,66939700
2021-05-05,36.84000015258789,37.16999816894531,36.84000015258789,37.029998779296875,38954200
2021-05-06,37.18000030517578,37.59000015258789,36.959999084472656,37.58000183105469,43332900
2021-05-07,37.150001525878906,37.790000915527344,37.060001373291016,37.779998779296875,64616700
2021-05-10,37.97999954223633,38.2599983215332,37.720001220703125,37.75,56341100
2021-05-11,37.369998931884766,37.709999084472656,36.939998626708984,37.08000183105469,82723700
2021-05-12,37.369998931884766,37.5099983215332,36.54999923706055,36.70000076293945,97911900
2021-05-13,36.560001373291016,37.52000045776367,36.540000915527344,37.290000915527344,66882600
2021-05-14,37.5,37.97999954223633,37.459999084472656,37.880001068115234,44850200
2021-05-17,37.7599983215332,37.9900016784668,37.61000061035156,37.95000076293945,40376700
2021-05-18,37.91999816894531,38.04999923706055,37.400001525878906,37.41999816894531,40299200
2021-05-19,36.9900016784668,37.209999084472656,36.59000015258789,37.189998626708984,63573900
2021-05-20,37.25,37.470001220703125,36.95000076293945,37.209999084472656,59216100
2021-05-21,37.36000061035156,37.779998779296875,37.34000015258789,37.58000183105469,44950300
2021-05-24,37.7400016784668,37.849998474121094,37.54999923706055,37.7599983215332,29159600
2021-05-25,37.810001373291016,38.099998474121094,37.33000183105469,37.380001068115234,38755900
2021-05-26,37.52000045776367,37.65999984741211,37.220001220703125,37.4900016784668,38601900
2021-05-27,37.83000183105469,38.02000045776367,37.61000061035156,37.91999816894531,39789500
2021-05-28,38.09000015258789,38.09000015258789,37.709999084472656,37.9900016784668,39265000
2021-06-01,38.369998931884766,38.47999954223633,38.119998931884766,38.220001220703125,35710700
2021-06-02,38.34000015258789,38.380001068115234,38.06999969482422,38.279998779296875,37537500
2021-06-03,38.15999984741211,38.599998474121094,38.040000915527344,38.369998931884766,54877500
2021-06-04,38.41999816894531,38.5,38.130001068115234,38.470001220703125,27250900
2021-06-07,38.529998779296875,38.529998779296875,38.150001525878906,38.220001220703125,37401800
2021-06-08,38.0099983215332,38.2400016784668,37.72999954223633,38.119998931884766,47747700
2021-06-09,37.970001220703125,38.02000045776367,37.65999984741211,37.7599983215332,40776200
2021-06-10,38.08000183105469,38.18000030517578,37.290000915527344,37.31999969482422,53775500
2021-06-11,37.38999938964844,37.58000183105469,37.380001068115234,37.560001373291016,40416700
2021-06-14,37.4900016784668,37.54999923706055,36.95000076293945,37.16999816894531,50613400
2021-06-15,37.18000030517578,37.43000030517578,37.0,37.2400016784668,51315100
2021-06-16,37.119998931884766,37.45000076293945,36.7400016784668,37.20000076293945,84961100
2021-06-17,37.38999938964844,37.40999984741211,35.9900016784668,36.099998474121094,97659900
2021-06-18,35.619998931884766,35.7400016784668,35.18000030517578,35.22999954223633,180960000
2021-06-21,35.439998626708984,35.93000030517578,35.380001068115234,35.90999984741211,89831400
2021-06-22,35.9900016784668,36.11000061035156,35.630001068115234,35.970001220703125,42576400
2021-06-23,36.0,36.209999084472656,35.95000076293945,36.040000915527344,48094900
2021-06-24,36.25,36.58000183105469,36.08000183105469,36.4900016784668,42942800
2021-06-25,36.68000030517578,37.029998779296875,36.470001220703125,36.93000030517578,56845000
2021-06-28,36.86000061035156,36.88999938964844,36.45000076293945,36.65999984741211,70250700
2021-06-29,36.849998474121094,37.04999923706055,36.43000030517578,36.529998779296875,61051200
2021-06-30,36.41999816894531,36.77000045776367,36.40999984741211,36.689998626708984,42414100
2021-07-01,36.869998931884766,37.0,36.68000030517578,36.97999954223633,36615600
2021-07-02,36.97999954223633,37.02000045776367,36.790000915527344,36.939998626708984,27018400
2021-07-06,36.849998474121094,36.869998931884766,36.119998931884766,36.36000061035156,49225300
2021-07-07,36.13999938964844,36.4900016784668,36.060001373291016,36.40999984741211,43747100
2021-07-08,35.83000183105469,36.040000915527344,35.5099983215332,35.68000030517578,75084200
2021-07-09,36.20000076293945,36.7599983215332,36.09000015258789,36.709999084472656,70546500
2021-07-12,36.4900016784668,37.13999938964844,36.33000183105469,37.06999969482422,62953400
2021-07-13,36.95000076293945,37.0099983215332,36.529998779296875,36.66999816894531,44476200
2021-07-14,36.689998626708984,36.93000030517578,36.099998474121094,36.5,69632700
2021-07-15,36.13999938964844,36.849998474121094,36.13999938964844,36.619998931884766,53977600
2021-07-16,36.810001373291016,36.810001373291016,36.040000915527344,36.119998931884766,56160700
2021-07-19,35.41999816894531,35.61000061035156,34.900001525878906,35.11000061035156,89972200
2021-07-20,35.06999969482422,36.220001220703125,35.0,35.97999954223633,70635800
2021-07-21,36.27000045776367,36.779998779296875,36.2400016784668,36.599998474121094,59975000
2021-07-22,36.470001220703125,36.560001373291016,36.04999923706055,36.20000076293945,35292300
2021-07-23,36.54999923706055,36.650001525878906,36.15999984741211,36.2599983215332,36766900
2021-07-26,36.189998626708984,36.540000915527344,36.16999816894531,36.470001220703125,25396000
2021-07-27,36.189998626708984,36.619998931884766,36.02000045776367,36.459999084472656,38988400
2021-07-28,36.59000015258789,36.63999938964844,36.15999984741211,36.40999984741211,42908200
2021-07-29,36.650001525878906,36.970001220703125,36.4900016784668,36.810001373291016,41434200
2021-07-30,36.709999084472656,36.97999954223633,36.43000030517578,36.52000045776367,52385300
2021-08-02,36.77000045776367,37.189998626708984,36.47999954223633,36.529998779296875,47589900
2021-08-03,36.65999984741211,36.9900016784668,36.119998931884766,36.939998626708984,42169600
2021-08-04,36.59000015258789,37.02000045776367,36.43000030517578,36.630001068115234,52346400
2021-08-05,36.86000061035156,37.11000061035156,36.849998474121094,37.11000061035156,37168200
2021-08-06,37.459999084472656,37.93000030517578,37.45000076293945,37.86000061035156,58081000
2021-08-09,37.810001373291016,38.13999938964844,37.599998474121094,37.959999084472656,48015600
2021-08-10,37.93000030517578,38.470001220703125,37.88999938964844,38.36000061035156,40907400
2021-08-11,38.470001220703125,38.810001373291016,38.290000915527344,38.79999923706055,48372100
2021-08-12,38.84000015258789,38.91999816894531,38.599998474121094,38.869998931884766,44566400
2021-08-13,38.900001525878906,38.95000076293945,38.4900016784668,38.58000183105469,43077200
2021-08-16,38.33000183105469,38.52000045776367,37.9900016784668,38.47999954223633,48011800
2021-08-17,38.220001220703125,38.5,37.83000183105469,38.209999084472656,52414800
2021-08-18,38.060001373291016,38.33000183105469,37.709999084472656,37.7400016784668,39550400
2021-08-19,37.33000183105469,37.7400016784668,37.220001220703125,37.459999084472656,48961300
2021-08-20,37.459999084472656,37.75,37.31999969482422,37.689998626708984,33898600
2021-08-23,37.880001068115234,38.15999984741211,37.880001068115234,38.0,28807400
2021-08-24,38.06999969482422,38.31999969482422,38.040000915527344,38.22999954223633,37677300
2021-08-25,38.33000183105469,38.91999816894531,38.25,38.68000030517578,47904800
2021-08-26,38.849998474121094,38.900001525878906,38.45000076293945,38.4900016784668,38484300
2021-08-27,38.540000915527344,39.0099983215332,38.529998779296875,39.0,38511100
2021-08-30,39.02000045776367,39.040000915527344,38.43000030517578,38.45000076293945,30096500
2021-08-31,38.41999816894531,38.689998626708984,38.2599983215332,38.400001525878906,49876200
2021-09-01,38.43000030517578,38.45000076293945,38.04999923706055,38.18000030517578,43976200
2021-09-02,38.27000045776367,38.45000076293945,38.15999984741211,38.310001373291016,29611500
2021-09-03,38.2400016784668,38.31999969482422,37.97999954223633,38.06999969482422,34847500
2021-09-07,38.20000076293945,38.20000076293945,37.84000015258789,37.84000015258789,39214900
2021-09-08,37.75,37.93000030517578,37.54999923706055,37.75,32523900
2021-09-09,37.70000076293945,38.220001220703125,37.66999816894531,37.86000061035156,33421000
2021-09-10,38.06999969482422,38.11000061035156,37.56999969482422,37.58000183105469,39350500
2021-09-13,37.849998474121094,38.06999969482422,37.7400016784668,38.0099983215332,40357300
2021-09-14,38.13999938964844,38.279998779296875,37.380001068115234,37.5,45670600
2021-09-15,37.47999954223633,37.95000076293945,37.439998626708984,37.86000061035156,36371300
2021-09-16,38.0,38.189998626708984,37.58000183105469,37.75,42630200
2021-09-17,37.70000076293945,37.939998626708984,37.47999954223633,37.58000183105469,82987200
2021-09-20,36.59000015258789,36.689998626708984,36.029998779296875,36.54999923706055,95008800
2021-09-21,36.779998779296875,36.91999816894531,36.40999984741211,36.5,45837600
2021-09-22,36.959999084472656,37.369998931884766,36.880001068115234,37.11000061035156,58347800
2021-09-23,37.470001220703125,38.20000076293945,37.40999984741211,38.02000045776367,71805000
2021-09-24,37.9900016784668,38.349998474121094,37.939998626708984,38.220001220703125,48066100
2021-09-27,38.560001373291016,38.849998474121094,38.4900016784668,38.7400016784668,58794500
2021-09-28,38.72999954223633,38.91999816894531,38.040000915527344,38.099998474121094,96152700
2021-09-29,38.220001220703125,38.29999923706055,37.95000076293945,38.130001068115234,49882500
2021-09-30,38.349998474121094,38.36000061035156,37.52000045776367,37.529998779296875,73319300
2021-10-01,37.630001068115234,38.40999984741211,37.4900016784668,38.150001525878906,70444000
2021-10-04,38.09000015258789,38.59000015258789,37.7599983215332,37.81999969482422,69772700
2021-10-05,38.099998474121094,38.75,37.959999084472656,38.560001373291016,56058400
2021-10-06,38.209999084472656,38.630001068115234,37.93000030517578,38.599998474121094,63405900
2021-10-07,39.0,39.2400016784668,38.779998779296875,38.83000183105469,53295600
2021-10-08,38.869998931884766,39.15999984741211,38.689998626708984,39.02000045776367,38607500
2021-10-11,39.11000061035156,39.400001525878906,38.61000061035156,38.630001068115234,50748300
2021-10-12,38.58000183105469,38.77000045776367,38.40999984741211,38.5099983215332,58527700
2021-10-13,38.5,38.540000915527344,37.7400016784668,38.290000915527344,72105100
2021-10-14,38.720001220703125,38.939998626708984,38.349998474121094,38.93000030517578,51893500
2021-10-15,39.310001373291016,39.709999084472656,39.18000030517578,39.5099983215332,58411100
2021-10-18,39.43000030517578,39.75,39.31999969482422,39.52000045776367,56312700
2021-10-19,39.70000076293945,39.90999984741211,39.54999923706055,39.90999984741211,33082600
2021-10-20,39.84000015258789,40.22999954223633,39.72999954223633,40.22999954223633,44670200
2021-10-21,40.220001220703125,40.310001373291016,39.849998474121094,40.060001373291016,35067600
2021-10-22,40.25,40.689998626708984,40.209999084472656,40.619998931884766,41458200
2021-10-25,40.720001220703125,40.77000045776367,40.470001220703125,40.56999969482422,33121000
2021-10-26,40.66999816894531,40.86000061035156,40.540000915527344,40.599998474121094,41586900
2021-10-27,40.5,40.68000030517578,39.91999816894531,39.93000030517578,62449500
2021-10-28,40.09000015258789,40.439998626708984,40.060001373291016,40.41999816894531,44566600
2021-10-29,40.470001220703125,40.54999923706055,40.18000030517578,40.2599983215332,42092000
2021-11-01,40.540000915527344,40.630001068115234,40.119998931884766,40.279998779296875,37503800
2021-11-02,40.27000045776367,40.5,40.15999984741211,40.380001068115234,31436800
2021-11-03,40.25,40.68000030517578,40.16999816894531,40.529998779296875,42946800
2021-11-04,40.380001068115234,40.47999954223633,39.689998626708984,40.0,48279700
2021-11-05,40.31999969482422,40.4900016784668,39.88999938964844,40.02000045776367,57866300
2021-11-08,40.27000045776367,40.529998779296875,40.13999938964844,40.2400016784668,32864600
2021-11-09,40.029998779296875,40.15999984741211,39.7599983215332,40.02000045776367,48420400
2021-11-10,39.97999954223633,40.20000076293945,39.849998474121094,39.95000076293945,60695100
2021-11-11,40.0099983215332,40.189998626708984,39.84000015258789,40.060001373291016,31438900
2021-11-12,40.119998931884766,40.15999984741211,39.790000915527344,40.150001525878906,39218800
2021-11-15,40.2599983215332,40.36000061035156,40.06999969482422,40.150001525878906,30081100
2021-11-16,40.20000076293945,40.349998474121094,40.0,40.11000061035156,32599500
2021-11-17,40.04999923706055,40.04999923706055,39.540000915527344,39.650001525878906,53557200
2021-11-18,39.689998626708984,39.77000045776367,39.27000045776367,39.45000076293945,42990100
2021-11-19,39.11000061035156,39.25,38.720001220703125,39.02000045776367,71858100
2021-11-22,39.540000915527344,39.959999084472656,39.220001220703125,39.56999969482422,81965800
2021-11-23,39.83000183105469,40.220001220703125,39.65999984741211,40.189998626708984,61571200
2021-11-24,40.11000061035156,40.2599983215332,39.95000076293945,40.099998474121094,40410300
2021-11-26,38.84000015258789,39.0099983215332,38.33000183105469,38.77000045776367,76492200
2021-11-29,39.220001220703125,39.36000061035156,38.599998474121094,38.88999938964844,79316500
2021-11-30,38.41999816894531,38.58000183105469,37.900001525878906,37.959999084472656,121263700
2021-12-01,38.630001068115234,38.880001068115234,37.540000915527344,37.540000915527344,101946500
2021-12-02,37.88999938964844,38.869998931884766,37.75,38.65999984741211,98076400
2021-12-03,38.709999084472656,38.810001373291016,37.72999954223633,38.029998779296875,97178200
2021-12-06,38.630001068115234,38.97999954223633,38.33000183105469,38.61000061035156,69716600
2021-12-07,39.060001373291016,39.40999984741211,38.869998931884766,39.29999923706055,115475500
2021-12-08,39.31999969482422,39.47999954223633,38.9900016784668,39.09000015258789,53033200
2021-12-09,38.900001525878906,39.209999084472656,38.7599983215332,39.0099983215332,45521100
2021-12-10,39.279998779296875,39.290000915527344,38.79999923706055,39.04999923706055,38900900
2021-12-13,38.959999084472656,38.970001220703125,38.5,38.630001068115234,44343000
2021-12-14,38.56999969482422,39.150001525878906,38.540000915527344,38.86000061035156,51734400
2021-12-15,38.959999084472656,39.09000015258789,38.47999954223633,38.970001220703125,70424900
2021-12-16,39.41999816894531,39.7400016784668,39.220001220703125,39.459999084472656,71156600
2021-12-17,39.20000076293945,39.25,38.349998474121094,38.59000015258789,97654400
2021-12-20,37.810001373291016,37.86000061035156,37.209999084472656,37.65999984741211,85242300
2021-12-21,38.040000915527344,38.61000061035156,38.040000915527344,38.439998626708984,57667900
2021-12-22,38.33000183105469,38.650001525878906,38.27000045776367,38.619998931884766,49702700
2021-12-23,38.84000015258789,39.16999816894531,38.79999923706055,38.81999969482422,39057300
2021-12-27,38.939998626708984,39.220001220703125,38.7400016784668,39.220001220703125,36120300
2021-12-28,39.150001525878906,39.4900016784668,39.13999938964844,39.2400016784668,34055200
2021-12-29,39.31999969482422,39.43000030517578,39.13999938964844,39.189998626708984,27150500
2021-12-30,39.310001373291016,39.529998779296875,39.0,39.119998931884766,30089100
2021-12-31,39.040000915527344,39.2400016784668,38.970001220703125,39.04999923706055,28497800
2022-01-03,39.34000015258789,39.68000030517578,39.31999969482422,39.529998779296875,49884400
2022-01-04,39.9900016784668,40.70000076293945,39.970001220703125,40.56999969482422,74210200
2022-01-05,40.689998626708984,40.900001525878906,40.06999969482422,40.099998474121094,76288400
2022-01-06,40.52000045776367,40.720001220703125,40.150001525878906,40.689998626708984,57725200
2022-01-07,40.779998779296875,41.27000045776367,40.63999938964844,41.16999816894531,62185500
2022-01-10,41.43000030517578,41.459999084472656,40.599998474121094,41.029998779296875,73620000
2022-01-11,41.18000030517578,41.40999984741211,40.79999923706055,41.38999938964844,60706300
2022-01-12,41.5,41.65999984741211,41.220001220703125,41.41999816894531,51560600
2022-01-13,41.47999954223633,41.70000076293945,41.119998931884766,41.2599983215332,51659600
2022-01-14,40.599998474121094,40.869998931884766,40.34000015258789,40.83000183105469,81135500
2022-01-18,40.560001373291016,40.599998474121094,39.66999816894531,39.91999816894531,82526700
2022-01-19,40.220001220703125,40.2400016784668,39.220001220703125,39.25,85975100
2022-01-20,39.36000061035156,39.869998931884766,38.91999816894531,39.0,80314000
2022-01-21,38.84000015258789,38.95000076293945,38.040000915527344,38.20000076293945,117914300
2022-01-24,37.540000915527344,38.38999938964844,36.81999969482422,38.310001373291016,169153300
2022-01-25,37.880001068115234,38.75,37.2599983215332,38.470001220703125,97364900
2022-01-26,38.88999938964844,39.209999084472656,38.11000061035156,38.56999969482422,106682000
2022-01-27,38.939998626708984,39.34000015258789,37.970001220703125,38.220001220703125,91498900
2022-01-28,38.06999969482422,38.72999954223633,37.59000015258789,38.720001220703125,79753600
2022-01-31,38.45000076293945,39.09000015258789,38.220001220703125,39.060001373291016,58740900
2022-02-01,39.11000061035156,39.70000076293945,38.90999984741211,39.599998474121094,64601500
2022-02-02,39.58000183105469,39.939998626708984,39.33000183105469,39.869998931884766,46649400
2022-02-03,39.86000061035156,40.0,39.369998931884766,39.43000030517578,50677000
2022-02-04,39.5,40.439998626708984,39.47999954223633,40.099998474121094,77792400
2022-02-07,40.150001525878906,40.47999954223633,39.91999816894531,40.220001220703125,52710400
2022-02-08,40.5,40.880001068115234,40.400001525878906,40.779998779296875,56921200
2022-02-09,41.0,41.310001373291016,40.900001525878906,41.040000915527344,67505300
2022-02-10,40.849998474121094,41.38999938964844,40.5099983215332,40.68000030517578,67260800
2022-02-11,40.54999923706055,41.040000915527344,39.869998931884766,40.11000061035156,77962800
2022-02-14,40.09000015258789,40.22999954223633,39.33000183105469,39.65999984741211,71521600
2022-02-15,40.13999938964844,40.40999984741211,40.0,40.20000076293945,55439600
2022-02-16,40.0,40.40999984741211,39.95000076293945,40.22999954223633,41168800
2022-02-17,39.810001373291016,39.939998626708984,39.119998931884766,39.22999954223633,59107800
2022-02-18,39.189998626708984,39.54999923706055,39.02000045776367,39.220001220703125,47816500
2022-02-22,39.040000915527344,39.400001525878906,38.689998626708984,39.02000045776367,60719700
2022-02-23,39.310001373291016,39.43000030517578,38.2400016784668,38.34000015258789,64169800
2022-02-24,37.06999969482422,38.0,36.79999923706055,37.880001068115234,143075700
2022-02-25,38.130001068115234,39.20000076293945,38.119998931884766,39.099998474121094,99127100
2022-02-28,38.16999816894531,38.77000045776367,38.119998931884766,38.52000045776367,107370200
2022-03-01,38.150001525878906,38.2599983215332,36.849998474121094,37.099998474121094,129873100
2022-03-02,37.40999984741211,38.279998779296875,37.38999938964844,38.060001373291016,88182500
2022-03-03,38.22999954223633,38.43000030517578,37.619998931884766,37.939998626708984,71952600
2022-03-04,37.27000045776367,37.279998779296875,36.79999923706055,37.22999954223633,105904100
2022-03-07,36.88999938964844,36.93000030517578,35.849998474121094,35.869998931884766,116046200
2022-03-08,36.02000045776367,36.66999816894531,35.4900016784668,35.65999984741211,114915000
2022-03-09,36.849998474121094,37.279998779296875,36.70000076293945,36.970001220703125,88716400
2022-03-10,36.36000061035156,36.900001525878906,36.25,36.65999984741211,71547300
2022-03-11,36.97999954223633,37.209999084472656,36.380001068115234,36.400001525878906,76788200
2022-03-14,36.95000076293945,37.459999084472656,36.689998626708984,36.86000061035156,70969700
2022-03-15,37.22999954223633,37.439998626708984,36.90999984741211,37.380001068115234,51828700
2022-03-16,37.86000061035156,38.4900016784668,37.7400016784668,38.43000030517578,87007600
2022-03-17,38.209999084472656,38.91999816894531,37.959999084472656,38.90999984741211,58266400
2022-03-18,38.900001525878906,39.099998474121094,38.529998779296875,39.0,82342500
2022-03-21,39.02000045776367,39.13999938964844,38.61000061035156,38.810001373291016,46828600
2022-03-22,39.27000045776367,39.689998626708984,39.220001220703125,39.439998626708984,61053100
2022-03-23,39.189998626708984,39.279998779296875,38.689998626708984,38.709999084472656,42142600
2022-03-24,38.97999954223633,39.060001373291016,38.70000076293945,39.02000045776367,30421500
2022-03-25,39.150001525878906,39.599998474121094,39.09000015258789,39.52000045776367,48613100
2022-03-28,39.400001525878906,39.439998626708984,38.959999084472656,39.40999984741211,44761000
2022-03-29,39.88999938964844,40.0099983215332,39.27000045776367,39.5,67968600
2022-03-30,39.5,39.52000045776367,38.9900016784668,39.220001220703125,47405300
2022-03-31,39.16999816894531,39.33000183105469,38.310001373291016,38.31999969482422,66619600
2022-04-01,38.58000183105469,38.65999984741211,37.95000076293945,38.220001220703125,68422500
2022-04-04,38.130001068115234,38.36000061035156,37.779998779296875,38.04999923706055,134312400
2022-04-05,37.900001525878906,38.310001373291016,37.720001220703125,37.810001373291016,56165700
2022-04-06,37.5099983215332,37.709999084472656,37.40999984741211,37.54999923706055,55835100
2022-04-07,37.52000045776367,37.689998626708984,36.97999954223633,37.5099983215332,53346900
2022-04-08,37.65999984741211,38.060001373291016,37.560001373291016,37.88999938964844,44672300
2022-04-11,37.790000915527344,38.15999984741211,37.65999984741211,37.720001220703125,54435500
2022-04-12,37.689998626708984,38.040000915527344,37.150001525878906,37.310001373291016,67215400
2022-04-13,36.959999084472656,37.33000183105469,36.88999938964844,37.310001373291016,57445600
2022-04-14,37.22999954223633,37.4900016784668,36.880001068115234,36.88999938964844,68544200
2022-04-18,36.65999984741211,37.279998779296875,36.650001525878906,37.11000061035156,52748400
2022-04-19,37.209999084472656,37.68000030517578,37.20000076293945,37.619998931884766,41519100
2022-04-20,37.90999984741211,38.150001525878906,37.790000915527344,37.880001068115234,54635800
2022-04-21,38.13999938964844,38.31999969482422,37.209999084472656,37.279998779296875,54998100
2022-04-22,37.220001220703125,37.22999954223633,36.130001068115234,36.16999816894531,73170900
2022-04-25,35.869998931884766,36.310001373291016,35.33000183105469,36.22999954223633,91392800
2022-04-26,35.81999969482422,36.20000076293945,35.29999923706055,35.31999969482422,81457500
2022-04-27,35.27000045776367,35.650001525878906,35.15999984741211,35.290000915527344,81603000
2022-04-28,35.650001525878906,35.869998931884766,35.119998931884766,35.7400016784668,62680000
2022-04-29,35.560001373291016,35.689998626708984,34.43000030517578,34.5099983215332,74631700
2022-05-02,34.66999816894531,34.790000915527344,33.84000015258789,34.52000045776367,104408800
2022-05-03,34.7599983215332,35.31999969482422,34.63999938964844,34.970001220703125,73896300
2022-05-04,35.029998779296875,36.099998474121094,34.90999984741211,36.040000915527344,87794900
2022-05-05,35.619998931884766,35.689998626708984,34.560001373291016,34.9900016784668,101093900
2022-05-06,34.849998474121094,34.900001525878906,34.2400016784668,34.7400016784668,99281900
2022-05-09,34.27000045776367,34.47999954223633,33.75,33.90999984741211,85922800
2022-05-10,34.220001220703125,34.439998626708984,33.189998626708984,33.61000061035156,107581200
2022-05-11,33.650001525878906,34.33000183105469,33.25,33.29999923706055,110212200
2022-05-12,33.02000045776367,33.36000061035156,32.40999984741211,33.04999923706055,114304100
2022-05-13,33.45000076293945,33.810001373291016,33.22999954223633,33.529998779296875,64036200
2022-05-16,33.400001525878906,33.54999923706055,32.9900016784668,33.25,55662200
2022-05-17,33.900001525878906,34.2400016784668,33.709999084472656,34.13999938964844,62859300
2022-05-18,33.81999969482422,33.869998931884766,33.06999969482422,33.20000076293945,74279300
2022-05-19,32.75,33.220001220703125,32.70000076293945,32.97999954223633,71525400
2022-05-20,33.209999084472656,33.380001068115234,32.22999954223633,32.91999816894531,77984600
2022-05-23,33.54999923706055,34.2400016784668,33.380001068115234,33.9900016784668,78189300
2022-05-24,33.790000915527344,34.029998779296875,33.220001220703125,33.91999816894531,77871200
2022-05-25,33.84000015258789,34.400001525878906,33.7400016784668,34.189998626708984,72192600
2022-05-26,34.560001373291016,35.099998474121094,34.529998779296875,34.97999954223633,50803200
2022-05-27,35.130001068115234,35.63999938964844,35.06999969482422,35.56999969482422,43862500
2022-05-31,35.279998779296875,35.7400016784668,35.09000015258789,35.470001220703125,64778900
2022-06-01,35.380001068115234,35.470001220703125,34.56999969482422,34.900001525878906,48642400
2022-06-02,34.93000030517578,35.40999984741211,34.65999984741211,35.380001068115234,45334700
2022-06-03,35.04999923706055,35.20000076293945,34.83000183105469,34.869998931884766,36699400
2022-06-06,35.15999984741211,35.52000045776367,34.959999084472656,34.970001220703125,32829600
2022-06-07,34.72999954223633,35.27000045776367,34.70000076293945,35.2400016784668,32031400
2022-06-08,34.970001220703125,35.06999969482422,34.4900016784668,34.619998931884766,38251800
2022-06-09,34.58000183105469,34.599998474121094,33.72999954223633,33.75,49715100
2022-06-10,33.02000045776367,33.13999938964844,32.5,32.529998779296875,74190900
2022-06-13,31.709999084472656,32.099998474121094,31.3700008392334,31.559999465942383,104065100
2022-06-14,31.690000534057617,31.90999984741211,31.049999237060547,31.290000915527344,75592200
2022-06-15,31.6200008392334,32.09000015258789,31.100000381469727,31.639999389648438,87858800
2022-06-16,31.0,31.010000228881836,30.579999923706055,30.84000015258789,100838500
2022-06-17,30.90999984741211,31.280000686645508,30.6299991607666,30.93000030517578,116937700
2022-06-21,31.469999313354492,31.579999923706055,31.190000534057617,31.3799991607666,58065800
2022-06-22,31.020000457763672,31.600000381469727,30.979999542236328,31.309999465942383,48035800
2022-06-23,31.329999923706055,31.389999389648438,30.68000030517578,31.190000534057617,69348900
2022-06-24,31.31999969482422,32.369998931884766,31.270000457763672,32.34000015258789,65489300
2022-06-27,32.59000015258789,32.59000015258789,32.08000183105469,32.22999954223633,47244800
2022-06-28,32.560001373291016,32.869998931884766,31.889999389648438,31.90999984741211,42459900
2022-06-29,31.940000534057617,32.060001373291016,31.6200008392334,31.729999542236328,64507500
2022-06-30,31.229999542236328,31.729999542236328,30.850000381469727,31.450000762939453,75294300
2022-07-01,31.350000381469727,31.979999542236328,31.139999389648438,31.8799991607666,77308400
2022-07-05,31.3799991607666,31.790000915527344,31.020000457763672,31.770000457763672,51536800
2022-07-06,31.700000762939453,31.950000762939453,31.389999389648438,31.690000534057617,48001700
2022-07-07,31.959999084472656,32.2400016784668,31.93000030517578,32.150001525878906,33120100
2022-07-08,32.2400016784668,32.34000015258789,31.950000762939453,32.08000183105469,29062200
2022-07-11,31.899999618530273,32.060001373291016,31.729999542236328,31.81999969482422,30564300
2022-07-12,31.579999923706055,32.20000076293945,31.559999465942383,31.6200008392334,38211000
2022-07-13,31.280000686645508,31.549999237060547,30.950000762939453,31.34000015258789,51441600
2022-07-14,30.700000762939453,30.84000015258789,30.3700008392334,30.739999771118164,57782300
2022-07-15,31.18000030517578,31.959999084472656,31.100000381469727,31.780000686645508,59650200
2022-07-18,32.22999954223633,32.45000076293945,31.520000457763672,31.65999984741211,38671600
2022-07-19,32.08000183105469,32.709999084472656,31.989999771118164,32.61000061035156,40568000
2022-07-20,32.540000915527344,32.790000915527344,32.439998626708984,32.72999954223633,38507700
2022-07-21,32.63999938964844,32.939998626708984,32.38999938964844,32.939998626708984,40561800
2022-07-22,32.9900016784668,33.15999984741211,32.5,32.75,25741200
2022-07-25,32.95000076293945,33.11000061035156,32.720001220703125,32.959999084472656,24699300
2022-07-26,32.79999923706055,32.9900016784668,32.41999816894531,32.5,26357800
2022-07-27,32.630001068115234,33.15999984741211,32.52000045776367,33.0,44817200
2022-07-28,33.029998779296875,33.25,32.5,33.2400016784668,40974600
2022-07-29,33.31999969482422,33.81999969482422,33.290000915527344,33.709999084472656,38724000
2022-08-01,33.38999938964844,33.619998931884766,33.20000076293945,33.43000030517578,35131300
2022-08-02,33.27000045776367,33.4900016784668,33.02000045776367,33.060001373291016,36806900
2022-08-03,33.310001373291016,33.63999938964844,33.119998931884766,33.560001373291016,27314900
2022-08-04,33.529998779296875,33.619998931884766,33.38999938964844,33.45000076293945,24505800
2022-08-05,33.36000061035156,33.849998474121094,33.2400016784668,33.689998626708984,34366100
2022-08-08,33.939998626708984,34.04999923706055,33.63999938964844,33.66999816894531,24369100
2022-08-09,33.72999954223633,33.93000030517578,33.66999816894531,33.84000015258789,26425400
2022-08-10,34.43000030517578,34.72999954223633,34.36000061035156,34.599998474121094,45366000
2022-08-11,34.91999816894531,35.22999954223633,34.880001068115234,35.0099983215332,46985200
2022-08-12,35.18000030517578,35.56999969482422,35.0,35.560001373291016,36370300
2022-08-15,35.20000076293945,35.650001525878906,35.130001068115234,35.54999923706055,25366000
2022-08-16,35.38999938964844,35.970001220703125,35.38999938964844,35.810001373291016,41300800
2022-08-17,35.400001525878906,35.790000915527344,35.380001068115234,35.630001068115234,33158000
2022-08-18,35.599998474121094,35.720001220703125,35.43000030517578,35.66999816894531,15966200
2022-08-19,35.459999084472656,35.459999084472656,34.84000015258789,34.959999084472656,33587400
2022-08-22,34.45000076293945,34.459999084472656,34.099998474121094,34.189998626708984,36810100
2022-08-23,34.150001525878906,34.400001525878906,34.04999923706055,34.04999923706055,23244000
2022-08-24,33.9900016784668,34.34000015258789,33.91999816894531,34.22999954223633,20682200
2022-08-25,34.29999923706055,34.790000915527344,34.209999084472656,34.7599983215332,26402600
2022-08-26,34.90999984741211,34.91999816894531,33.689998626708984,33.720001220703125,38230600
2022-08-29,33.470001220703125,33.720001220703125,33.279998779296875,33.47999954223633,34872100
2022-08-30,33.59000015258789,33.70000076293945,33.099998474121094,33.29999923706055,41870700
2022-08-31,33.470001220703125,33.59000015258789,33.0,33.04999923706055,39768200
2022-09-01,32.90999984741211,33.20000076293945,32.5099983215332,33.150001525878906,40604600
2022-09-02,33.529998779296875,33.810001373291016,32.72999954223633,32.88999938964844,43208800
2022-09-06,33.060001373291016,33.13999938964844,32.47999954223633,32.810001373291016,45877100
2022-09-07,32.709999084472656,33.52000045776367,32.65999984741211,33.459999084472656,35023000
2022-09-08,33.290000915527344,34.06999969482422,33.150001525878906,34.04999923706055,50760900
2022-09-09,34.20000076293945,34.45000076293945,34.189998626708984,34.36000061035156,41327100
2022-09-12,34.5,34.81999969482422,34.41999816894531,34.63999938964844,41969600
2022-09-13,33.959999084472656,34.08000183105469,33.2400016784668,33.349998474121094,60771600
2022-09-14,33.41999816894531,33.58000183105469,32.95000076293945,33.25,39233200
2022-09-15,33.290000915527344,33.790000915527344,33.20000076293945,33.36000061035156,47653000
2022-09-16,33.029998779296875,33.119998931884766,32.709999084472656,33.060001373291016,53893300
2022-09-19,32.5,33.279998779296875,32.5,33.2599983215332,36491400
2022-09-20,32.9900016784668,33.060001373291016,32.470001220703125,32.77000045776367,42193600
2022-09-21,32.97999954223633,33.099998474121094,32.06999969482422,32.09000015258789,49644600
2022-09-22,32.15999984741211,32.209999084472656,31.489999771118164,31.549999237060547,52299500
2022-09-23,31.239999771118164,31.309999465942383,30.600000381469727,31.049999237060547,56801000
2022-09-26,30.81999969482422,31.110000610351562,30.34000015258789,30.559999465942383,49969700
2022-09-27,30.799999237060547,30.959999084472656,30.1200008392334,30.43000030517578,60630400
2022-09-28,30.520000457763672,31.209999084472656,30.440000534057617,31.030000686645508,46088700
2022-09-29,30.700000762939453,30.81999969482422,30.260000228881836,30.639999389648438,41860000
2022-09-30,30.65999984741211,31.040000915527344,30.280000686645508,30.360000610351562,37984300
2022-10-03,30.65999984741211,31.34000015258789,30.299999237060547,31.18000030517578,47086100
2022-10-04,31.65999984741211,32.369998931884766,31.6200008392334,32.34000015258789,53441800
2022-10-05,31.84000015258789,32.27000045776367,31.729999542236328,32.09000015258789,41766800
2022-10-06,31.90999984741211,32.130001068115234,31.56999969482422,31.639999389648438,34717900
2022-10-07,31.360000610351562,31.459999084472656,30.719999313354492,30.889999389648438,36380700
2022-10-10,31.059999465942383,31.190000534057617,30.56999969482422,30.75,31011700
2022-10-11,30.549999237060547,30.8700008392334,30.229999542236328,30.360000610351562,50431900
2022-10-12,30.3700008392334,30.690000534057617,30.18000030517578,30.290000915527344,48265700
2022-10-13,29.68000030517578,31.6200008392334,29.59000015258789,31.540000915527344,83086100
2022-10-14,31.81999969482422,32.189998626708984,30.940000534057617,31.010000228881836,60886900
2022-10-17,31.670000076293945,32.0,31.579999923706055,31.790000915527344,47222200
2022-10-18,32.619998931884766,32.65999984741211,31.93000030517578,32.29999923706055,48150700
2022-10-19,32.02000045776367,32.290000915527344,31.59000015258789,31.770000457763672,35205700
2022-10-20,31.729999542236328,32.04999923706055,31.170000076293945,31.260000228881836,43124400
2022-10-21,31.350000381469727,32.220001220703125,31.1200008392334,32.189998626708984,54487300
2022-10-24,32.380001068115234,32.77000045776367,32.279998779296875,32.619998931884766,40117200
2022-10-25,32.45000076293945,33.06999969482422,32.38999938964844,33.0099983215332,33950300
2022-10-26,33.11000061035156,33.459999084472656,33.02000045776367,33.09000015258789,38012100
2022-10-27,33.400001525878906,33.72999954223633,33.29999923706055,33.36000061035156,41232200
2022-10-28,33.45000076293945,34.22999954223633,33.38999938964844,34.189998626708984,36421300
2022-10-31,33.970001220703125,34.209999084472656,33.93000030517578,33.97999954223633,40083800
2022-11-01,34.2599983215332,34.349998474121094,33.91999816894531,34.06999969482422,38946100
2022-11-02,34.0,34.599998474121094,33.61000061035156,33.63999938964844,58039800
2022-11-03,33.220001220703125,33.560001373291016,33.08000183105469,33.29999923706055,40828100
2022-11-04,33.779998779296875,34.09000015258789,33.43000030517578,33.90999984741211,41825600
2022-11-07,34.15999984741211,34.27000045776367,33.939998626708984,34.25,30060300
2022-11-08,34.2599983215332,34.619998931884766,34.09000015258789,34.45000076293945,34839600
2022-11-09,34.220001220703125,34.349998474121094,33.79999923706055,33.869998931884766,42126200
2022-11-10,34.900001525878906,35.630001068115234,34.810001373291016,35.58000183105469,67677700
2022-11-11,35.7599983215332,36.029998779296875,35.630001068115234,35.869998931884766,46076100
2022-11-14,35.77000045776367,35.79999923706055,35.33000183105469,35.36000061035156,38002700
2022-11-15,35.7400016784668,35.880001068115234,35.08000183105469,35.439998626708984,57802100
2022-11-16,35.41999816894531,35.5099983215332,35.150001525878906,35.27000045776367,32852400
2022-11-17,34.86000061035156,35.099998474121094,34.7599983215332,35.08000183105469,35706900
2022-11-18,35.54999923706055,35.599998474121094,35.08000183105469,35.369998931884766,39455400
2022-11-21,35.31999969482422,35.54999923706055,35.279998779296875,35.47999954223633,24630900
2022-11-22,35.66999816894531,35.880001068115234,35.66999816894531,35.84000015258789,29582300
2022-11-23,35.779998779296875,36.08000183105469,35.779998779296875,35.9900016784668,27916900
2022-11-25,36.029998779296875,36.15999984741211,35.959999084472656,36.11000061035156,11266500
2022-11-28,35.90999984741211,36.060001373291016,35.43000030517578,35.4900016784668,34196600
2022-11-29,35.45000076293945,35.779998779296875,35.40999984741211,35.70000076293945,31489600
2022-11-30,35.650001525878906,36.31999969482422,35.13999938964844,36.310001373291016,58607000
2022-12-01,36.4900016784668,36.4900016784668,35.81999969482422,36.099998474121094,58157600
2022-12-02,35.720001220703125,35.959999084472656,35.61000061035156,35.93000030517578,40483300
2022-12-05,35.65999984741211,35.720001220703125,34.849998474121094,35.040000915527344,53402000
2022-12-06,35.0,35.20000076293945,34.45000076293945,34.72999954223633,45102200
2022-12-07,34.59000015258789,34.97999954223633,34.5099983215332,34.59000015258789,37775900
2022-12-08,34.689998626708984,34.86000061035156,34.5,34.619998931884766,46600900
2022-12-09,34.4900016784668,34.779998779296875,34.47999954223633,34.529998779296875,40885600
2022-12-12,34.54999923706055,35.029998779296875,34.38999938964844,34.9900016784668,72570900
2022-12-13,35.900001525878906,35.900001525878906,34.849998474121094,35.08000183105469,55659000
2022-12-14,34.9900016784668,35.33000183105469,34.4900016784668,34.63999938964844,54685100
2022-12-15,34.099998474121094,34.2400016784668,33.7400016784668,33.959999084472656,70330100
2022-12-16,33.599998474121094,33.79999923706055,33.38999938964844,33.70000076293945,59619300
2022-12-19,33.400001525878906,33.7400016784668,33.189998626708984,33.400001525878906,37456800
2022-12-20,33.529998779296875,33.77000045776367,33.40999984741211,33.540000915527344,45446400
2022-12-21,33.86000061035156,34.15999984741211,33.84000015258789,34.060001373291016,31318100
2022-12-22,33.84000015258789,33.869998931884766,33.209999084472656,33.7599983215332,25605100
2022-12-23,33.7400016784668,34.0,33.56999969482422,33.95000076293945,17116200
2022-12-27,34.02000045776367,34.099998474121094,33.79999923706055,33.939998626708984,25601100
2022-12-28,34.0,34.09000015258789,33.779998779296875,33.81999969482422,24395100
2022-12-29,34.0,34.349998474121094,33.91999816894531,34.290000915527344,26624200
2022-12-30,34.040000915527344,34.27000045776367,33.91999816894531,34.20000076293945,24735700
2023-01-03,34.45000076293945,34.689998626708984,34.06999969482422,34.31999969482422,37396500
2023-01-04,34.66999816894531,35.119998931884766,34.56999969482422,34.869998931884766,44669300
2023-01-05,34.75,34.75,34.369998931884766,34.61000061035156,45585700
2023-01-06,34.84000015258789,35.4900016784668,34.599998474121094,35.380001068115234,41229700
2023-01-09,35.5,35.70000076293945,35.15999984741211,35.25,48726600
2023-01-10,35.189998626708984,35.47999954223633,35.06999969482422,35.45000076293945,34663700
2023-01-11,35.540000915527344,35.779998779296875,35.470001220703125,35.779998779296875,32014700
2023-01-12,35.900001525878906,36.060001373291016,35.619998931884766,35.849998474121094,56642400
2023-01-13,35.38999938964844,36.16999816894531,35.2599983215332,36.119998931884766,65920900
2023-01-17,36.029998779296875,36.04999923706055,35.77000045776367,35.880001068115234,65345200
2023-01-18,35.68000030517578,35.900001525878906,35.18000030517578,35.209999084472656,53693000
2023-01-19,34.779998779296875,34.97999954223633,34.560001373291016,34.79999923706055,61169500
2023-01-20,34.900001525878906,35.369998931884766,34.7400016784668,35.349998474121094,42330100
2023-01-23,35.380001068115234,35.90999984741211,35.27000045776367,35.7599983215332,44997300
2023-01-24,35.70000076293945,35.939998626708984,35.29999923706055,35.779998779296875,34333500
2023-01-25,35.470001220703125,36.06999969482422,35.459999084472656,36.060001373291016,38458700
2023-01-26,36.150001525878906,36.310001373291016,35.90999984741211,36.25,29944200
2023-01-27,36.20000076293945,36.459999084472656,36.150001525878906,36.25,30787400
2023-01-30,36.060001373291016,36.33000183105469,36.0099983215332,36.06999969482422,31595000
2023-01-31,36.13999938964844,36.56999969482422,35.970001220703125,36.560001373291016,30282100
2023-02-01,36.18000030517578,36.880001068115234,36.099998474121094,36.560001373291016,51418700
2023-02-02,36.7599983215332,36.810001373291016,36.369998931884766,36.65999984741211,42107300
2023-02-03,36.369998931884766,36.900001525878906,36.36000061035156,36.59000015258789,43155000
2023-02-06,36.380001068115234,36.59000015258789,36.29999923706055,36.58000183105469,32273600
2023-02-07,36.349998474121094,37.11000061035156,36.349998474121094,37.0,33000500
2023-02-08,36.72999954223633,37.099998474121094,36.68000030517578,36.779998779296875,34555500
2023-02-09,36.93000030517578,37.040000915527344,36.290000915527344,36.369998931884766,44329600
2023-02-10,36.189998626708984,36.52000045776367,36.06999969482422,36.4900016784668,28108900
2023-02-13,36.470001220703125,36.90999984741211,36.439998626708984,36.90999984741211,32209000
2023-02-14,36.84000015258789,37.08000183105469,36.47999954223633,36.709999084472656,33525300
2023-02-15,36.41999816894531,36.77000045776367,36.369998931884766,36.75,28510000
2023-02-16,36.400001525878906,36.65999984741211,36.310001373291016,36.380001068115234,34379100
2023-02-17,36.20000076293945,36.439998626708984,36.09000015258789,36.38999938964844,35889800
2023-02-21,36.08000183105469,36.130001068115234,35.47999954223633,35.63999938964844,36425200
2023-02-22,35.63999938964844,35.779998779296875,35.40999984741211,35.599998474121094,31065200
2023-02-23,35.75,35.91999816894531,35.29999923706055,35.630001068115234,42357600
2023-02-24,35.31999969482422,35.77000045776367,35.2599983215332,35.65999984741211,48732600
2023-02-27,35.9900016784668,36.04999923706055,35.58000183105469,35.650001525878906,31664600
2023-02-28,35.70000076293945,35.900001525878906,35.61000061035156,35.720001220703125,32531400
2023-03-01,35.560001373291016,35.7599983215332,35.459999084472656,35.599998474121094,32790300
2023-03-02,35.38999938964844,35.470001220703125,35.0099983215332,35.43000030517578,38401900
2023-03-03,35.56999969482422,36.0,35.5,35.9900016784668,33091600
2023-03-06,36.0099983215332,36.2400016784668,35.90999984741211,36.02000045776367,30111100
2023-03-07,35.88999938964844,35.91999816894531,35.0,35.09000015258789,53804400
2023-03-08,35.04999923706055,35.2400016784668,34.779998779296875,34.959999084472656,50860300
2023-03-09,34.7599983215332,34.81999969482422,33.369998931884766,33.540000915527344,107108500
2023-03-10,33.150001525878906,33.720001220703125,32.529998779296875,32.93000030517578,166569400
2023-03-13,31.760000228881836,32.31999969482422,31.3700008392334,31.6299991607666,165965900
2023-03-14,32.84000015258789,32.849998474121094,31.8700008392334,32.27000045776367,128115500
2023-03-15,31.360000610351562,31.540000915527344,30.959999084472656,31.40999984741211,132235000
2023-03-16,31.200000762939453,32.34000015258789,30.899999618530273,32.0099983215332,133892600
2023-03-17,31.709999084472656,31.709999084472656,30.899999618530273,30.979999542236328,136760600
2023-03-20,31.06999969482422,31.440000534057617,31.020000457763672,31.170000076293945,75384500
2023-03-21,31.8799991607666,32.040000915527344,31.809999465942383,31.959999084472656,115899200
2023-03-22,31.959999084472656,32.04999923706055,31.200000762939453,31.219999313354492,67874100
2023-03-23,31.280000686645508,31.600000381469727,30.790000915527344,31.010000228881836,82366300
2023-03-24,30.6299991607666,31.020000457763672,30.389999389648438,30.989999771118164,76619100
2023-03-27,31.520000457763672,31.59000015258789,31.239999771118164,31.420000076293945,61393300
2023-03-28,31.3799991607666,31.520000457763672,31.219999313354492,31.40999984741211,42980100
2023-03-29,31.75,31.8799991607666,31.610000610351562,31.8700008392334,52147200
2023-03-30,32.099998474121094,32.119998931884766,31.6200008392334,31.799999237060547,45061700
2023-03-31,31.979999542236328,32.15999984741211,31.860000610351562,32.150001525878906,49034400
2023-04-03,32.119998931884766,32.34000015258789,32.02000045776367,32.209999084472656,51213500
2023-04-04,32.290000915527344,32.34000015258789,31.700000762939453,31.90999984741211,45939300
2023-04-05,31.670000076293945,31.959999084472656,31.65999984741211,31.8700008392334,57965300
2023-04-06,31.809999465942383,32.04999923706055,31.780000686645508,31.989999771118164,36762300
2023-04-10,31.8700008392334,32.06999969482422,31.799999237060547,32.060001373291016,27900700
2023-04-11,32.13999938964844,32.47999954223633,32.119998931884766,32.34000015258789,53912600
2023-04-12,32.5,32.66999816894531,32.189998626708984,32.27000045776367,63645800
2023-04-13,32.290000915527344,32.58000183105469,32.06999969482422,32.560001373291016,58550300
2023-04-14,32.900001525878906,33.150001525878906,32.720001220703125,32.880001068115234,65276200
2023-04-17,32.86000061035156,33.27000045776367,32.720001220703125,33.2599983215332,69670600
2023-04-18,33.33000183105469,33.43000030517578,33.08000183105469,33.36000061035156,49507500
2023-04-19,33.310001373291016,33.529998779296875,33.25,33.439998626708984,39478900
2023-04-20,33.220001220703125,33.43000030517578,33.209999084472656,33.34000015258789,39291800
2023-04-21,33.2400016784668,33.2599983215332,33.029998779296875,33.220001220703125,41545000
2023-04-24,33.20000076293945,33.31999969482422,33.060001373291016,33.13999938964844,32774200
2023-04-25,32.93000030517578,32.9900016784668,32.560001373291016,32.56999969482422,58534300
2023-04-26,32.47999954223633,32.65999984741211,32.119998931884766,32.2599983215332,54294200
2023-04-27,32.380001068115234,32.84000015258789,32.380001068115234,32.779998779296875,46398800
2023-04-28,32.619998931884766,33.20000076293945,32.54999923706055,33.16999816894531,54598700
2023-05-01,33.2599983215332,33.43000030517578,33.040000915527344,33.08000183105469,31950600
2023-05-02,32.95000076293945,32.959999084472656,32.029998779296875,32.33000183105469,76096700
2023-05-03,32.369998931884766,32.529998779296875,31.93000030517578,31.959999084472656,65642400
2023-05-04,31.68000030517578,31.850000381469727,31.260000228881836,31.549999237060547,76076600
2023-05-05,32.06999969482422,32.380001068115234,32.02000045776367,32.33000183105469,55019400
2023-05-08,32.5099983215332,32.619998931884766,32.34000015258789,32.380001068115234,34323600
2023-05-09,32.13999938964844,32.38999938964844,32.06999969482422,32.2599983215332,29736200
2023-05-10,32.470001220703125,32.540000915527344,31.799999237060547,32.08000183105469,39706100
2023-05-11,31.8799991607666,32.08000183105469,31.739999771118164,32.029998779296875,36693200
2023-05-12,32.2400016784668,32.2400016784668,31.690000534057617,31.899999618530273,36253000
2023-05-15,31.959999084472656,32.220001220703125,31.899999618530273,32.15999984741211,33208500
2023-05-16,32.099998474121094,32.189998626708984,31.84000015258789,31.860000610351562,31241400
2023-05-17,32.11000061035156,32.59000015258789,32.040000915527344,32.5,46818800
2023-05-18,32.439998626708984,32.779998779296875,32.31999969482422,32.7400016784668,42232500
2023-05-19,32.81999969482422,32.91999816894531,32.45000076293945,32.599998474121094,40132900
2023-05-22,32.709999084472656,32.779998779296875,32.459999084472656,32.65999984741211,35286200
2023-05-23,32.52000045776367,32.689998626708984,32.2599983215332,32.279998779296875,42217200
2023-05-24,32.040000915527344,32.06999969482422,31.790000915527344,31.860000610351562,46610700
2023-05-25,31.780000686645508,31.959999084472656,31.65999984741211,31.850000381469727,41658900
2023-05-26,31.920000076293945,32.189998626708984,31.8700008392334,32.11000061035156,44183000
2023-05-30,32.15999984741211,32.22999954223633,31.889999389648438,32.099998474121094,57900500
2023-05-31,31.90999984741211,31.940000534057617,31.489999771118164,31.760000228881836,67667900
2023-06-01,31.940000534057617,32.16999816894531,31.719999313354492,32.099998474121094,48643400
2023-06-02,32.40999984741211,32.91999816894531,32.40999984741211,32.79999923706055,65752900
2023-06-05,32.84000015258789,32.84000015258789,32.47999954223633,32.630001068115234,53591100
2023-06-06,32.599998474121094,33.09000015258789,32.58000183105469,33.040000915527344,46236100
2023-06-07,33.06999969482422,33.2400016784668,32.869998931884766,33.16999816894531,48467100
2023-06-08,33.060001373291016,33.189998626708984,32.880001068115234,33.13999938964844,36261200
2023-06-09,33.08000183105469,33.290000915527344,33.060001373291016,33.150001525878906,34021700
2023-06-12,33.18000030517578,33.27000045776367,32.88999938964844,33.13999938964844,33655200
2023-06-13,33.11000061035156,33.47999954223633,33.06999969482422,33.34000015258789,46054400
2023-06-14,33.41999816894531,33.59000015258789,33.099998474121094,33.209999084472656,57195400
2023-06-15,33.099998474121094,33.72999954223633,33.06999969482422,33.650001525878906,52241800
2023-06-16,33.79999923706055,33.83000183105469,33.540000915527344,33.58000183105469,49861100
2023-06-20,33.209999084472656,33.27000045776367,32.97999954223633,33.18000030517578,50683100
2023-06-21,33.099998474121094,33.29999923706055,33.0,33.13999938964844,35967600
2023-06-22,33.08000183105469,33.09000015258789,32.77000045776367,32.880001068115234,38690000
2023-06-23,32.630001068115234,32.849998474121094,32.52000045776367,32.7400016784668,35529600
2023-06-26,32.689998626708984,32.939998626708984,32.58000183105469,32.66999816894531,25728300
2023-06-27,32.72999954223633,33.0,32.709999084472656,32.93000030517578,34348100
2023-06-28,32.88999938964844,32.900001525878906,32.70000076293945,32.849998474121094,36663200
2023-06-29,33.02000045776367,33.41999816894531,32.97999954223633,33.41999816894531,47471000
2023-06-30,33.63999938964844,33.849998474121094,33.58000183105469,33.709999084472656,44762300
2023-07-03,33.709999084472656,34.0,33.65999984741211,33.900001525878906,19128000
2023-07-05,33.70000076293945,33.91999816894531,33.599998474121094,33.83000183105469,39831600
2023-07-06,33.54999923706055,33.58000183105469,33.25,33.540000915527344,45808400
2023-07-07,33.400001525878906,33.869998931884766,33.400001525878906,33.59000015258789,33488700
2023-07-10,33.599998474121094,33.93000030517578,33.56999969482422,33.7400016784668,27254400
2023-07-11,33.86000061035156,34.18000030517578,33.790000915527344,34.13999938964844,33744600
2023-07-12,34.41999816894531,34.599998474121094,34.27000045776367,34.36000061035156,46546000
2023-07-13,34.40999984741211,34.529998779296875,34.349998474121094,34.47999954223633,40453700
2023-07-14,34.72999954223633,34.7400016784668,34.20000076293945,34.25,47552700
2023-07-17,34.209999084472656,34.68000030517578,34.209999084472656,34.58000183105469,38568900
2023-07-18,34.65999984741211,35.0,34.61000061035156,34.970001220703125,47160800
2023-07-19,34.970001220703125,35.2599983215332,34.959999084472656,35.119998931884766,45599800
2023-07-20,35.060001373291016,35.38999938964844,35.04999923706055,35.380001068115234,45591500
2023-07-21,35.439998626708984,35.459999084472656,35.16999816894531,35.2599983215332,30615700
2023-07-24,35.279998779296875,35.709999084472656,35.27000045776367,35.599998474121094,32299800
2023-07-25,35.5,35.58000183105469,35.34000015258789,35.369998931884766,36218600
2023-07-26,35.33000183105469,35.689998626708984,35.279998779296875,35.58000183105469,35638700
2023-07-27,35.58000183105469,35.66999816894531,35.08000183105469,35.130001068115234,44072800
2023-07-28,35.40999984741211,35.41999816894531,35.0099983215332,35.20000076293945,32422700
2023-07-31,35.27000045776367,35.439998626708984,35.18000030517578,35.33000183105469,28627000
2023-08-01,35.2599983215332,35.36000061035156,35.13999938964844,35.33000183105469,26480300
2023-08-02,35.029998779296875,35.15999984741211,34.83000183105469,35.029998779296875,48923800
2023-08-03,34.81999969482422,35.130001068115234,34.720001220703125,35.04999923706055,31861600
2023-08-04,35.02000045776367,35.36000061035156,34.880001068115234,34.90999984741211,36195700
2023-08-07,35.130001068115234,35.459999084472656,35.119998931884766,35.400001525878906,33119300
2023-08-08,34.939998626708984,35.11000061035156,34.66999816894531,35.08000183105469,37254800
2023-08-09,35.060001373291016,35.15999984741211,34.779998779296875,34.81999969482422,38304200
2023-08-10,35.0,35.2599983215332,34.7599983215332,34.849998474121094,38097500
2023-08-11,34.7400016784668,34.97999954223633,34.65999984741211,34.91999816894531,27518700
2023-08-14,34.81999969482422,34.91999816894531,34.689998626708984,34.849998474121094,23773800
2023-08-15,34.560001373291016,34.599998474121094,34.16999816894531,34.209999084472656,57472100
2023-08-16,34.150001525878906,34.41999816894531,34.119998931884766,34.15999984741211,33566500
2023-08-17,34.27000045776367,34.31999969482422,33.88999938964844,33.9900016784668,38205400
2023-08-18,33.75,34.08000183105469,33.720001220703125,33.97999954223633,40860000
2023-08-21,34.029998779296875,34.099998474121094,33.66999816894531,33.939998626708984,32308300
2023-08-22,33.95000076293945,33.9900016784668,33.56999969482422,33.619998931884766,43133000
2023-08-23,33.68000030517578,33.959999084472656,33.630001068115234,33.95000076293945,30240500
2023-08-24,33.900001525878906,34.310001373291016,33.83000183105469,33.83000183105469,35784900
2023-08-25,33.970001220703125,34.119998931884766,33.709999084472656,33.9900016784668,40347200
2023-08-28,34.099998474121094,34.29999923706055,34.06999969482422,34.18000030517578,34905300
2023-08-29,34.150001525878906,34.5,34.099998474121094,34.4900016784668,43394300
2023-08-30,34.540000915527344,34.709999084472656,34.439998626708984,34.5099983215332,33799900
2023-08-31,34.61000061035156,34.619998931884766,34.34000015258789,34.380001068115234,27999700
2023-09-01,34.59000015258789,34.79999923706055,34.560001373291016,34.689998626708984,41075700
2023-09-05,34.650001525878906,34.790000915527344,34.33000183105469,34.34000015258789,38612300
2023-09-06,34.25,34.38999938964844,34.06999969482422,34.31999969482422,35672800
2023-09-07,34.18000030517578,34.380001068115234,34.130001068115234,34.22999954223633,47632600
2023-09-08,34.2599983215332,34.369998931884766,34.130001068115234,34.29999923706055,39720800
2023-09-11,34.459999084472656,34.63999938964844,34.369998931884766,34.459999084472656,28965100
2023-09-12,34.45000076293945,34.939998626708984,34.40999984741211,34.689998626708984,48615200
2023-09-13,34.849998474121094,34.88999938964844,34.560001373291016,34.689998626708984,31994900
2023-09-14,34.93000030517578,35.060001373291016,34.7599983215332,35.0099983215332,65685500
2023-09-15,34.779998779296875,35.040000915527344,34.7599983215332,34.83000183105469,51800200
2023-09-18,34.630001068115234,34.81999969482422,34.52000045776367,34.77000045776367,32458700
2023-09-19,34.79999923706055,34.869998931884766,34.5099983215332,34.72999954223633,36112900
2023-09-20,34.849998474121094,34.959999084472656,34.47999954223633,34.4900016784668,31618000
2023-09-21,34.369998931884766,34.369998931884766,33.91999816894531,33.91999816894531,48103300
2023-09-22,33.970001220703125,34.0,33.65999984741211,33.65999984741211,41688300
2023-09-25,33.59000015258789,33.7599983215332,33.47999954223633,33.7400016784668,40141700
2023-09-26,33.4900016784668,33.63999938964844,33.22999954223633,33.290000915527344,46165400
2023-09-27,33.380001068115234,33.380001068115234,32.95000076293945,33.2400016784668,49360900
2023-09-28,33.27000045776367,33.599998474121094,33.2599983215332,33.47999954223633,63638100
2023-09-29,33.63999938964844,33.689998626708984,33.09000015258789,33.16999816894531,52860500
2023-10-02,33.060001373291016,33.13999938964844,32.709999084472656,32.88999938964844,49350600
2023-10-03,32.72999954223633,32.81999969482422,32.2400016784668,32.369998931884766,52921800
2023-10-04,32.380001068115234,32.630001068115234,32.209999084472656,32.61000061035156,40136000
2023-10-05,32.52000045776367,32.81999969482422,32.45000076293945,32.7599983215332,41407800
2023-10-06,32.619998931884766,33.22999954223633,32.5099983215332,33.040000915527344,54057800
2023-10-09,32.7400016784668,33.130001068115234,32.709999084472656,33.060001373291016,61396600
2023-10-10,33.15999984741211,33.5099983215332,33.150001525878906,33.29999923706055,44743400
2023-10-11,33.400001525878906,33.529998779296875,33.099998474121094,33.349998474121094,35746400
2023-10-12,33.45000076293945,33.45000076293945,32.90999984741211,33.13999938964844,41991200
2023-10-13,33.349998474121094,33.65999984741211,33.029998779296875,33.209999084472656,53213800
2023-10-16,33.459999084472656,33.720001220703125,33.38999938964844,33.560001373291016,45589300
2023-10-17,33.40999984741211,33.939998626708984,33.400001525878906,33.720001220703125,41925200
2023-10-18,33.54999923706055,33.58000183105469,33.06999969482422,33.13999938964844,46942100
2023-10-19,33.08000183105469,33.2599983215332,32.68000030517578,32.70000076293945,66656200
2023-10-20,32.689998626708984,32.75,32.16999816894531,32.20000076293945,59921300
2023-10-23,32.130001068115234,32.36000061035156,31.969999313354492,32.0,55913700
2023-10-24,32.150001525878906,32.369998931884766,32.04999923706055,32.220001220703125,35825000
2023-10-25,32.099998474121094,32.31999969482422,32.0099983215332,32.099998474121094,59240100
2023-10-26,32.02000045776367,32.349998474121094,31.969999313354492,32.029998779296875,56046100
2023-10-27,31.989999771118164,32.029998779296875,31.360000610351562,31.450000762939453,73057300
2023-10-30,31.670000076293945,32.09000015258789,31.59000015258789,32.0099983215332,48978100
2023-10-31,32.06999969482422,32.369998931884766,32.0099983215332,32.36000061035156,41050100
2023-11-01,32.41999816894531,32.70000076293945,32.349998474121094,32.56999969482422,51764100
2023-11-02,32.869998931884766,33.36000061035156,32.810001373291016,33.34000015258789,47417000
2023-11-03,33.65999984741211,33.939998626708984,33.650001525878906,33.779998779296875,58801300
2023-11-06,33.869998931884766,33.91999816894531,33.5,33.68000030517578,40599700
2023-11-07,33.58000183105469,33.709999084472656,33.52000045776367,33.630001068115234,27442000
2023-11-08,33.619998931884766,33.70000076293945,33.459999084472656,33.66999816894531,30165800
2023-11-09,33.779998779296875,33.83000183105469,33.470001220703125,33.529998779296875,34336600
2023-11-10,33.689998626708984,33.939998626708984,33.4900016784668,33.90999984741211,35146100
2023-11-13,33.790000915527344,33.95000076293945,33.7400016784668,33.86000061035156,28327300
2023-11-14,34.22999954223633,34.689998626708984,34.20000076293945,34.5,54296300
2023-11-15,34.560001373291016,34.790000915527344,34.54999923706055,34.689998626708984,35000200
2023-11-16,34.790000915527344,34.869998931884766,34.68000030517578,34.83000183105469,33222500
2023-11-17,34.959999084472656,35.02000045776367,34.869998931884766,35.0099983215332,31336100
2023-11-20,34.959999084472656,35.22999954223633,34.88999938964844,35.150001525878906,37285400
2023-11-21,35.099998474121094,35.220001220703125,35.06999969482422,35.130001068115234,27285700
2023-11-22,35.209999084472656,35.34000015258789,35.150001525878906,35.27000045776367,32719200
2023-11-24,35.27000045776367,35.439998626708984,35.2599983215332,35.380001068115234,13168500
2023-11-27,35.25,35.31999969482422,35.18000030517578,35.2599983215332,35017000
2023-11-28,35.220001220703125,35.369998931884766,35.15999984741211,35.25,39329300
2023-11-29,35.349998474121094,35.709999084472656,35.349998474121094,35.5,36651300
2023-11-30,35.58000183105469,35.900001525878906,35.470001220703125,35.900001525878906,37334500
2023-12-01,35.84000015258789,36.209999084472656,35.779998779296875,36.16999816894531,51267600
2023-12-04,35.959999084472656,36.27000045776367,35.91999816894531,36.130001068115234,41366600
2023-12-05,36.02000045776367,36.029998779296875,35.790000915527344,35.95000076293945,39510900
2023-12-06,36.150001525878906,36.279998779296875,35.720001220703125,35.77000045776367,35616100
2023-12-07,35.86000061035156,35.959999084472656,35.77000045776367,35.939998626708984,26050900
2023-12-08,35.900001525878906,36.189998626708984,35.86000061035156,36.130001068115234,33213100
2023-12-11,36.13999938964844,36.41999816894531,36.13999938964844,36.349998474121094,31165700
2023-12-12,36.439998626708984,36.619998931884766,36.290000915527344,36.61000061035156,37245700
2023-12-13,36.619998931884766,37.2400016784668,36.54999923706055,37.20000076293945,56989000
2023-12-14,37.5,37.709999084472656,37.369998931884766,37.56999969482422,66865700
2023-12-15,37.2599983215332,37.439998626708984,37.189998626708984,37.349998474121094,69246200
2023-12-18,37.349998474121094,37.41999816894531,37.25,37.290000915527344,43434000
2023-12-19,37.27000045776367,37.58000183105469,37.16999816894531,37.56999969482422,32509000
2023-12-20,37.470001220703125,37.560001373291016,36.900001525878906,36.900001525878906,52985700
2023-12-21,37.060001373291016,37.27000045776367,36.91999816894531,37.2599983215332,27522200
2023-12-22,37.369998931884766,37.4900016784668,37.20000076293945,37.34000015258789,30331400
2023-12-26,37.369998931884766,37.560001373291016,37.310001373291016,37.4900016784668,17837600
2023-12-27,37.40999984741211,37.61000061035156,37.349998474121094,37.61000061035156,32640800
2023-12-28,37.54999923706055,37.79999923706055,37.540000915527344,37.720001220703125,25308000
2023-12-29,37.709999084472656,37.77000045776367,37.4900016784668,37.599998474121094,30218300
2024-01-02,37.5,37.779998779296875,37.43000030517578,37.7599983215332,31351900
2024-01-03,37.59000015258789,37.650001525878906,37.380001068115234,37.439998626708984,46909000
2024-01-04,37.56999969482422,37.88999938964844,37.52000045776367,37.59000015258789,36904200
2024-01-05,37.59000015258789,37.95000076293945,37.56999969482422,37.75,44852300
2024-01-08,37.7599983215332,38.0099983215332,37.560001373291016,37.9900016784668,39098300
2024-01-09,37.790000915527344,37.79999923706055,37.630001068115234,37.75,36338100
2024-01-10,37.689998626708984,37.84000015258789,37.56999969482422,37.810001373291016,37095500
2024-01-11,37.7599983215332,37.810001373291016,37.369998931884766,37.66999816894531,49043500
2024-01-12,37.849998474121094,37.9900016784668,37.45000076293945,37.599998474121094,41333900
2024-01-16,37.279998779296875,37.40999984741211,37.130001068115234,37.34000015258789,44042100
2024-01-17,37.02000045776367,37.41999816894531,37.0,37.27000045776367,38715900
2024-01-18,37.220001220703125,37.369998931884766,36.95000076293945,37.33000183105469,42064900
2024-01-19,37.470001220703125,37.97999954223633,37.349998474121094,37.93000030517578,59417700
2024-01-22,38.09000015258789,38.29999923706055,38.02000045776367,38.11000061035156,51828800
2024-01-23,38.09000015258789,38.20000076293945,38.0099983215332,38.16999816894531,46255500
2024-01-24,38.33000183105469,38.529998779296875,38.290000915527344,38.31999969482422,43975500
2024-01-25,38.470001220703125,38.54999923706055,38.27000045776367,38.5099983215332,50693800
2024-01-26,38.45000076293945,38.720001220703125,38.40999984741211,38.650001525878906,38620200
2024-01-29,38.529998779296875,38.779998779296875,38.43000030517578,38.75,44175600
2024-01-30,38.790000915527344,39.279998779296875,38.77000045776367,39.2400016784668,43229300
2024-01-31,39.15999984741211,39.45000076293945,38.7400016784668,38.7599983215332,65780900
2024-02-01,38.689998626708984,38.849998474121094,38.25,38.81999969482422,63445600
2024-02-02,38.689998626708984,39.15999984741211,38.66999816894531,38.97999954223633,61778400
2024-02-05,38.7599983215332,38.880001068115234,38.58000183105469,38.75,37351300
2024-02-06,38.70000076293945,38.88999938964844,38.650001525878906,38.83000183105469,41055700
2024-02-07,39.040000915527344,39.16999816894531,38.77000045776367,39.119998931884766,39018700
2024-02-08,38.939998626708984,39.09000015258789,38.720001220703125,38.970001220703125,47331500
2024-02-09,38.91999816894531,39.099998474121094,38.81999969482422,39.08000183105469,50680400
2024-02-12,39.08000183105469,39.43000030517578,38.9900016784668,39.2599983215332,39952700
2024-02-13,38.959999084472656,39.060001373291016,38.41999816894531,38.72999954223633,62948300
2024-02-14,38.959999084472656,39.130001068115234,38.810001373291016,39.099998474121094,58722500
2024-02-15,39.220001220703125,39.849998474121094,39.209999084472656,39.77000045776367,58107900
2024-02-16,39.72999954223633,39.810001373291016,39.54999923706055,39.630001068115234,37900000
2024-02-20,39.349998474121094,39.65999984741211,39.31999969482422,39.52000045776367,39952200
2024-02-21,39.470001220703125,39.63999938964844,39.33000183105469,39.63999938964844,40242400
2024-02-22,39.86000061035156,40.2400016784668,39.790000915527344,40.099998474121094,55188200
2024-02-23,40.25,40.470001220703125,40.220001220703125,40.29999923706055,42190500
2024-02-26,40.2599983215332,40.529998779296875,40.029998779296875,40.099998474121094,38370000
2024-02-27,40.13999938964844,40.220001220703125,39.939998626708984,40.209999084472656,42599500
2024-02-28,40.130001068115234,40.5,40.119998931884766,40.36000061035156,40040800
2024-02-29,40.459999084472656,40.54999923706055,40.16999816894531,40.34000015258789,37629700
2024-03-01,40.33000183105469,40.41999816894531,40.15999984741211,40.290000915527344,40794900
2024-03-04,40.220001220703125,40.5,40.209999084472656,40.38999938964844,53413200
2024-03-05,40.25,40.630001068115234,40.25,40.400001525878906,50770200
2024-03-06,40.459999084472656,40.72999954223633,40.279998779296875,40.61000061035156,58459500
2024-03-07,40.7599983215332,40.84000015258789,40.400001525878906,40.54999923706055,35505100
2024-03-08,40.61000061035156,40.83000183105469,40.56999969482422,40.619998931884766,47266600
2024-03-11,40.470001220703125,40.72999954223633,40.400001525878906,40.689998626708984,36233100
2024-03-12,40.779998779296875,40.97999954223633,40.63999938964844,40.86000061035156,53199300
2024-03-13,40.939998626708984,41.16999816894531,40.90999984741211,41.15999984741211,43471400
2024-03-14,41.16999816894531,41.25,40.61000061035156,40.83000183105469,65563400
2024-03-15,40.599998474121094,40.97999954223633,40.52000045776367,40.790000915527344,67568000
2024-03-18,40.779998779296875,40.91999816894531,40.58000183105469,40.869998931884766,39140600
2024-03-19,40.900001525878906,41.09000015258789,40.880001068115234,41.06999969482422,36748300
2024-03-20,41.02000045776367,41.59000015258789,40.95000076293945,41.560001373291016,52255300
2024-03-21,41.65999984741211,42.0,41.61000061035156,41.900001525878906,49209200
2024-03-22,41.95000076293945,42.040000915527344,41.38999938964844,41.41999816894531,32033000
2024-03-25,41.38999938964844,41.459999084472656,41.2599983215332,41.2599983215332,31784000
2024-03-26,41.40999984741211,41.529998779296875,41.27000045776367,41.400001525878906,30135500
2024-03-27,41.599998474121094,41.900001525878906,41.4900016784668,41.88999938964844,36670300
2024-03-28,41.939998626708984,42.220001220703125,41.869998931884766,42.119998931884766,41490200
2024-04-01,42.15999984741211,42.20000076293945,41.810001373291016,41.88999938964844,37537700
2024-04-02,41.7599983215332,41.81999969482422,41.599998474121094,41.66999816894531,36359800
2024-04-03,41.68000030517578,41.959999084472656,41.540000915527344,41.650001525878906,39715900
2024-04-04,42.0,42.08000183105469,41.130001068115234,41.18000030517578,52657500
2024-04-05,41.34000015258789,41.68000030517578,41.20000076293945,41.56999969482422,47540300
2024-04-08,41.58000183105469,41.81999969482422,41.560001373291016,41.75,35165700
2024-04-09,41.77000045776367,41.880001068115234,41.18000030517578,41.5099983215332,51953600
2024-04-10,41.11000061035156,41.27000045776367,40.7599983215332,40.88999938964844,59492800
2024-04-11,40.869998931884766,40.93000030517578,40.349998474121094,40.599998474121094,56870800
2024-04-12,40.33000183105469,40.5,39.90999984741211,40.060001373291016,81234800
2024-04-15,40.58000183105469,40.7400016784668,39.7400016784668,39.86000061035156,71800600
2024-04-16,39.88999938964844,39.97999954223633,39.529998779296875,39.59000015258789,66751300
2024-04-17,39.77000045776367,39.95000076293945,39.529998779296875,39.689998626708984,41561900
2024-04-18,39.869998931884766,40.18000030517578,39.7400016784668,39.83000183105469,48893400
2024-04-19,40.04999923706055,40.459999084472656,39.970001220703125,40.380001068115234,55513600
2024-04-22,40.599998474121094,41.099998474121094,40.43000030517578,40.869998931884766,50701200
2024-04-23,41.060001373291016,41.22999954223633,40.95000076293945,41.130001068115234,36488600
2024-04-24,41.02000045776367,41.18000030517578,40.90999984741211,41.119998931884766,33957500
2024-04-25,40.91999816894531,41.029998779296875,40.529998779296875,40.880001068115234,50365700
2024-04-26,40.810001373291016,41.04999923706055,40.720001220703125,40.81999969482422,35796900
2024-04-29,40.810001373291016,40.9900016784668,40.61000061035156,40.7599983215332,36596100
2024-04-30,40.66999816894531,40.7599983215332,40.36000061035156,40.36000061035156,34481600
2024-05-01,40.33000183105469,40.849998474121094,40.279998779296875,40.36000061035156,54717600
2024-05-02,40.63999938964844,40.70000076293945,40.16999816894531,40.459999084472656,37085100
2024-05-03,40.70000076293945,40.790000915527344,40.349998474121094,40.54999923706055,45012600
2024-05-06,40.86000061035156,41.06999969482422,40.77000045776367,41.06999969482422,42335600
2024-05-07,41.16999816894531,41.290000915527344,41.099998474121094,41.209999084472656,42601200
2024-05-08,41.16999816894531,41.43000030517578,41.060001373291016,41.36000061035156,28390900
2024-05-09,41.2599983215332,41.66999816894531,41.25,41.66999816894531,31594800
2024-05-10,41.81999969482422,41.90999984741211,41.77000045776367,41.83000183105469,34306800
2024-05-13,41.95000076293945,42.02000045776367,41.65999984741211,41.65999984741211,29570100
2024-05-14,41.81999969482422,41.900001525878906,41.65999984741211,41.869998931884766,30638300
2024-05-15,41.970001220703125,42.220001220703125,41.959999084472656,42.18000030517578,36138300
2024-05-16,42.220001220703125,42.380001068115234,42.15999984741211,42.18000030517578,36032700
2024-05-17,42.25,42.4900016784668,42.20000076293945,42.4900016784668,29813200
2024-05-20,42.400001525878906,42.459999084472656,41.88999938964844,41.90999984741211,35719600
2024-05-21,41.9900016784668,42.220001220703125,41.970001220703125,42.18000030517578,33413400
2024-05-22,42.09000015258789,42.27000045776367,41.849998474121094,41.939998626708984,38661100
2024-05-23,41.900001525878906,41.939998626708984,41.20000076293945,41.36000061035156,51768500
2024-05-24,41.439998626708984,41.619998931884766,41.439998626708984,41.61000061035156,23477300
2024-05-28,41.52000045776367,41.52000045776367,41.0,41.150001525878906,31004900
2024-05-29,40.81999969482422,40.95000076293945,40.70000076293945,40.81999969482422,40620200
2024-05-30,40.86000061035156,41.130001068115234,40.7599983215332,41.040000915527344,32769300
2024-05-31,41.119998931884766,41.68000030517578,41.0,41.63999938964844,38664000
2024-06-03,41.630001068115234,41.68000030517578,41.02000045776367,41.380001068115234,37855000
2024-06-04,41.15999984741211,41.5,41.0,41.189998626708984,27586400
2024-06-05,41.31999969482422,41.36000061035156,41.0099983215332,41.310001373291016,23817300
2024-06-06,41.380001068115234,41.5,41.130001068115234,41.290000915527344,39040200
2024-06-07,41.29999923706055,41.709999084472656,41.220001220703125,41.47999954223633,42273300
2024-06-10,41.29999923706055,41.369998931884766,41.04999923706055,41.31999969482422,31615200
2024-06-11,41.119998931884766,41.13999938964844,40.650001525878906,40.849998474121094,54584900
2024-06-12,41.27000045776367,41.31999969482422,40.75,40.810001373291016,46399800
2024-06-13,40.810001373291016,40.81999969482422,40.5,40.779998779296875,39497900
2024-06-14,40.5,40.72999954223633,40.369998931884766,40.650001525878906,29083000
2024-06-17,40.54999923706055,41.02000045776367,40.47999954223633,41.0099983215332,36076900
2024-06-18,40.959999084472656,41.27000045776367,40.91999816894531,41.27000045776367,38900300
2024-06-20,41.18000030517578,41.599998474121094,41.13999938964844,41.4900016784668,42869100
2024-06-21,41.38999938964844,41.43000030517578,41.09000015258789,41.33000183105469,42530600
2024-06-24,41.34000015258789,41.849998474121094,41.2400016784668,41.59000015258789,45252000
2024-06-25,41.5099983215332,41.63999938964844,41.15999984741211,41.279998779296875,32845400
2024-06-26,41.09000015258789,41.11000061035156,40.81999969482422,41.02000045776367,37978500
2024-06-27,40.900001525878906,41.02000045776367,40.720001220703125,40.970001220703125,25466100
2024-06-28,41.060001373291016,41.369998931884766,40.939998626708984,41.11000061035156,44045100
2024-07-01,41.279998779296875,41.54999923706055,41.029998779296875,41.20000076293945,36131100
2024-07-02,41.119998931884766,41.68000030517578,41.099998474121094,41.68000030517578,27033100
2024-07-03,41.720001220703125,41.7599983215332,41.529998779296875,41.54999923706055,21113200
2024-07-05,41.63999938964844,41.63999938964844,41.29999923706055,41.540000915527344,21421100
2024-07-08,41.599998474121094,41.849998474121094,41.380001068115234,41.43000030517578,27779300
2024-07-09,41.470001220703125,42.02000045776367,41.41999816894531,41.75,33140000
2024-07-10,41.54999923706055,41.91999816894531,41.529998779296875,41.90999984741211,28445400
2024-07-11,41.95000076293945,42.310001373291016,41.81999969482422,42.2400016784668,45836600
2024-07-12,42.189998626708984,42.560001373291016,42.08000183105469,42.380001068115234,39041200
2024-07-15,42.529998779296875,43.040000915527344,42.5,43.0,46561200
2024-07-16,43.029998779296875,43.5099983215332,42.95000076293945,43.4900016784668,52243100
2024-07-17,43.439998626708984,43.900001525878906,43.369998931884766,43.81999969482422,54773300
2024-07-18,43.66999816894531,44.11000061035156,43.189998626708984,43.290000915527344,58731300
2024-07-19,43.27000045776367,43.36000061035156,42.79999923706055,42.849998474121094,47220000
2024-07-22,42.95000076293945,43.16999816894531,42.75,43.09000015258789,29071100
2024-07-23,43.20000076293945,43.38999938964844,43.099998474121094,43.16999816894531,23800400
2024-07-24,43.040000915527344,43.130001068115234,42.58000183105469,42.58000183105469,47786900
2024-07-25,42.65999984741211,43.369998931884766,42.650001525878906,42.7400016784668,44862000
2024-07-26,42.970001220703125,43.540000915527344,42.95000076293945,43.40999984741211,32636300
2024-07-29,43.5099983215332,43.540000915527344,43.130001068115234,43.349998474121094,35195700
2024-07-30,43.619998931884766,44.0,43.599998474121094,43.849998474121094,31418700
2024-07-31,43.95000076293945,44.11000061035156,43.709999084472656,43.7400016784668,38694800
2024-08-01,43.900001525878906,43.959999084472656,42.93000030517578,43.119998931884766,47060900
2024-08-02,42.630001068115234,42.779998779296875,41.79999923706055,42.060001373291016,78599800
2024-08-05,41.13999938964844,41.22999954223633,40.65999984741211,40.84000015258789,107913600
2024-08-06,41.02000045776367,41.9900016784668,40.90999984741211,41.5,57668900
2024-08-07,41.959999084472656,42.36000061035156,41.4900016784668,41.54999923706055,43912600
2024-08-08,41.81999969482422,42.27000045776367,41.7599983215332,42.220001220703125,41260500
2024-08-09,42.209999084472656,42.5099983215332,42.040000915527344,42.400001525878906,23838800
2024-08-12,42.47999954223633,42.59000015258789,42.09000015258789,42.18000030517578,20509300
2024-08-13,42.43000030517578,42.560001373291016,42.119998931884766,42.529998779296875,24922000
2024-08-14,42.630001068115234,43.130001068115234,42.599998474121094,43.04999923706055,30673000
2024-08-15,43.459999084472656,43.689998626708984,43.310001373291016,43.45000076293945,33329000
2024-08-16,43.400001525878906,43.77000045776367,43.400001525878906,43.77000045776367,25338900
2024-08-19,43.779998779296875,44.02000045776367,43.779998779296875,44.0099983215332,24458600
2024-08-20,43.959999084472656,44.0,43.779998779296875,43.869998931884766,19620400
2024-08-21,43.939998626708984,43.9900016784668,43.56999969482422,43.79999923706055,19914100
2024-08-22,43.849998474121094,44.04999923706055,43.810001373291016,44.04999923706055,24738700
2024-08-23,44.18000030517578,44.540000915527344,44.09000015258789,44.43000030517578,32762500
2024-08-26,44.58000183105469,44.810001373291016,44.470001220703125,44.56999969482422,23716300
2024-08-27,44.65999984741211,44.81999969482422,44.58000183105469,44.79999923706055,21583500
2024-08-28,44.68000030517578,45.15999984741211,44.63999938964844,44.90999984741211,24726200
2024-08-29,45.060001373291016,45.459999084472656,44.75,45.310001373291016,33726600
2024-08-30,45.439998626708984,45.779998779296875,45.22999954223633,45.7400016784668,28967700
2024-09-03,45.5,45.880001068115234,45.189998626708984,45.400001525878906,39893900
2024-09-04,45.47999954223633,45.77000045776367,45.220001220703125,45.45000076293945,32006100
2024-09-05,45.63999938964844,45.65999984741211,44.75,44.95000076293945,39523500
2024-09-06,44.95000076293945,45.20000076293945,44.189998626708984,44.290000915527344,51331300
2024-09-09,44.709999084472656,45.20000076293945,44.650001525878906,44.95000076293945,41010900
2024-09-10,45.099998474121094,45.13999938964844,43.97999954223633,44.4900016784668,59115000
2024-09-11,44.31999969482422,44.349998474121094,43.380001068115234,44.279998779296875,59397500
2024-09-12,44.36000061035156,44.52000045776367,44.0,44.380001068115234,37732700
2024-09-13,44.5099983215332,44.689998626708984,44.40999984741211,44.5099983215332,32912300
2024-09-16,44.70000076293945,45.099998474121094,44.70000076293945,45.09000015258789,37063700
2024-09-17,45.189998626708984,45.47999954223633,45.13999938964844,45.33000183105469,27893300
2024-09-18,45.349998474121094,45.689998626708984,45.09000015258789,45.189998626708984,41783900
2024-09-19,45.650001525878906,45.810001373291016,45.34000015258789,45.689998626708984,46457700
2024-09-20,45.59000015258789,45.65999984741211,45.34000015258789,45.65999984741211,48699200
2024-09-23,45.4900016784668,45.66999816894531,45.36000061035156,45.439998626708984,31615300
2024-09-24,45.29999923706055,45.29999923706055,44.900001525878906,45.060001373291016,40341400
2024-09-25,45.08000183105469,45.13999938964844,44.650001525878906,44.790000915527344,32546900
2024-09-26,44.91999816894531,45.11000061035156,44.77000045776367,45.02000045776367,31445200
2024-09-27,45.119998931884766,45.439998626708984,45.04999923706055,45.150001525878906,23226100
2024-09-30,45.040000915527344,45.34000015258789,44.84000015258789,45.31999969482422,23593400
2024-10-01,45.20000076293945,45.310001373291016,44.779998779296875,45.08000183105469,32703000
2024-10-02,45.060001373291016,45.22999954223633,44.83000183105469,45.130001068115234,37709400
2024-10-03,44.959999084472656,45.04999923706055,44.66999816894531,44.88999938964844,23545700
2024-10-04,45.33000183105469,45.689998626708984,45.150001525878906,45.650001525878906,40432000
2024-10-07,45.650001525878906,45.66999816894531,44.900001525878906,45.09000015258789,26599300
2024-10-08,45.2599983215332,45.459999084472656,45.18000030517578,45.349998474121094,28763000
2024-10-09,45.349998474121094,45.86000061035156,45.2599983215332,45.77000045776367,28334300
2024-10-10,45.81999969482422,45.86000061035156,45.439998626708984,45.630001068115234,34127400
2024-10-11,45.91999816894531,46.599998474121094,45.88999938964844,46.5099983215332,52850300
2024-10-14,46.59000015258789,46.849998474121094,46.459999084472656,46.79999923706055,35850800
2024-10-15,47.119998931884766,47.38999938964844,46.84000015258789,46.900001525878906,42356800
2024-10-16,47.08000183105469,47.5,46.9900016784668,47.47999954223633,44973700
2024-10-17,47.68000030517578,47.810001373291016,47.58000183105469,47.61000061035156,45823400
2024-10-18,47.61000061035156,47.720001220703125,47.349998474121094,47.619998931884766,34279600
2024-10-21,47.540000915527344,47.650001525878906,47.150001525878906,47.2400016784668,26207400
2024-10-22,47.0,47.22999954223633,46.779998779296875,47.150001525878906,30018700
2024-10-23,47.099998474121094,47.220001220703125,46.880001068115234,47.11000061035156,20697200
2024-10-24,47.119998931884766,47.209999084472656,46.86000061035156,47.150001525878906,19617500
2024-10-25,47.34000015258789,47.41999816894531,46.52000045776367,46.630001068115234,25526500
2024-10-28,46.869998931884766,47.25,46.86000061035156,47.209999084472656,31415900
2024-10-29,47.09000015258789,47.220001220703125,46.880001068115234,46.91999816894531,27930900
2024-10-30,46.97999954223633,47.43000030517578,46.939998626708984,47.130001068115234,28704300
2024-10-31,47.06999969482422,47.209999084472656,46.47999954223633,46.47999954223633,53417100
2024-11-01,46.630001068115234,47.0,46.52000045776367,46.63999938964844,40139900
2024-11-04,46.61000061035156,46.650001525878906,46.029998779296875,46.279998779296875,41705600
2024-11-05,46.31999969482422,46.72999954223633,46.22999954223633,46.709999084472656,35221800
2024-11-06,49.040000915527344,49.68000030517578,48.70000076293945,49.54999923706055,153473400
2024-11-07,49.439998626708984,49.439998626708984,48.65999984741211,48.75,70611400
2024-11-08,49.099998474121094,49.470001220703125,48.849998474121094,49.189998626708984,60376500
2024-11-11,49.68000030517578,50.13999938964844,49.66999816894531,49.88999938964844,63654700
2024-11-12,49.869998931884766,49.939998626708984,49.59000015258789,49.7400016784668,58512400
2024-11-13,49.84000015258789,50.130001068115234,49.689998626708984,49.77000045776367,31880700
2024-11-14,49.880001068115234,49.9900016784668,49.54999923706055,49.63999938964844,38252800
2024-11-15,49.63999938964844,50.0099983215332,49.61000061035156,49.869998931884766,40741500
2024-11-18,49.90999984741211,50.11000061035156,49.70000076293945,50.02000045776367,27141600
2024-11-19,49.619998931884766,49.880001068115234,49.41999816894531,49.689998626708984,27014700
2024-11-20,49.88999938964844,49.91999816894531,49.29999923706055,49.540000915527344,33932500
2024-11-21,49.790000915527344,50.400001525878906,49.65999984741211,50.16999816894531,50881800
2024-11-22,50.13999938964844,50.779998779296875,50.130001068115234,50.72999954223633,42050800
2024-11-25,51.0099983215332,51.25,50.86000061035156,51.060001373291016,47492500
2024-11-26,51.08000183105469,51.2599983215332,50.7599983215332,51.15999984741211,28418400
2024-11-27,51.22999954223633,51.619998931884766,51.209999084472656,51.2599983215332,31803700
2024-11-29,51.439998626708984,51.56999969482422,51.25,51.34000015258789,15178400
2024-12-02,51.41999816894531,51.4900016784668,50.70000076293945,50.83000183105469,55483600
2024-12-03,51.130001068115234,51.130001068115234,50.45000076293945,50.45000076293945,46924300
2024-12-04,50.400001525878906,50.439998626708984,50.09000015258789,50.2599983215332,41017400
2024-12-05,50.34000015258789,50.66999816894531,50.29999923706055,50.40999984741211,33599300
2024-12-06,50.400001525878906,50.56999969482422,50.2599983215332,50.400001525878906,23439400
2024-12-09,50.439998626708984,50.4900016784668,49.689998626708984,49.709999084472656,41998300
2024-12-10,49.75,49.97999954223633,49.38999938964844,49.70000076293945,38861800
2024-12-11,49.900001525878906,49.91999816894531,49.58000183105469,49.79999923706055,35035900
2024-12-12,49.93000030517578,49.970001220703125,49.58000183105469,49.58000183105469,23107300
2024-12-13,49.779998779296875,49.79999923706055,49.43000030517578,49.540000915527344,39160400
2024-12-16,49.56999969482422,49.630001068115234,49.36000061035156,49.45000076293945,35242800
2024-12-17,49.2599983215332,49.27000045776367,48.93000030517578,49.099998474121094,46103300
2024-12-18,49.189998626708984,49.29999923706055,47.59000015258789,47.630001068115234,72399500
2024-12-19,48.16999816894531,48.529998779296875,47.790000915527344,47.79999923706055,63641000
2024-12-20,47.70000076293945,48.88999938964844,47.599998474121094,48.5099983215332,56066100
2024-12-23,48.060001373291016,48.459999084472656,47.869998931884766,48.41999816894531,43033300
2024-12-24,48.52000045776367,49.0099983215332,48.43000030517578,48.9900016784668,18350500
2024-12-26,48.77000045776367,49.130001068115234,48.7400016784668,49.11000061035156,20805600
2024-12-27,48.849998474121094,49.16999816894531,48.4900016784668,48.75,33852400
2024-12-30,48.25,48.5,47.86000061035156,48.279998779296875,34819800
2024-12-31,48.400001525878906,48.56999969482422,48.15999984741211,48.33000183105469,25170500
2025-01-02,48.58000183105469,48.77000045776367,47.939998626708984,48.209999084472656,35879100
2025-01-03,48.4900016784668,48.619998931884766,48.08000183105469,48.59000015258789,25198100
2025-01-06,48.79999923706055,49.02000045776367,48.349998474121094,48.439998626708984,54289900
2025-01-07,48.650001525878906,48.7599983215332,48.119998931884766,48.33000183105469,57682700
2025-01-08,48.34000015258789,48.5,48.02000045776367,48.4900016784668,36422000
2025-01-10,48.099998474121094,48.13999938964844,47.150001525878906,47.31999969482422,53128700
2025-01-13,47.08000183105469,47.68000030517578,47.040000915527344,47.65999984741211,36002800
2025-01-14,47.849998474121094,48.290000915527344,47.7400016784668,48.25,39353300
2025-01-15,49.279998779296875,49.61000061035156,49.0099983215332,49.47999954223633,61176900
2025-01-16,49.459999084472656,49.849998474121094,49.459999084472656,49.810001373291016,33830400
2025-01-17,49.90999984741211,50.31999969482422,49.72999954223633,50.22999954223633,43693100
2025-01-21,50.400001525878906,50.709999084472656,50.38999938964844,50.650001525878906,33267500
2025-01-22,50.650001525878906,50.65999984741211,50.209999084472656,50.40999984741211,37226400
2025-01-23,50.4900016784668,50.790000915527344,50.47999954223633,50.70000076293945,32048800
2025-01-24,50.529998779296875,50.900001525878906,50.47999954223633,50.849998474121094,39088700
2025-01-27,50.7599983215332,51.439998626708984,50.619998931884766,51.40999984741211,61707400
2025-01-28,51.349998474121094,51.54999923706055,51.11000061035156,51.31999969482422,39885300
2025-01-29,51.18000030517578,51.7400016784668,51.16999816894531,51.279998779296875,43612200
2025-01-30,51.75,52.040000915527344,51.43000030517578,51.77000045776367,64250500
2025-01-31,51.83000183105469,51.970001220703125,51.439998626708984,51.470001220703125,40424200
2025-02-03,50.75,51.400001525878906,50.40999984741211,51.2599983215332,77416200
2025-02-04,51.31999969482422,51.38999938964844,51.0,51.13999938964844,41742700
2025-02-05,51.36000061035156,51.689998626708984,51.13999938964844,51.68000030517578,34758600
2025-02-06,51.97999954223633,52.130001068115234,51.7599983215332,52.11000061035156,34355900
2025-02-07,52.16999816894531,52.2599983215332,51.779998779296875,51.81999969482422,40601400
2025-02-10,51.90999984741211,51.97999954223633,51.189998626708984,51.40999984741211,37921500
2025-02-11,51.33000183105469,51.63999938964844,51.02000045776367,51.540000915527344,45162900
2025-02-12,51.279998779296875,51.380001068115234,50.91999816894531,51.36000061035156,45473100
2025-02-13,51.5,51.77000045776367,51.279998779296875,51.70000076293945,36372200
2025-02-14,51.77000045776367,52.02000045776367,51.75,51.79999923706055,29574300
2025-02-18,51.880001068115234,52.20000076293945,51.75,52.16999816894531,33496800
2025-02-19,52.040000915527344,52.25,51.900001525878906,52.189998626708984,31748500
2025-02-20,52.11000061035156,52.150001525878906,51.040000915527344,51.38999938964844,47078900
2025-02-21,51.40999984741211,51.5,50.650001525878906,50.75,51789900
2025-02-24,50.9900016784668,51.40999984741211,50.68000030517578,50.970001220703125,56673900
2025-02-25,51.27000045776367,51.40999984741211,50.310001373291016,50.959999084472656,50132800
2025-02-26,50.970001220703125,51.31999969482422,50.75,50.849998474121094,31250500
2025-02-27,51.029998779296875,51.79999923706055,50.9900016784668,51.130001068115234,44378600
2025-02-28,51.38999938964844,52.2599983215332,51.16999816894531,52.18000030517578,63537100
2025-03-03,52.31999969482422,52.63999938964844,51.369998931884766,51.7400016784668,76100100
2025-03-04,51.220001220703125,51.279998779296875,49.63999938964844,49.91999816894531,99342400
2025-03-05,49.939998626708984,50.45000076293945,49.560001373291016,50.209999084472656,75561700
2025-03-06,49.619998931884766,49.959999084472656,49.060001373291016,49.380001068115234,55477700
2025-03-07,49.20000076293945,49.33000183105469,48.25,49.119998931884766,87351400
2025-03-10,48.290000915527344,48.61000061035156,47.459999084472656,48.02000045776367,78221400
2025-03-11,47.95000076293945,48.08000183105469,47.279998779296875,47.61000061035156,72972200
2025-03-12,48.119998931884766,48.189998626708984,47.220001220703125,47.68000030517578,60700100
2025-03-13,47.79999923706055,48.08000183105469,47.279998779296875,47.41999816894531,49986300
2025-03-14,47.869998931884766,48.599998474121094,47.619998931884766,48.52000045776367,49535700
2025-03-17,48.33000183105469,49.33000183105469,48.31999969482422,49.09000015258789,43570500
2025-03-18,49.130001068115234,49.290000915527344,48.849998474121094,49.029998779296875,32714200
2025-03-19,49.060001373291016,49.83000183105469,48.86000061035156,49.56999969482422,44290700
2025-03-20,49.290000915527344,49.97999954223633,49.20000076293945,49.63999938964844,46326000
2025-03-21,49.38999938964844,49.63999938964844,49.029998779296875,49.459999084472656,53382800
2025-03-24,49.790000915527344,50.27000045776367,49.65999984741211,50.150001525878906,43158200
2025-03-25,50.33000183105469,50.5099983215332,50.08000183105469,50.43000030517578,24873700
2025-03-26,50.58000183105469,50.90999984741211,50.09000015258789,50.279998779296875,39729200
2025-03-27,50.189998626708984,50.45000076293945,49.790000915527344,50.18000030517578,32299800
2025-03-28,50.029998779296875,50.29999923706055,49.02000045776367,49.209999084472656,45365400
2025-03-31,48.720001220703125,50.060001373291016,48.58000183105469,49.810001373291016,38042300
2025-04-01,49.619998931884766,49.970001220703125,49.20000076293945,49.75,37959100
2025-04-02,49.349998474121094,50.33000183105469,49.27000045776367,50.15999984741211,41792100
2025-04-03,48.20000076293945,48.650001525878906,47.599998474121094,47.689998626708984,101160600
2025-04-04,46.06999969482422,46.40999984741211,44.09000015258789,44.20000076293945,128135300
2025-04-07,42.84000015258789,45.650001525878906,42.209999084472656,44.09000015258789,179993200
2025-04-08,45.79999923706055,46.220001220703125,43.2400016784668,43.91999816894531,98804200
2025-04-09,43.2400016784668,47.61000061035156,43.06999969482422,47.22999954223633,177242900
2025-04-10,46.529998779296875,46.599998474121094,44.540000915527344,45.90999984741211,93318200
2025-04-11,45.599998474121094,46.970001220703125,45.369998931884766,46.66999816894531,63647400
2025-04-14,47.349998474121094,47.619998931884766,46.869998931884766,47.150001525878906,52008900
2025-04-15,47.41999816894531,47.900001525878906,47.22999954223633,47.27000045776367,41840100
2025-04-16,47.16999816894531,47.34000015258789,46.18000030517578,46.529998779296875,47934300
2025-04-17,46.5,47.209999084472656,46.43000030517578,46.650001525878906,61866600
2025-04-21,46.40999984741211,46.54999923706055,45.13999938964844,45.650001525878906,43082300
2025-04-22,46.34000015258789,47.279998779296875,46.20000076293945,47.15999984741211,38154800
2025-04-23,48.040000915527344,48.72999954223633,47.560001373291016,47.720001220703125,50290900
2025-04-24,47.54999923706055,48.34000015258789,47.36000061035156,48.25,26817900
2025-04-25,48.0099983215332,48.22999954223633,47.70000076293945,48.02000045776367,28113000
2025-04-28,48.220001220703125,48.56999969482422,47.83000183105469,48.16999816894531,33922800
2025-04-29,48.18000030517578,48.7599983215332,47.959999084472656,48.66999816894531,42475300
2025-04-30,48.150001525878906,48.93000030517578,47.5,48.7599983215332,33759900
2025-05-01,48.58000183105469,49.06999969482422,48.439998626708984,48.75,34420200
2025-05-02,49.4900016784668,49.939998626708984,49.33000183105469,49.7599983215332,35032100
2025-05-05,49.34000015258789,49.83000183105469,49.099998474121094,49.439998626708984,24139900
2025-05-06,49.0,49.560001373291016,48.970001220703125,49.15999984741211,28949100
2025-05-07,49.31999969482422,49.720001220703125,49.2599983215332,49.45000076293945,30070100
2025-05-08,49.84000015258789,50.369998931884766,49.72999954223633,49.86000061035156,31294200
2025-05-09,49.959999084472656,50.040000915527344,49.720001220703125,49.86000061035156,22075000
2025-05-12,51.11000061035156,51.20000076293945,50.54999923706055,50.869998931884766,44274100
2025-05-13,51.0,51.31999969482422,50.90999984741211,51.08000183105469,33986100
2025-05-14,51.11000061035156,51.16999816894531,50.790000915527344,50.939998626708984,38764200
2025-05-15,50.869998931884766,51.36000061035156,50.83000183105469,51.279998779296875,34742500
2025-05-16,51.27000045776367,51.66999816894531,51.15999984741211,51.59000015258789,53401000
2025-05-19,51.31999969482422,51.77000045776367,51.2400016784668,51.619998931884766,26348400
2025-05-20,51.380001068115234,51.52000045776367,51.11000061035156,51.34000015258789,26903000
2025-05-21,51.02000045776367,51.16999816894531,50.25,50.290000915527344,40022000
2025-05-22,50.18000030517578,50.52000045776367,49.970001220703125,50.22999954223633,33662800
2025-05-23,49.59000015258789,50.290000915527344,49.56999969482422,50.04999923706055,33645600
2025-05-27,50.439998626708984,50.959999084472656,50.2599983215332,50.93000030517578,38636400
2025-05-28,50.88999938964844,51.02000045776367,50.5099983215332,50.59000015258789,31730200
2025-05-29,50.7599983215332,50.86000061035156,50.36000061035156,50.849998474121094,34098400
2025-05-30,50.68000030517578,51.04999923706055,50.459999084472656,50.959999084472656,37953200
2025-06-02,50.61000061035156,51.0,50.290000915527344,50.97999954223633,30142300
2025-06-03,50.81999969482422,51.130001068115234,50.40999984741211,51.08000183105469,33705400
2025-06-04,51.150001525878906,51.209999084472656,50.779998779296875,50.790000915527344,24600500
2025-06-05,50.79999923706055,50.880001068115234,50.45000076293945,50.650001525878906,42014400
2025-06-06,51.16999816894531,51.439998626708984,51.04999923706055,51.279998779296875,34982800
2025-06-09,51.34000015258789,51.36000061035156,50.689998626708984,51.0,28322100
2025-06-10,50.9900016784668,51.08000183105469,50.880001068115234,51.060001373291016,27728600
2025-06-11,51.11000061035156,51.34000015258789,50.810001373291016,51.0,39368400
2025-06-12,50.70000076293945,51.0099983215332,50.5,51.0,25500900
2025-06-13,50.349998474121094,50.459999084472656,49.810001373291016,49.959999084472656,54921900
2025-06-16,50.31999969482422,50.880001068115234,50.310001373291016,50.529998779296875,35632400
2025-06-17,50.27000045776367,50.47999954223633,50.09000015258789,50.2400016784668,31130700
2025-06-18,50.220001220703125,50.77000045776367,50.150001525878906,50.220001220703125,45728200
2025-06-20,50.369998931884766,50.58000183105469,50.220001220703125,50.36000061035156,44456100
2025-06-23,50.20000076293945,50.84000015258789,49.84000015258789,50.81999969482422,43022700
2025-06-24,51.31999969482422,51.77000045776367,51.279998779296875,51.58000183105469,41225000
2025-06-25,51.59000015258789,51.599998474121094,51.29999923706055,51.40999984741211,33123900
2025-06-26,51.439998626708984,51.83000183105469,51.40999984741211,51.790000915527344,37866000
2025-06-27,51.75,52.22999954223633,51.70000076293945,51.939998626708984,38954100
2025-06-30,52.18000030517578,52.439998626708984,52.13999938964844,52.369998931884766,42472900
2025-07-01,52.2400016784668,52.77000045776367,52.209999084472656,52.65999984741211,33844800
2025-07-02,52.75,52.7599983215332,52.34000015258789,52.619998931884766,40791100
2025-07-03,52.75,53.27000045776367,52.70000076293945,53.189998626708984,25904800
2025-07-07,53.130001068115234,53.25,52.41999816894531,52.68000030517578,34049000
2025-07-08,52.560001373291016,52.599998474121094,52.18000030517578,52.209999084472656,53715000
2025-07-09,52.47999954223633,52.5,52.13999938964844,52.400001525878906,36634900
2025-07-10,52.279998779296875,52.7599983215332,52.279998779296875,52.709999084472656,27992600
2025-07-11,52.36000061035156,52.40999984741211,52.08000183105469,52.15999984741211,30289900
2025-07-14,52.150001525878906,52.58000183105469,52.02000045776367,52.54999923706055,27636500
2025-07-15,52.34000015258789,52.45000076293945,51.650001525878906,51.650001525878906,47704600
2025-07-16,51.93000030517578,52.060001373291016,51.33000183105469,52.0099983215332,46726500
2025-07-17,51.869998931884766,52.599998474121094,51.810001373291016,52.5099983215332,48213900
2025-07-18,52.58000183105469,52.650001525878906,52.43000030517578,52.540000915527344,29791300
2025-07-21,52.56999969482422,52.939998626708984,52.369998931884766,52.38999938964844,36871400
2025-07-22,52.5,52.75,52.470001220703125,52.68000030517578,32289100
2025-07-23,52.79999923706055,53.099998474121094,52.560001373291016,53.099998474121094,32111300
2025-07-24,53.119998931884766,53.439998626708984,53.0099983215332,53.06999969482422,32371900
2025-07-25,53.099998474121094,53.4900016784668,52.9900016784668,53.439998626708984,28964700
2025-07-28,53.380001068115234,53.439998626708984,52.959999084472656,53.06999969482422,29119300
2025-07-29,53.25,53.29999923706055,52.68000030517578,52.79999923706055,37883200
2025-07-30,52.779998779296875,53.029998779296875,52.439998626708984,52.70000076293945,37260100
2025-07-31,52.47999954223633,52.9900016784668,52.27000045776367,52.369998931884766,46179400
2025-08-01,51.720001220703125,51.7599983215332,51.04999923706055,51.400001525878906,63060800
2025-08-04,51.599998474121094,51.90999984741211,51.4900016784668,51.90999984741211,40053100
2025-08-05,52.04999923706055,52.09000015258789,51.36000061035156,51.70000076293945,33551000
2025-08-06,51.810001373291016,52.029998779296875,51.65999984741211,51.95000076293945,34198700
2025-08-07,52.18000030517578,52.25,51.220001220703125,51.369998931884766,43119400
2025-08-08,51.66999816894531,51.970001220703125,51.5,51.849998474121094,39484400
2025-08-11,51.959999084472656,52.029998779296875,51.720001220703125,51.83000183105469,29351200
2025-08-12,52.04999923706055,52.54999923706055,52.040000915527344,52.459999084472656,37510000
2025-08-13,52.65999984741211,52.90999984741211,52.4900016784668,52.7599983215332,41154900
2025-08-14,52.709999084472656,53.04999923706055,52.529998779296875,53.0099983215332,35841500
2025-08-15,53.130001068115234,53.15999984741211,52.41999816894531,52.459999084472656,46108500
2025-08-18,52.38999938964844,52.560001373291016,52.290000915527344,52.5,25405100
2025-08-19,52.45000076293945,52.869998931884766,52.45000076293945,52.599998474121094,24870800
2025-08-20,52.63999938964844,53.0099983215332,52.5099983215332,52.869998931884766,39138800
2025-08-21,52.720001220703125,52.79999923706055,52.349998474121094,52.70000076293945,29037000
2025-08-22,52.970001220703125,53.68000030517578,52.95000076293945,53.56999969482422,47249800
2025-08-25,53.470001220703125,53.58000183105469,53.2400016784668,53.2599983215332,24756500
2025-08-26,53.099998474121094,53.689998626708984,53.099998474121094,53.66999816894531,27907000
2025-08-27,53.540000915527344,53.939998626708984,53.5099983215332,53.779998779296875,39530100
2025-08-28,53.88999938964844,53.90999984741211,53.70000076293945,53.849998474121094,28837300
2025-08-29,53.900001525878906,54.13999938964844,53.79999923706055,53.9900016784668,36062400
2025-09-02,53.70000076293945,53.70000076293945,53.119998931884766,53.59000015258789,38733100
2025-09-03,53.5,53.599998474121094,53.130001068115234,53.5,36420100
2025-09-04,53.689998626708984,54.08000183105469,53.56999969482422,54.060001373291016,32730000
2025-09-05,54.11000061035156,54.25,52.869998931884766,53.06999969482422,58377100
2025-09-08,53.09000015258789,53.16999816894531,52.84000015258789,53.11000061035156,49490900
2025-09-09,52.97999954223633,53.59000015258789,52.959999084472656,53.34000015258789,38884500
2025-09-10,53.16999816894531,53.400001525878906,52.93000030517578,53.15999984741211,32915900
2025-09-11,53.189998626708984,54.06999969482422,53.18000030517578,54.029998779296875,36635400
2025-09-12,53.959999084472656,54.06999969482422,53.709999084472656,53.79999923706055,25705900
2025-09-15,53.88999938964844,54.09000015258789,53.619998931884766,53.68000030517578,31922000
2025-09-16,53.61000061035156,53.66999816894531,53.27000045776367,53.560001373291016,28482500
2025-09-17,53.66999816894531,54.33000183105469,53.650001525878906,54.08000183105469,47976100
2025-09-18,54.11000061035156,54.5,53.9900016784668,54.130001068115234,36609100
2025-09-19,54.2599983215332,54.40999984741211,53.91999816894531,54.25,46731400
2025-09-22,53.70000076293945,54.060001373291016,53.63999938964844,54.0,32393000
2025-09-23,53.95000076293945,54.4900016784668,53.630001068115234,53.7599983215332,28698900
2025-09-24,53.83000183105469,53.959999084472656,53.5,53.61000061035156,23893400
2025-09-25,53.470001220703125,53.709999084472656,53.2400016784668,53.470001220703125,24757500
2025-09-26,53.709999084472656,54.099998474121094,53.63999938964844,53.86000061035156,30686100
2025-09-29,54.040000915527344,54.150001525878906,53.7400016784668,54.130001068115234,20713800
2025-09-30,54.060001373291016,54.2400016784668,53.41999816894531,53.869998931884766,32442200
2025-10-01,53.61000061035156,53.7599983215332,53.369998931884766,53.38999938964844,33210100
2025-10-02,53.310001373291016,53.47999954223633,53.060001373291016,53.349998474121094,32443400
2025-10-03,53.41999816894531,53.970001220703125,53.380001068115234,53.720001220703125,32111600
2025-10-06,53.93000030517578,54.06999969482422,53.29999923706055,53.70000076293945,32001300
2025-10-07,53.880001068115234,54.04999923706055,53.52000045776367,53.77000045776367,31250500
2025-10-08,53.93000030517578,53.95000076293945,53.34000015258789,53.5099983215332,26848700
2025-10-09,53.630001068115234,53.810001373291016,53.189998626708984,53.31999969482422,33922400
2025-10-10,53.459999084472656,53.68000030517578,52.15999984741211,52.15999984741211,73596200
2025-10-13,52.54999923706055,52.81999969482422,52.34000015258789,52.65999984741211,39651900
2025-10-14,52.45000076293945,53.650001525878906,52.25,53.2400016784668,62588700
2025-10-15,53.43000030517578,53.7599983215332,52.86000061035156,53.2400016784668,39526600
2025-10-16,53.09000015258789,53.119998931884766,51.540000915527344,51.7599983215332,85420100
2025-10-17,51.900001525878906,52.36000061035156,51.72999954223633,52.18000030517578,52288900
2025-10-20,52.36000061035156,52.900001525878906,52.290000915527344,52.790000915527344,39479600
2025-10-21,52.65999984741211,53.130001068115234,52.65999984741211,52.72999954223633,31213600
2025-10-22,52.779998779296875,52.81999969482422,52.119998931884766,52.43000030517578,53727500
2025-10-23,52.59000015258789,52.68000030517578,52.290000915527344,52.540000915527344,29483700
2025-10-24,52.849998474121094,53.279998779296875,52.810001373291016,53.11000061035156,31947800
2025-10-27,53.369998931884766,53.43000030517578,53.20000076293945,53.33000183105469,27154100
2025-10-28,53.33000183105469,53.400001525878906,52.939998626708984,52.9900016784668,33648000
2025-10-29,52.45000076293945,52.58000183105469,51.869998931884766,52.09000015258789,61846300
2025-10-30,52.02000045776367,52.81999969482422,52.02000045776367,52.22999954223633,48568700
2025-10-31,52.0099983215332,52.5,51.939998626708984,52.369998931884766,40425800
2025-11-03,52.33000183105469,52.34000015258789,51.650001525878906,52.150001525878906,38693200
2025-11-04,51.95000076293945,52.540000915527344,51.84000015258789,52.41999816894531,44675200
2025-11-05,52.4900016784668,52.81999969482422,52.18000030517578,52.599998474121094,38036300
2025-11-06,52.5099983215332,52.70000076293945,52.16999816894531,52.40999984741211,42625700
2025-11-07,52.279998779296875,52.79999923706055,52.09000015258789,52.779998779296875,46218700
2025-11-10,52.93000030517578,53.150001525878906,52.650001525878906,52.970001220703125,42010600
2025-11-11,53.06999969482422,53.34000015258789,52.880001068115234,53.209999084472656,29995800
2025-11-12,53.220001220703125,53.88999938964844,53.220001220703125,53.66999816894531,46052700
2025-11-13,53.56999969482422,53.7599983215332,52.880001068115234,52.97999954223633,50455300
2025-11-14,52.810001373291016,52.810001373291016,52.27000045776367,52.45000076293945,46154600
2025-11-17,52.470001220703125,52.4900016784668,51.25,51.45000076293945,70048500
2025-11-18,51.279998779296875,51.75,51.150001525878906,51.369998931884766,66043600
2025-11-19,51.380001068115234,51.650001525878906,51.189998626708984,51.560001373291016,46003900
2025-11-20,52.029998779296875,52.38999938964844,51.08000183105469,51.11000061035156,70096400
2025-11-21,51.459999084472656,51.970001220703125,51.13999938964844,51.66999816894531,68942900
2025-11-24,51.7400016784668,51.970001220703125,51.33000183105469,51.88999938964844,43789100
2025-11-25,52.11000061035156,52.65999984741211,51.90999984741211,52.540000915527344,50989800
2025-11-26,52.66999816894531,53.150001525878906,52.599998474121094,52.95000076293945,35268500
2025-11-28,53.099998474121094,53.54999923706055,53.029998779296875,53.33000183105469,16136100
2025-12-01,53.06999969482422,53.400001525878906,52.84000015258789,52.88999938964844,29296300
2025-12-02,52.9900016784668,53.13999938964844,52.63999938964844,52.84000015258789,29771500
2025-12-03,52.939998626708984,53.599998474121094,52.880001068115234,53.54999923706055,32018000
2025-12-04,53.59000015258789,53.90999984741211,53.470001220703125,53.65999984741211,33678700
2025-12-05,53.540000915527344,53.93000030517578,53.45000076293945,53.68000030517578,28532300
2025-12-08,53.70000076293945,53.709999084472656,53.279998779296875,53.47999954223633,31164200
2025-12-09,53.5,53.95000076293945,53.25,53.279998779296875,46335400
2025-12-10,53.279998779296875,54.08000183105469,53.209999084472656,53.88999938964844,45437500
2025-12-11,53.959999084472656,54.97999954223633,53.93000030517578,54.869998931884766,51786500
2025-12-12,55.15999984741211,55.209999084472656,54.709999084472656,54.95000076293945,64428900
2025-12-15,55.18000030517578,55.310001373291016,54.81999969482422,54.9900016784668,35356800
2025-12-16,55.040000915527344,55.15999984741211,54.47999954223633,54.63999938964844,37342300
2025-12-17,54.79999923706055,55.06999969482422,54.58000183105469,54.630001068115234,41112400
2025-12-18,54.77000045776367,55.02000045776367,54.36000061035156,54.540000915527344,35021600
2025-12-19,54.560001373291016,55.02000045776367,54.560001373291016,54.84000015258789,46595300
2025-12-22,54.75,55.439998626708984,54.7400016784668,55.31999969482422,37987800
2025-12-23,55.310001373291016,55.560001373291016,55.310001373291016,55.43000030517578,24732900
2025-12-24,55.5099983215332,55.88999938964844,55.40999984741211,55.72999954223633,15685800
2025-12-26,55.709999084472656,55.79999923706055,55.439998626708984,55.619998931884766,20410100
2025-12-29,55.59000015258789,55.68000030517578,55.2599983215332,55.31999969482422,34223800
2025-12-30,55.400001525878906,55.400001525878906,55.13999938964844,55.18000030517578,16160900
2025-12-31,55.220001220703125,55.2599983215332,54.75,54.77000045776367,22996200
2026-01-02,54.83000183105469,55.0,54.34000015258789,54.93000030517578,36087100
2026-01-05,54.81999969482422,56.5099983215332,54.81999969482422,56.130001068115234,58044100
2026-01-06,56.040000915527344,56.52000045776367,55.9900016784668,56.400001525878906,38950800
2026-01-07,56.22999954223633,56.34000015258789,55.540000915527344,55.61000061035156,44720900
2026-01-08,55.45000076293945,56.25,55.40999984741211,55.900001525878906,35358300
2026-01-09,55.97999954223633,56.15999984741211,55.720001220703125,55.72999954223633,29544900
2026-01-12,55.029998779296875,55.36000061035156,54.84000015258789,55.290000915527344,42021600
2026-01-13,55.150001525878906,55.22999954223633,54.150001525878906,54.22999954223633,77045100
2026-01-14,54.04999923706055,54.18000030517578,53.689998626708984,54.150001525878906,59754600
2026-01-15,54.220001220703125,54.70000076293945,54.209999084472656,54.369998931884766,48490800
2026-01-16,54.369998931884766,54.7599983215332,54.290000915527344,54.439998626708984,44363200
2026-01-20,53.61000061035156,54.11000061035156,53.099998474121094,53.20000076293945,57030800
2026-01-21,53.369998931884766,53.83000183105469,53.2400016784668,53.459999084472656,49360300
2026-01-22,53.650001525878906,54.04999923706055,53.63999938964844,53.810001373291016,46919300
2026-01-23,53.4900016784668,53.5099983215332,52.880001068115234,53.06999969482422,47057500
2026-01-26,53.099998474121094,53.54999923706055,53.09000015258789,53.40999984741211,31072700
2026-01-27,53.31999969482422,53.43000030517578,52.84000015258789,53.0,38633700
2026-01-28,52.93000030517578,53.209999084472656,52.7599983215332,52.9900016784668,45450800
2026-01-29,53.31999969482422,53.630001068115234,52.9900016784668,53.54999923706055,51975400
2026-01-30,53.380001068115234,53.65999984741211,53.02000045776367,53.439998626708984,42767000
2026-02-02,53.45000076293945,54.09000015258789,53.20000076293945,54.029998779296875,48031500
2026-02-03,53.720001220703125,54.16999816894531,53.15999984741211,53.529998779296875,66887100
2026-02-04,53.5099983215332,54.18000030517578,53.400001525878906,53.959999084472656,59506400
2026-02-05,53.939998626708984,54.060001373291016,53.18000030517578,53.290000915527344,64475000
2026-02-06,53.83000183105469,54.349998474121094,53.83000183105469,54.2599983215332,53073800
2026-02-09,54.08000183105469,54.38999938964844,53.900001525878906,53.939998626708984,31699900
2026-02-10,53.70000076293945,54.2599983215332,53.119998931884766,53.54999923706055,57920800
2026-02-11,53.66999816894531,53.93000030517578,52.689998626708984,52.7400016784668,60339900
2026-02-12,52.900001525878906,53.11000061035156,51.43000030517578,51.689998626708984,94645100
2026-02-13,51.54999923706055,51.93000030517578,51.25,51.650001525878906,56449300
2026-02-17,51.81999969482422,52.40999984741211,51.81999969482422,52.20000076293945,54064700
2026-02-18,52.349998474121094,52.779998779296875,52.279998779296875,52.59000015258789,45224000
2026-02-19,52.13999938964844,52.380001068115234,51.7400016784668,52.150001525878906,47344400
2026-02-20,52.040000915527344,52.5,51.720001220703125,52.4900016784668,52934100
2026-02-23,52.189998626708984,52.470001220703125,50.63999938964844,50.72999954223633,94600400
2026-02-24,50.45000076293945,51.18000030517578,50.2400016784668,50.97999954223633,64114100
2026-02-25,51.2400016784668,51.88999938964844,51.16999816894531,51.869998931884766,47652800
2026-02-26,52.06999969482422,52.65999984741211,51.97999954223633,52.5,60884300
2026-02-27,51.880001068115234,52.060001373291016,51.0099983215332,51.43000030517578,81998700
2026-03-02,50.61000061035156,51.630001068115234,50.459999084472656,51.29999923706055,70107200
2026-03-03,50.290000915527344,51.54999923706055,50.08000183105469,51.209999084472656,94738700
2026-03-04,51.33000183105469,51.650001525878906,51.08000183105469,51.5,51472400
2026-03-05,51.2400016784668,51.81999969482422,50.90999984741211,51.22999954223633,58430700
2026-03-06,50.439998626708984,50.619998931884766,49.75,50.56999969482422,75632700
2026-03-09,49.91999816894531,50.52000045776367,49.18000030517578,50.33000183105469,78178700
2026-03-10,50.33000183105469,50.689998626708984,49.75,50.060001373291016,70834200
2026-03-11,49.97999954223633,50.119998931884766,49.220001220703125,49.63999938964844,56301200
2026-03-12,48.97999954223633,49.220001220703125,48.790000915527344,48.83000183105469,67871700
2026-03-13,49.11000061035156,49.459999084472656,48.849998474121094,48.88999938964844,47595200
2026-03-16,49.25,49.75,49.11000061035156,49.29999923706055,45720100
2026-03-17,49.70000076293945,50.189998626708984,49.5099983215332,49.560001373291016,46974000
2026-03-18,49.369998931884766,49.709999084472656,48.91999816894531,48.970001220703125,49239100
2026-03-19,48.77000045776367,49.18000030517578,48.52000045776367,48.9900016784668,58374000
2026-03-20,48.95500183105469,49.34000015258789,48.790000915527344,49.08000183105469,82438260
