Date,Open,High,Low,Close,Volume
2016-01-28,882.5,884.25,867.25,867.75,151110
2016-01-29,868.75,883.0,867.0,882.25,137841
2016-02-01,883.0,883.25,876.0,880.75,101524
2016-02-02,880.25,889.5,878.25,886.25,142056
2016-02-03,885.5,886.0,874.25,876.75,137447
2016-02-04,878.0,884.25,872.75,874.5,160779
2016-02-05,875.75,879.0,867.25,867.5,150936
2016-02-08,867.5,868.75,861.5,862.5,114019
2016-02-09,862.75,866.5,859.5,863.25,136517
2016-02-10,863.5,866.25,861.5,862.25,112212
2016-02-11,862.25,874.25,862.0,873.5,145579
2016-02-12,873.0,875.5,868.5,872.75,91788
2016-02-16,875.5,882.75,873.25,879.75,168027
2016-02-17,879.0,885.25,876.75,882.5,171253
2016-02-18,882.25,882.75,878.0,879.75,131756
2016-02-19,879.5,881.75,877.75,878.25,123010
2016-02-22,881.75,887.5,880.25,881.0,143714
2016-02-23,880.0,880.25,868.0,869.25,110272
2016-02-24,869.25,870.5,864.5,867.5,91102
2016-02-25,867.0,871.0,858.5,859.0,83698
2016-02-26,860.0,862.5,854.5,855.0,58897
2016-02-29,854.0,857.0,852.0,853.0,12540
2016-03-01,853.0,858.25,849.75,850.75,9982
2016-03-02,850.25,857.5,849.0,854.25,7854
2016-03-03,855.0,858.0,850.5,856.25,4904
2016-03-04,860.5,871.75,860.5,870.5,6143
2016-03-07,875.0,879.75,873.0,873.5,1293
2016-03-08,872.0,877.5,870.75,877.5,787
2016-03-09,880.0,882.5,877.5,880.0,398
2016-03-10,880.0,882.5,875.5,881.75,313
2016-03-11,882.75,888.75,882.75,888.0,135
2016-03-14,889.0,890.0,888.0,888.0,98258
2016-03-15,894.75,895.5,888.5,892.0,101683
2016-03-16,891.5,894.75,886.0,894.5,94822
2016-03-17,895.0,904.5,893.5,897.75,148891
2016-03-18,897.0,904.75,896.0,897.5,80428
2016-03-21,895.0,905.0,892.25,902.0,109825
2016-03-22,901.5,914.0,900.0,910.25,181690
2016-03-23,909.5,912.5,901.5,905.25,119595
2016-03-24,905.25,911.75,902.0,910.5,118016
2016-03-28,911.0,914.75,906.25,909.0,91130
2016-03-29,908.25,917.0,907.0,916.0,127052
2016-03-30,915.25,917.0,908.25,909.0,126146
2016-03-31,908.5,914.0,896.0,910.75,216652
2016-04-01,909.25,920.0,908.25,918.25,126750
2016-04-04,918.5,922.25,912.75,913.5,104289
2016-04-05,911.5,916.5,904.0,904.75,124866
2016-04-06,904.25,909.75,901.0,908.0,119318
2016-04-07,908.0,909.75,903.5,904.5,133446
2016-04-08,905.25,917.0,903.0,916.75,157543
2016-04-11,916.25,929.5,915.5,928.25,182496
2016-04-12,927.5,938.75,924.75,936.25,220988
2016-04-13,938.0,957.75,937.25,955.75,249399
2016-04-14,955.25,959.5,945.5,948.0,178212
2016-04-15,947.5,958.25,946.5,956.0,167980
2016-04-18,955.0,964.25,949.75,954.25,151588
2016-04-19,954.25,987.0,953.0,985.5,213324
2016-04-20,981.5,1012.25,975.75,1009.75,222893
2016-04-21,1007.75,1034.75,1002.5,1018.75,134189
2016-04-22,1016.75,1017.25,979.0,987.0,110533
2016-04-25,985.0,1020.0,977.25,999.75,73925
2016-04-26,999.25,1018.75,991.75,1017.75,88136
2016-04-27,1017.0,1020.0,1002.0,1019.0,57506
2016-04-28,1015.5,1036.75,1008.5,1018.0,44049
2016-04-29,1015.25,1029.0,1009.0,1021.0,15257
2016-05-02,1021.5,1036.25,1012.25,1035.5,7457
2016-05-03,1035.0,1047.5,1015.0,1021.5,5036
2016-05-04,1017.0,1036.0,1012.75,1024.5,6322
2016-05-05,1027.25,1035.5,1003.5,1003.5,2663
2016-05-06,1002.0,1030.0,1000.0,1026.25,1539
2016-05-09,1031.25,1032.0,1012.0,1018.75,698
2016-05-10,1018.5,1082.0,1018.5,1076.0,1003
2016-05-11,1072.25,1082.25,1065.5,1069.75,648
2016-05-12,1070.0,1080.5,1055.75,1064.5,550
2016-05-13,1056.5,1059.75,1052.0,1055.0,113596
2016-05-16,1063.0,1071.75,1055.0,1064.5,99920
2016-05-17,1063.75,1086.75,1062.75,1080.25,134099
2016-05-18,1079.5,1088.0,1063.75,1075.25,143649
2016-05-19,1073.75,1074.75,1051.0,1071.5,159865
2016-05-20,1071.75,1087.5,1063.25,1074.25,207878
2016-05-23,1074.25,1079.0,1052.0,1058.5,138858
2016-05-24,1057.5,1069.75,1043.5,1054.75,143916
2016-05-25,1056.75,1088.0,1054.75,1085.5,153001
2016-05-26,1084.75,1098.0,1073.25,1079.75,153388
2016-05-27,1079.0,1090.75,1071.75,1086.5,123316
2016-05-31,1086.0,1096.0,1077.0,1078.5,115268
2016-06-01,1078.75,1102.5,1068.0,1099.75,158403
2016-06-02,1101.25,1146.0,1100.75,1144.25,233772
2016-06-03,1142.0,1169.0,1127.25,1132.0,188388
2016-06-06,1143.25,1162.0,1136.0,1138.25,131250
2016-06-07,1136.75,1148.75,1129.0,1141.25,159669
2016-06-08,1140.25,1189.25,1138.0,1177.75,194856
2016-06-09,1177.0,1185.0,1166.25,1176.0,146291
2016-06-10,1174.5,1208.5,1168.75,1178.25,204412
2016-06-13,1191.75,1198.75,1167.25,1169.0,150246
2016-06-14,1168.0,1176.5,1152.75,1169.5,128076
2016-06-15,1171.25,1178.0,1154.5,1156.0,103310
2016-06-16,1155.5,1160.0,1128.5,1134.5,104442
2016-06-17,1133.75,1160.0,1132.5,1159.5,88085
2016-06-20,1153.5,1156.75,1140.25,1143.5,57507
2016-06-21,1145.0,1151.75,1128.75,1133.25,96099
2016-06-22,1131.5,1147.0,1126.0,1137.5,98340
2016-06-23,1139.0,1143.0,1123.0,1124.5,83315
2016-06-24,1124.75,1132.0,1099.25,1103.0,87656
2016-06-27,1104.25,1138.5,1103.0,1133.0,52415
2016-06-28,1130.5,1165.5,1128.25,1150.5,48614
2016-06-29,1148.25,1155.75,1140.0,1144.5,33419
2016-06-30,1145.0,1182.0,1122.0,1175.0,17579
2016-07-01,1175.0,1176.5,1164.75,1168.75,6745
2016-07-05,1150.25,1150.25,1110.0,1117.0,2887
2016-07-06,1115.0,1117.75,1070.0,1106.25,3075
2016-07-07,1111.25,1111.75,1054.25,1054.25,1133
2016-07-08,1054.0,1090.75,1053.5,1089.75,1670
2016-07-11,1105.0,1105.0,1081.75,1082.75,1344
2016-07-12,1080.0,1107.25,1080.0,1107.25,757
2016-07-13,1112.25,1140.0,1112.25,1128.0,404
2016-07-14,1133.5,1143.5,1111.5,1111.5,38236
2016-07-15,1083.0,1097.5,1057.0,1072.5,32322
2016-07-18,1062.0,1082.25,1050.25,1078.25,50729
2016-07-19,1076.5,1079.0,1041.0,1044.0,45502
2016-07-20,1047.0,1056.25,1025.0,1027.0,32485
2016-07-21,1026.0,1042.5,1023.75,1032.5,26545
2016-07-22,1034.25,1037.0,985.0,1006.5,52620
2016-07-25,998.25,1010.5,981.75,983.75,40930
2016-07-26,984.0,1002.75,980.5,993.5,40125
2016-07-27,994.0,1015.5,991.25,1010.5,45394
2016-07-28,1012.5,1022.0,998.0,1003.5,33849
2016-07-29,1005.25,1034.25,996.25,1032.5,12802
2016-08-01,1024.5,1030.75,992.0,996.0,4443
2016-08-02,994.25,998.5,976.0,985.25,5283
2016-08-03,987.0,1000.5,985.75,990.5,4121
2016-08-04,990.0,1000.25,985.25,990.5,1591
2016-08-05,990.5,1012.0,990.5,1003.75,1775
2016-08-08,1012.5,1018.75,1006.25,1018.75,1472
2016-08-09,1018.0,1032.0,1011.5,1022.0,865
2016-08-10,1027.0,1030.5,1008.0,1017.0,1843
2016-08-11,1022.25,1028.0,1017.5,1022.25,1327
2016-08-12,1023.5,1023.5,994.5,1003.25,18362
2016-08-15,998.5,1026.5,997.0,1023.75,14535
2016-08-16,1022.25,1028.5,1012.25,1019.5,14832
2016-08-17,1020.75,1031.0,1016.0,1030.5,12925
2016-08-18,1037.0,1037.0,1012.0,1032.25,13690
2016-08-19,1032.5,1035.0,1017.0,1027.0,11596
2016-08-22,1025.5,1041.25,1023.0,1035.25,9720
2016-08-23,1030.5,1036.75,1026.5,1034.25,8486
2016-08-24,1033.5,1036.0,1022.0,1030.75,13884
2016-08-25,1029.75,1029.75,997.0,998.25,27147
2016-08-26,996.5,1002.25,982.5,990.75,17878
2016-08-29,991.75,998.25,981.5,983.25,13450
2016-08-30,984.0,986.0,960.5,965.5,11672
2016-08-31,966.5,970.5,956.0,960.0,3145
2016-09-01,960.25,965.0,954.0,959.0,809
2016-09-02,960.0,971.0,960.0,968.5,639
2016-09-06,969.0,978.0,965.5,974.25,1159
2016-09-07,980.5,993.5,980.5,991.75,900
2016-09-08,994.5,999.25,987.75,992.0,592
2016-09-09,989.5,999.75,988.5,997.25,942
2016-09-12,990.25,1006.75,980.0,984.5,385
2016-09-13,982.5,982.5,968.25,968.25,256
2016-09-14,971.75,972.0,967.75,972.0,99458
2016-09-15,943.0,953.0,941.25,950.5,76306
2016-09-16,949.0,969.0,945.75,966.0,102819
2016-09-19,970.5,981.25,966.25,972.5,96833
2016-09-20,973.5,994.0,970.75,989.75,116064
2016-09-21,988.25,990.25,971.5,975.5,104727
2016-09-22,975.0,983.5,970.25,976.5,90697
2016-09-23,975.0,976.25,952.5,955.0,138512
2016-09-26,951.5,960.25,943.75,945.25,114173
2016-09-27,946.75,953.5,934.0,952.5,153261
2016-09-28,951.75,955.75,944.5,945.5,114901
2016-09-29,947.0,957.25,946.0,950.25,101651
2016-09-30,950.0,958.5,943.0,954.0,155973
2016-10-03,952.5,975.0,946.5,973.0,139848
2016-10-04,970.75,972.0,960.25,963.5,123524
2016-10-05,963.5,967.5,950.5,956.75,139606
2016-10-06,956.0,959.75,947.25,958.5,114537
2016-10-07,958.75,973.25,955.25,956.75,173884
2016-10-11,953.5,960.75,951.5,954.25,147788
2016-10-12,953.0,971.25,943.25,945.5,233145
2016-10-13,946.0,959.5,937.25,956.25,178127
2016-10-14,955.5,974.25,952.0,962.5,186056
2016-10-17,961.75,979.0,961.0,978.25,158663
2016-10-18,977.5,987.0,971.5,972.5,178280
2016-10-19,972.0,982.75,971.0,981.5,133115
2016-10-20,981.25,989.75,973.25,975.5,136370
2016-10-21,976.25,984.25,974.5,983.0,140150
2016-10-24,982.75,999.75,980.0,992.0,177604
2016-10-25,991.25,997.0,981.25,990.75,176985
2016-10-26,990.25,1011.0,988.75,1010.0,149629
2016-10-27,1008.5,1020.0,1002.75,1014.25,101226
2016-10-28,1013.0,1017.5,999.5,1001.25,75224
2016-10-31,1002.0,1008.0,996.25,1002.25,18438
2016-11-01,1002.0,1005.25,983.0,984.25,11397
2016-11-02,983.0,986.25,973.5,976.75,8873
2016-11-03,976.5,984.5,976.5,979.75,4007
2016-11-04,980.5,985.5,975.0,981.5,4407
2016-11-07,981.75,992.0,981.75,989.25,4549
2016-11-08,989.5,1011.25,989.0,1001.75,3434
2016-11-09,1000.0,1007.0,975.5,982.0,3399
2016-11-10,982.25,1007.75,982.0,989.0,2172
2016-11-14,980.75,982.25,968.0,971.0,101692
2016-11-15,985.5,992.75,978.75,989.5,86739
2016-11-16,993.25,997.75,982.75,985.75,94098
2016-11-17,985.25,993.75,981.0,989.5,87755
2016-11-18,989.0,996.5,982.25,993.75,75940
2016-11-21,995.5,1021.5,995.5,1020.25,150570
2016-11-22,1020.0,1033.25,1015.25,1030.0,131446
2016-11-23,1030.25,1035.75,1017.25,1034.25,136725
2016-11-25,1032.0,1046.75,1029.5,1046.0,76517
2016-11-28,1043.25,1065.0,1042.5,1056.0,161412
2016-11-29,1055.0,1058.75,1039.25,1042.5,126698
2016-11-30,1043.0,1052.75,1031.25,1032.25,133965
2016-12-01,1033.5,1040.0,1022.25,1029.75,128533
2016-12-02,1033.0,1037.75,1026.5,1027.5,84039
2016-12-05,1030.5,1049.75,1027.75,1043.5,125624
2016-12-06,1042.5,1061.75,1039.0,1047.75,135200
2016-12-07,1047.0,1053.0,1039.75,1049.0,127733
2016-12-08,1049.0,1049.0,1023.5,1027.0,171728
2016-12-09,1026.0,1039.5,1021.5,1037.5,136393
2016-12-12,1041.75,1047.5,1026.5,1031.0,145111
2016-12-13,1031.25,1038.75,1025.25,1028.0,132890
2016-12-14,1027.25,1029.25,1020.75,1023.75,128094
2016-12-15,1023.5,1038.5,1018.5,1029.0,147570
2016-12-16,1029.25,1038.0,1023.0,1036.75,95865
2016-12-19,1034.0,1039.0,1020.5,1021.5,136168
2016-12-20,1021.25,1024.0,1004.0,1005.25,124535
2016-12-21,1005.25,1012.25,1005.0,1006.75,80135
2016-12-22,1007.75,1008.75,993.5,994.5,108937
2016-12-23,994.25,996.75,987.75,989.0,67094
2016-12-27,989.75,1015.25,989.25,1014.75,82741
2016-12-28,1014.0,1018.75,1001.5,1006.75,54617
2016-12-29,1006.5,1014.0,1002.0,1003.25,46236
2016-12-30,1003.5,1010.5,995.0,996.5,13373
2017-01-03,996.0,1002.75,986.5,986.75,6581
2017-01-04,986.0,1006.5,984.0,1006.25,6191
2017-01-05,1005.5,1006.0,998.25,1003.5,2991
2017-01-06,1003.5,1003.5,985.0,986.0,3350
2017-01-09,986.25,996.75,986.0,996.5,2857
2017-01-10,993.75,1005.75,990.0,1005.5,2449
2017-01-11,1004.5,1004.5,993.0,1003.0,1835
2017-01-12,1002.75,1033.0,998.5,1032.0,813
2017-01-13,1029.5,1043.0,1025.5,1042.5,145461
2017-01-17,1054.0,1075.5,1052.0,1069.25,201105
2017-01-18,1068.0,1080.0,1062.5,1075.0,144024
2017-01-19,1073.0,1077.25,1066.75,1070.25,108397
2017-01-20,1070.0,1071.25,1060.0,1067.5,112856
2017-01-23,1067.5,1069.75,1055.25,1057.75,92566
2017-01-24,1059.75,1068.0,1051.25,1058.5,95242
2017-01-25,1057.0,1060.0,1050.0,1055.25,83009
2017-01-26,1055.5,1058.5,1045.5,1049.5,91972
2017-01-27,1047.0,1052.0,1043.25,1049.25,68283
2017-01-30,1044.0,1044.25,1019.25,1022.75,126814
2017-01-31,1023.0,1026.5,1019.5,1024.5,83518
2017-02-01,1024.5,1037.5,1017.0,1036.75,107158
2017-02-02,1037.25,1041.75,1031.25,1037.25,101520
2017-02-03,1036.75,1044.25,1026.25,1027.0,105988
2017-02-06,1027.0,1042.5,1026.25,1036.0,119985
2017-02-07,1038.25,1043.25,1032.0,1042.75,131436
2017-02-08,1041.75,1059.75,1040.0,1058.75,166533
2017-02-09,1057.0,1061.5,1045.0,1050.5,141506
2017-02-10,1050.0,1063.5,1047.5,1059.0,133684
2017-02-13,1059.25,1061.75,1050.5,1054.25,174155
2017-02-14,1055.0,1056.0,1042.5,1045.0,118663
2017-02-15,1045.25,1061.5,1040.25,1061.25,128043
2017-02-16,1060.25,1062.75,1042.25,1043.75,130043
2017-02-17,1043.0,1046.25,1031.0,1032.5,142009
2017-02-21,1033.25,1044.5,1026.0,1026.25,143010
2017-02-22,1027.25,1031.75,1022.25,1022.75,96385
2017-02-23,1023.0,1027.0,1010.0,1011.5,148623
2017-02-24,1012.25,1016.25,1009.25,1013.5,92509
2017-02-27,1015.5,1018.5,1006.0,1011.0,62578
2017-02-28,1013.0,1045.0,1012.5,1025.0,17713
2017-03-01,1025.25,1041.5,1025.0,1041.25,7430
2017-03-02,1039.75,1040.25,1022.0,1026.75,6067
2017-03-03,1027.5,1030.25,1019.5,1027.0,4968
2017-03-06,1027.5,1036.25,1026.0,1026.75,4623
2017-03-07,1026.75,1027.0,1012.0,1014.75,3547
2017-03-08,1014.0,1014.75,1008.0,1011.0,5319
2017-03-09,1009.0,1009.0,995.75,1000.25,4953
2017-03-10,999.5,1001.75,992.75,996.25,970
2017-03-13,996.25,1000.0,995.5,996.25,984
2017-03-14,996.5,996.5,983.0,987.25,112349
2017-03-15,998.75,1007.75,995.25,998.0,75422
2017-03-16,1000.0,1006.5,995.75,1001.5,83777
2017-03-17,1001.5,1004.5,994.25,1000.0,61551
2017-03-20,1003.75,1008.75,998.25,999.5,82382
2017-03-21,1000.0,1008.0,995.0,1001.5,103325
2017-03-22,1001.0,1003.25,994.0,999.75,82164
2017-03-23,999.25,1002.0,990.25,991.0,94685
2017-03-24,990.5,991.0,972.25,975.75,116483
2017-03-27,976.0,978.5,968.25,971.5,91218
2017-03-28,971.25,976.5,970.0,972.0,92837
2017-03-29,970.5,976.0,967.25,969.0,95072
2017-03-30,969.5,970.0,961.0,963.0,77471
2017-03-31,961.75,966.5,944.25,946.0,182739
2017-04-03,946.25,949.25,937.25,938.25,94599
2017-04-04,939.25,942.75,936.5,937.75,120200
2017-04-05,937.5,948.5,937.25,944.25,146303
2017-04-06,944.0,946.5,938.5,941.5,84594
2017-04-07,938.5,945.5,937.5,942.0,99239
2017-04-10,944.25,949.0,939.25,941.75,87487
2017-04-11,941.75,945.0,929.75,939.25,136337
2017-04-12,942.25,951.5,941.25,947.75,119407
2017-04-13,947.25,959.5,946.75,955.5,128013
2017-04-17,958.75,962.0,951.5,953.25,106836
2017-04-18,952.5,955.0,939.75,946.0,154742
2017-04-19,947.0,954.5,942.75,950.25,105926
2017-04-20,950.0,955.75,946.0,946.75,115885
2017-04-21,946.0,952.75,944.75,951.0,130802
2017-04-24,951.5,962.25,951.5,961.25,99172
2017-04-25,959.0,961.0,954.0,954.5,84731
2017-04-26,955.0,958.0,944.5,945.75,107831
2017-04-27,944.5,950.5,943.5,945.75,59309
2017-04-28,945.0,947.0,941.5,945.25,13917
2017-05-01,950.0,963.0,950.0,959.0,6794
2017-05-02,958.5,967.75,955.0,958.0,6949
2017-05-03,959.5,966.0,959.0,965.5,3728
2017-05-04,965.25,970.5,961.75,965.25,1604
2017-05-05,965.5,973.5,960.0,963.0,1231
2017-05-08,962.5,962.5,954.5,956.25,1055
2017-05-09,956.25,968.0,956.25,965.25,449
2017-05-10,965.25,980.0,958.5,961.75,167
2017-05-11,962.5,965.0,955.0,956.0,489
2017-05-12,953.5,954.0,953.5,954.0,64617
2017-05-15,962.5,973.0,962.0,965.25,77844
2017-05-16,964.75,977.25,964.0,976.25,94232
2017-05-17,975.5,980.5,973.5,975.75,81966
2017-05-18,972.5,972.5,942.75,944.75,250660
2017-05-19,945.5,956.25,944.5,953.0,101723
2017-05-22,953.0,961.0,953.0,956.5,82508
2017-05-23,956.25,959.25,947.0,948.25,91457
2017-05-24,948.5,952.0,943.0,948.25,90335
2017-05-25,947.75,952.25,938.25,939.5,94347
2017-05-26,939.5,941.0,925.25,926.5,107952
2017-05-30,926.0,928.5,910.5,912.75,134220
2017-05-31,915.25,920.5,909.5,916.0,130785
2017-06-01,916.0,920.75,911.5,912.25,78635
2017-06-02,912.25,924.0,910.75,921.25,86248
2017-06-05,924.5,926.5,917.75,922.0,98539
2017-06-06,921.0,934.25,920.0,923.5,122797
2017-06-07,924.5,934.5,924.5,930.75,143611
2017-06-08,931.0,944.75,930.75,938.0,137587
2017-06-09,937.0,944.0,932.75,941.5,136983
2017-06-12,942.0,943.25,930.25,931.25,115351
2017-06-13,933.75,941.5,931.75,932.5,122202
2017-06-14,932.0,939.0,931.0,931.75,88734
2017-06-15,931.75,938.5,925.5,934.75,105034
2017-06-16,935.75,942.25,932.0,939.0,95007
2017-06-19,936.5,947.5,933.75,937.75,95604
2017-06-20,937.25,940.75,926.0,927.75,116399
2017-06-21,928.0,932.5,917.0,918.75,116464
2017-06-22,919.25,920.5,903.0,904.0,137676
2017-06-23,906.5,909.0,900.25,904.5,142320
2017-06-26,904.0,912.25,903.75,906.75,83976
2017-06-27,909.0,918.0,909.0,911.25,89490
2017-06-28,910.5,917.5,910.5,914.0,106115
2017-06-29,914.25,927.75,914.25,915.5,66183
2017-06-30,915.0,945.5,912.25,942.25,12776
2017-07-03,949.5,976.0,949.5,964.75,4575
2017-07-05,971.75,981.0,964.0,976.25,4435
2017-07-06,979.0,980.75,970.0,980.75,2199
2017-07-07,979.0,997.5,979.0,996.0,1409
2017-07-10,1001.0,1024.5,1001.0,1020.25,1019
2017-07-11,1027.75,1027.75,1010.5,1025.25,647
2017-07-12,1023.0,1024.25,1010.75,1016.75,382
2017-07-13,997.0,997.0,972.5,972.5,289
2017-07-14,978.0,987.0,978.0,985.25,37218
2017-07-17,989.0,995.0,981.75,985.0,30306
2017-07-18,997.25,1004.25,985.75,989.5,36919
2017-07-19,990.25,1004.75,984.5,999.75,35118
2017-07-20,999.0,1017.25,995.0,1013.25,38660
2017-07-21,1011.25,1013.25,1001.75,1009.0,43742
2017-07-24,1000.25,1000.5,985.75,997.5,48981
2017-07-25,1012.0,1022.75,981.0,981.5,60667
2017-07-26,980.0,991.0,973.25,988.75,39673
2017-07-27,991.75,1000.75,987.5,994.75,47804
2017-07-28,992.75,1007.5,989.75,1000.75,36039
2017-07-31,991.5,996.5,982.5,994.5,13530
2017-08-01,985.25,986.75,958.25,959.5,6446
2017-08-02,960.75,968.25,960.0,966.5,3217
2017-08-03,965.5,965.5,945.5,950.5,1734
2017-08-04,948.0,954.0,948.0,949.25,2095
2017-08-07,956.0,960.5,952.5,959.75,755
2017-08-08,967.0,967.5,962.5,963.0,480
2017-08-09,964.0,965.25,958.0,963.0,190
2017-08-10,963.75,974.75,930.75,930.75,60
2017-08-11,934.0,935.75,931.25,935.5,109
2017-08-14,926.5,926.5,925.0,925.5,17141
2017-08-15,932.75,934.25,920.25,921.75,27865
2017-08-16,921.25,925.25,917.25,921.75,17676
2017-08-17,924.0,931.75,922.0,930.25,19581
2017-08-18,929.75,939.0,927.75,937.5,21323
2017-08-21,935.25,936.0,930.25,932.5,14643
2017-08-22,931.25,938.5,927.75,933.75,17264
2017-08-23,940.25,943.25,929.0,935.0,22119
2017-08-24,934.0,942.75,932.25,941.25,21364
2017-08-25,939.5,941.75,937.25,939.0,21628
2017-08-28,936.0,944.0,932.5,935.25,21286
2017-08-29,934.5,937.25,929.5,930.75,18217
2017-08-30,929.75,933.75,921.75,923.0,20326
2017-08-31,923.5,939.75,923.5,936.25,4217
2017-09-01,937.25,943.25,935.5,942.0,1686
2017-09-05,945.0,965.0,945.0,960.5,1399
2017-09-06,960.5,968.25,960.0,964.5,910
2017-09-07,963.0,970.0,959.25,963.25,330
2017-09-08,966.75,968.0,956.25,956.5,152
2017-09-11,955.0,955.5,952.0,954.75,51
2017-09-12,955.25,955.25,937.5,944.25,52
2017-09-13,949.0,953.0,944.0,953.0,18
2017-09-14,967.5,969.0,967.25,967.25,138275
2017-09-15,975.5,977.75,967.25,968.75,109445
2017-09-18,966.25,976.5,966.0,967.75,102033
2017-09-19,968.5,971.75,958.5,965.5,111414
2017-09-20,966.0,974.0,964.75,970.0,88348
2017-09-21,969.5,973.0,963.0,970.75,115371
2017-09-22,970.0,987.0,969.0,984.25,170900
2017-09-25,983.5,985.75,971.0,971.25,128038
2017-09-26,971.25,974.25,962.5,963.5,146295
2017-09-27,963.5,968.5,958.0,965.5,113888
2017-09-28,965.25,966.0,957.5,959.5,108641
2017-09-29,959.25,976.0,955.25,968.25,171916
2017-10-02,967.5,968.0,956.25,957.25,114376
2017-10-03,956.75,961.25,952.5,955.25,94821
2017-10-04,955.25,961.75,952.75,958.25,95416
2017-10-05,958.25,971.0,957.75,968.25,149317
2017-10-06,968.0,973.75,963.5,972.25,119722
2017-10-09,974.5,977.0,965.25,966.75,137150
2017-10-10,966.25,975.75,964.25,966.0,136485
2017-10-11,965.5,967.5,963.5,965.25,152000
2017-10-12,965.0,997.75,959.0,992.0,293877
2017-10-13,991.0,1003.25,990.25,1000.25,225131
2017-10-16,998.0,999.0,990.25,991.0,165302
2017-10-17,990.0,990.5,982.5,984.75,134302
2017-10-18,984.75,988.5,981.75,984.25,110266
2017-10-19,983.75,989.0,983.0,986.5,141515
2017-10-20,985.25,994.25,978.0,978.75,180890
2017-10-23,977.0,982.75,975.0,980.75,170989
2017-10-24,980.0,983.0,972.75,975.5,136868
2017-10-25,975.75,983.25,975.25,975.5,165668
2017-10-26,975.5,978.75,970.25,971.25,147355
2017-10-27,971.0,976.5,969.75,975.25,176451
2017-10-30,975.25,981.5,971.25,972.75,129929
2017-10-31,972.75,977.5,971.0,973.75,22828
2017-11-01,974.5,984.5,973.75,981.0,12626
2017-11-02,979.5,989.5,979.5,989.0,9600
2017-11-03,988.25,988.5,976.0,977.0,5268
2017-11-06,977.25,985.5,975.25,984.0,2450
2017-11-07,986.0,988.25,981.75,986.0,3775
2017-11-08,985.25,988.75,984.25,988.0,3182
2017-11-09,988.0,994.5,974.0,975.25,3173
2017-11-10,976.75,981.25,974.5,977.25,1163
2017-11-13,977.25,978.0,963.25,963.5,1164
2017-11-14,966.0,967.25,958.5,959.0,101927
2017-11-15,969.0,978.0,968.0,976.25,98303
2017-11-16,976.5,978.25,970.25,972.0,90050
2017-11-17,972.75,992.0,971.5,990.5,124540
2017-11-20,990.0,992.0,983.0,990.0,95756
2017-11-21,990.0,991.25,986.25,989.0,75304
2017-11-22,988.5,999.5,987.5,997.25,53761
2017-11-24,995.0,999.75,991.0,993.25,60329
2017-11-27,993.75,1001.5,990.5,996.0,133815
2017-11-28,996.0,996.0,987.5,993.0,96755
2017-11-29,993.25,996.5,989.25,992.5,84307
2017-11-30,992.75,993.0,985.0,985.75,121206
2017-12-01,985.75,995.75,985.5,994.25,136840
2017-12-04,998.25,1008.5,996.75,998.5,165467
2017-12-05,998.5,1015.0,997.5,1008.5,157924
2017-12-06,1008.0,1014.25,995.0,1002.75,194108
2017-12-07,1003.5,1006.5,988.25,992.0,162921
2017-12-08,991.75,996.5,986.0,989.75,129075
2017-12-11,989.0,989.0,981.5,982.5,139320
2017-12-12,981.75,986.25,975.0,975.75,161910
2017-12-13,976.0,981.5,976.0,979.25,106371
2017-12-14,979.5,981.0,966.5,967.75,125196
2017-12-15,968.0,972.25,964.0,967.25,119812
2017-12-18,970.5,970.5,957.25,961.5,114985
2017-12-19,962.25,964.0,955.0,956.0,104929
2017-12-20,955.75,960.0,952.75,954.0,133019
2017-12-21,953.5,956.75,947.5,948.75,111244
2017-12-22,948.0,952.0,946.5,949.5,47530
2017-12-26,952.25,963.0,952.25,959.25,57390
2017-12-27,958.75,964.75,953.5,955.5,79032
2017-12-28,955.0,955.75,943.25,945.75,68163
2017-12-29,945.0,953.25,944.25,951.75,11423
2018-01-02,956.5,960.0,949.5,955.0,2900
2018-01-03,956.25,960.5,955.0,959.75,2582
2018-01-04,959.25,960.0,950.25,959.25,2133
2018-01-05,960.0,966.5,960.0,961.5,1278
2018-01-08,960.75,962.25,951.5,958.25,988
2018-01-09,958.75,959.25,953.5,955.75,580
2018-01-10,953.25,954.0,944.5,947.0,574
2018-01-11,946.0,948.25,940.0,940.5,204
2018-01-12,940.25,944.0,937.25,944.0,149724
2018-01-16,965.0,970.0,963.25,968.0,97797
2018-01-17,966.25,969.25,961.25,968.75,91701
2018-01-18,968.75,974.75,966.5,973.0,74574
2018-01-19,972.5,982.75,972.0,977.25,105770
2018-01-22,980.5,987.25,980.0,984.25,124262
2018-01-23,983.0,988.75,979.5,986.25,107959
2018-01-24,985.75,994.75,980.25,992.25,139169
2018-01-25,992.0,1002.0,987.0,992.25,154146
2018-01-26,990.25,995.5,983.75,985.5,110339
2018-01-29,992.25,998.75,986.25,991.5,143395
2018-01-30,994.5,1004.75,988.25,1000.25,169083
2018-01-31,1000.0,1002.0,989.0,995.75,165828
2018-02-01,995.25,995.5,977.5,985.0,159220
2018-02-02,985.75,986.25,977.0,978.75,100314
2018-02-05,976.25,977.5,969.5,969.75,128425
2018-02-06,969.75,987.5,967.75,986.25,179233
2018-02-07,988.75,993.75,982.0,983.0,167291
2018-02-08,983.25,996.0,977.75,987.75,230204
2018-02-09,987.5,989.75,979.75,983.0,164565
2018-02-12,995.5,1004.25,989.0,1001.75,215178
2018-02-13,1001.0,1013.5,998.75,1011.75,177145
2018-02-14,1011.25,1019.5,1006.0,1017.25,154450
2018-02-15,1016.5,1024.75,1015.5,1024.25,158344
2018-02-16,1023.5,1028.25,1012.0,1021.5,146731
2018-02-20,1031.5,1039.0,1024.5,1026.5,193966
2018-02-21,1027.75,1038.25,1019.25,1034.25,133023
2018-02-22,1034.0,1037.0,1027.25,1032.0,108212
2018-02-23,1031.0,1039.5,1028.0,1036.25,108212
2018-02-26,1039.5,1047.75,1034.0,1034.25,136487
2018-02-27,1034.0,1044.25,1031.75,1038.0,78531
2018-02-28,1037.75,1048.0,1035.0,1045.0,14916
2018-03-01,1043.75,1057.5,1041.0,1057.5,7733
2018-03-02,1057.0,1071.0,1053.5,1060.75,5525
2018-03-05,1063.5,1068.0,1056.75,1066.75,3045
2018-03-06,1066.0,1067.0,1060.75,1064.5,2839
2018-03-07,1058.0,1063.0,1054.5,1055.0,2360
2018-03-08,1052.5,1057.25,1047.0,1053.75,493
2018-03-09,1049.75,1049.75,1029.25,1029.25,390
2018-03-12,1023.0,1034.25,1023.0,1033.25,1590
2018-03-13,1035.5,1043.25,1035.5,1040.5,249
2018-03-14,1042.25,1042.75,1028.5,1028.5,148683
2018-03-15,1031.0,1046.25,1027.0,1040.75,123213
2018-03-16,1042.0,1050.0,1040.75,1049.5,78281
2018-03-19,1045.25,1045.5,1021.75,1022.5,131023
2018-03-20,1022.25,1029.75,1022.25,1028.25,78890
2018-03-21,1029.5,1037.25,1024.75,1029.75,101951
2018-03-22,1032.0,1035.5,1022.25,1029.75,99281
2018-03-23,1026.5,1034.25,1009.25,1028.25,164881
2018-03-26,1026.25,1040.25,1025.0,1025.5,100548
2018-03-27,1027.0,1031.25,1017.25,1019.5,98041
2018-03-28,1019.5,1023.25,1015.0,1018.0,104492
2018-03-29,1019.5,1050.75,1012.5,1044.75,177841
2018-04-02,1045.25,1060.5,1035.25,1035.5,108570
2018-04-03,1036.25,1048.75,1035.75,1038.0,135404
2018-04-04,1038.75,1041.75,983.5,1015.25,352462
2018-04-05,1015.5,1034.0,1011.75,1031.25,219539
2018-04-06,1003.0,1037.25,1003.0,1033.75,164385
2018-04-09,1038.25,1056.75,1037.5,1047.0,171846
2018-04-10,1045.5,1064.0,1045.0,1050.0,171444
2018-04-11,1050.75,1058.75,1047.25,1047.75,121591
2018-04-12,1047.75,1061.75,1047.25,1060.75,186951
2018-04-13,1060.25,1067.25,1051.5,1054.25,118735
2018-04-16,1054.25,1058.75,1041.5,1042.0,101597
2018-04-17,1043.25,1049.25,1040.0,1046.0,81326
2018-04-18,1046.25,1052.5,1039.0,1041.75,94271
2018-04-19,1041.75,1044.75,1032.75,1037.25,95799
2018-04-20,1037.0,1038.5,1027.75,1028.75,74206
2018-04-23,1027.5,1033.25,1017.25,1020.75,72696
2018-04-24,1020.75,1026.25,1016.25,1022.25,90059
2018-04-25,1022.25,1033.25,1020.5,1027.5,68707
2018-04-26,1027.25,1034.5,1024.0,1028.0,79917
2018-04-27,1028.5,1046.75,1019.0,1045.0,64971
2018-04-30,1046.25,1056.5,1036.75,1037.75,10337
2018-05-01,1038.75,1044.0,1031.25,1042.5,6794
2018-05-02,1041.25,1041.25,1029.25,1032.75,5489
2018-05-03,1032.75,1043.25,1024.75,1043.25,3158
2018-05-04,1038.5,1039.0,1027.0,1027.25,1314
2018-05-07,1025.0,1025.0,1001.25,1002.25,1657
2018-05-08,1004.25,1011.75,1002.25,1011.25,784
2018-05-09,1011.25,1011.75,1002.25,1007.25,712
2018-05-10,1008.0,1018.0,1007.25,1013.25,389
2018-05-11,1008.75,1008.75,993.25,994.75,103
2018-05-14,1007.25,1013.5,1007.25,1013.0,131052
2018-05-15,1017.25,1025.25,1005.25,1018.75,115400
2018-05-16,1017.75,1018.5,998.75,999.75,100892
2018-05-17,1001.0,1007.5,992.5,995.0,92145
2018-05-18,995.75,1007.75,992.75,998.5,122151
2018-05-21,1017.5,1027.0,1011.5,1025.25,147490
2018-05-22,1022.0,1036.0,1020.25,1030.5,106181
2018-05-23,1030.5,1039.75,1027.75,1039.25,90467
2018-05-24,1039.75,1050.75,1035.5,1035.75,122485
2018-05-25,1036.75,1044.0,1035.5,1041.5,79808
2018-05-29,1045.25,1049.5,1028.0,1030.5,128700
2018-05-30,1030.5,1031.75,1014.75,1023.0,134683
2018-05-31,1023.0,1030.75,1013.5,1018.5,103115
2018-06-01,1019.25,1026.5,1015.0,1021.25,99974
2018-06-04,1013.25,1014.5,1001.25,1001.75,101111
2018-06-05,1002.25,1006.75,997.25,1001.25,127577
2018-06-06,1004.5,1008.25,993.75,994.25,90708
2018-06-07,995.0,998.25,973.0,974.25,173223
2018-06-08,974.25,976.25,962.5,969.25,132153
2018-06-11,966.75,972.25,953.25,953.75,136802
2018-06-12,956.5,963.25,952.0,954.0,137200
2018-06-13,954.0,958.5,934.25,936.0,188399
2018-06-14,933.75,937.75,924.0,927.25,118204
2018-06-15,933.75,937.75,903.0,905.5,169719
2018-06-18,905.5,914.0,897.25,908.5,139697
2018-06-19,905.0,905.75,841.5,889.0,196376
2018-06-20,890.75,896.0,877.0,889.5,126765
2018-06-21,889.5,891.25,878.25,880.5,99476
2018-06-22,879.25,897.5,878.75,894.5,128481
2018-06-25,896.5,899.0,871.75,874.5,89323
2018-06-26,873.25,881.0,862.5,867.25,88854
2018-06-27,868.0,878.0,866.0,867.5,87401
2018-06-28,865.25,869.5,859.5,861.25,43758
2018-06-29,861.25,876.5,857.5,858.5,11057
2018-07-02,860.0,861.25,845.75,848.5,5569
2018-07-05,843.5,845.0,834.0,835.5,3567
2018-07-06,836.0,877.25,836.0,874.0,2510
2018-07-09,867.5,867.5,848.25,851.75,1258
2018-07-10,849.0,860.25,847.5,852.25,866
2018-07-11,840.5,842.25,829.5,829.75,1166
2018-07-12,832.75,833.25,826.0,830.0,154
2018-07-13,831.5,831.5,814.0,814.0,23846
2018-07-16,818.5,838.0,810.5,829.5,28635
2018-07-17,833.25,843.5,830.0,839.5,37736
2018-07-18,839.0,847.5,834.75,842.25,18546
2018-07-19,842.0,846.75,836.75,846.0,26561
2018-07-20,846.0,853.25,841.25,849.75,26319
2018-07-23,853.25,854.75,847.25,847.75,31905
2018-07-24,844.0,862.75,842.5,858.0,39163
2018-07-25,860.0,863.0,852.0,860.75,33013
2018-07-26,870.0,881.0,858.25,861.25,49688
2018-07-27,858.25,874.0,858.25,870.5,47143
2018-07-30,878.5,881.25,871.25,875.0,59118
2018-07-31,875.5,906.0,873.25,903.75,15115
2018-08-01,898.0,898.0,884.75,886.75,11347
2018-08-02,886.75,886.75,875.0,882.5,4368
2018-08-03,878.5,886.5,870.5,886.25,2608
2018-08-06,880.5,881.0,872.5,877.25,1754
2018-08-07,887.75,891.25,883.25,889.25,2138
2018-08-08,892.0,895.75,889.75,893.75,1415
2018-08-09,890.5,890.5,887.5,887.75,635
2018-08-10,886.25,886.25,845.25,846.0,304
2018-08-13,838.0,853.5,838.0,853.5,139
2018-08-14,858.5,864.5,856.5,864.5,16365
2018-08-15,867.75,872.5,856.5,857.5,10749
2018-08-16,859.75,888.25,854.5,885.5,19406
2018-08-17,884.75,887.5,871.0,881.5,19408
2018-08-20,889.75,896.0,880.5,881.75,10658
2018-08-21,874.0,883.25,873.5,874.5,18546
2018-08-22,873.5,873.75,857.25,858.25,21139
2018-08-23,857.5,861.75,842.0,842.0,19488
2018-08-24,841.5,848.5,840.75,842.0,29279
2018-08-27,838.25,840.0,824.75,834.75,29914
2018-08-28,833.25,836.5,820.25,820.5,26658
2018-08-29,820.75,830.75,820.0,823.25,24291
2018-08-30,823.0,831.5,817.0,819.5,16391
2018-09-04,832.0,838.75,826.5,832.0,1583
2018-09-05,835.25,835.25,825.5,825.5,822
2018-09-06,828.25,829.75,824.25,826.75,571
2018-09-07,826.5,833.25,826.5,832.0,402
2018-09-10,832.25,838.25,832.25,833.5,173
2018-09-11,836.75,836.75,820.25,820.25,351
2018-09-12,820.5,829.0,811.5,829.0,644
2018-09-13,828.25,831.75,822.75,822.75,64
2018-09-14,821.5,821.5,821.5,821.5,70421
2018-09-17,827.5,829.75,821.5,823.5,72673
2018-09-18,821.0,825.25,812.25,814.0,94047
2018-09-19,813.75,831.75,813.25,830.0,80961
2018-09-20,830.0,855.0,825.25,850.25,163230
2018-09-21,846.25,849.75,841.25,847.25,88697
2018-09-24,844.0,845.25,838.25,841.0,74829
2018-09-25,841.25,858.0,837.25,845.75,160953
2018-09-26,846.25,854.0,845.75,850.0,89464
2018-09-27,848.25,859.0,846.5,855.0,76059
2018-09-28,854.25,859.25,842.0,845.5,143042
2018-10-01,845.5,864.0,843.0,857.75,152163
2018-10-02,856.75,867.25,853.0,866.0,117212
2018-10-03,866.0,870.25,860.5,861.5,98123
2018-10-04,860.0,868.5,858.5,859.25,102929
2018-10-05,860.0,870.25,851.5,869.0,167588
2018-10-08,870.0,874.75,862.5,869.75,123432
2018-10-09,869.75,872.5,859.25,863.0,141122
2018-10-10,863.0,864.75,847.25,852.25,135163
2018-10-11,852.0,864.0,847.0,858.25,161159
2018-10-12,859.5,868.0,858.5,867.5,85795
2018-10-15,867.0,892.0,863.5,891.5,150598
2018-10-16,891.25,891.25,879.25,884.75,106588
2018-10-17,883.5,889.75,882.0,885.75,101638
2018-10-18,882.25,883.75,862.75,863.5,125411
2018-10-19,865.25,866.25,856.25,856.75,120379
2018-10-22,855.75,863.0,855.5,858.5,124570
2018-10-23,857.5,862.75,851.0,857.5,107486
2018-10-24,855.75,856.75,850.0,850.25,187127
2018-10-25,850.0,851.0,840.0,841.75,130130
2018-10-26,842.0,849.25,841.0,845.0,120782
2018-10-29,845.0,852.5,837.25,839.0,114907
2018-10-30,839.0,842.0,832.25,833.5,107969
2018-10-31,832.75,842.25,831.75,839.0,18050
2018-11-01,837.0,875.0,832.75,869.0,17055
2018-11-02,868.0,888.5,866.5,875.25,11996
2018-11-05,877.0,880.0,870.5,873.0,7226
2018-11-06,872.25,874.5,866.75,872.0,4267
2018-11-07,872.0,873.75,865.0,867.75,4552
2018-11-08,867.0,871.25,853.0,867.5,3663
2018-11-09,867.0,875.75,863.25,875.25,3311
2018-11-12,874.0,874.0,868.25,871.75,3178
2018-11-13,871.75,876.25,867.25,867.25,2529
2018-11-14,869.25,875.25,869.25,870.5,71293
2018-11-15,884.25,897.5,883.75,888.75,87077
2018-11-16,889.75,894.75,881.75,892.25,76599
2018-11-19,892.0,892.25,871.25,873.75,95488
2018-11-20,874.25,885.75,870.5,881.0,68069
2018-11-21,882.0,889.0,876.0,883.0,68295
2018-11-23,881.25,884.5,880.0,881.0,35988
2018-11-26,881.0,883.0,857.0,862.25,123317
2018-11-27,862.5,880.0,858.25,875.5,98671
2018-11-28,876.25,895.0,874.0,890.5,118516
2018-11-29,890.0,894.5,882.5,887.25,91228
2018-11-30,887.25,896.5,886.0,894.75,97858
2018-12-03,919.75,923.75,904.5,905.75,178080
2018-12-04,903.25,913.0,899.5,911.75,107528
2018-12-06,911.5,912.25,897.0,909.5,127436
2018-12-07,910.0,918.0,907.5,916.75,112608
2018-12-10,912.0,916.5,908.5,909.75,109608
2018-12-11,907.75,917.25,906.0,915.0,114414
2018-12-12,916.0,928.0,915.25,920.0,121344
2018-12-13,918.75,920.0,905.25,907.0,120802
2018-12-14,907.25,910.0,900.0,900.5,93463
2018-12-17,900.75,909.25,900.25,904.75,76021
2018-12-18,902.75,912.25,902.75,907.75,91101
2018-12-19,907.0,909.75,899.25,900.0,115946
2018-12-20,900.0,905.5,892.75,893.5,95834
2018-12-21,891.5,894.75,883.25,884.75,93658
2018-12-24,883.25,886.5,879.5,884.0,30790
2018-12-26,885.0,888.75,869.5,870.0,56380
2018-12-27,870.75,876.0,867.0,869.0,66899
2018-12-28,870.5,886.25,870.0,882.75,46910
2018-12-31,885.5,889.0,879.25,882.5,13220
2019-01-02,881.5,897.75,880.75,894.75,8393
2019-01-03,893.5,900.75,892.25,900.25,5149
2019-01-04,898.25,910.0,898.25,909.5,6571
2019-01-07,909.5,915.75,909.5,912.25,4350
2019-01-08,911.75,912.5,903.0,906.25,3286
2019-01-09,905.5,913.75,905.25,911.5,2759
2019-01-10,908.0,911.25,895.0,895.5,1094
2019-01-11,897.25,901.25,897.25,899.25,287
2019-01-14,895.25,895.25,890.75,890.75,75988
2019-01-15,904.25,908.0,892.5,893.25,107769
2019-01-16,895.5,900.0,891.25,894.5,87043
2019-01-17,895.5,912.0,894.25,907.75,103132
2019-01-18,908.25,920.25,905.75,916.75,112894
2019-01-22,916.5,919.5,899.5,909.25,126766
2019-01-23,911.0,918.25,910.5,915.0,72124
2019-01-24,915.0,919.5,909.25,916.0,85832
2019-01-25,915.75,926.25,913.0,925.25,103755
2019-01-28,923.5,925.0,915.75,923.25,69622
2019-01-29,921.75,922.25,916.75,919.0,86953
2019-01-30,919.0,924.0,917.25,921.0,68239
2019-01-31,919.5,926.75,913.25,915.25,98081
2019-02-01,921.0,931.25,917.0,917.75,168136
2019-02-04,917.0,923.75,915.5,918.5,76590
2019-02-05,917.75,921.0,913.5,920.25,83109
2019-02-06,920.0,922.5,917.5,921.75,98810
2019-02-07,919.5,921.5,910.5,913.25,120903
2019-02-08,913.0,918.0,908.0,914.5,134648
2019-02-11,914.75,918.75,903.5,905.0,124095
2019-02-12,905.5,919.75,905.5,917.5,126536
2019-02-13,916.75,920.0,913.75,916.5,87709
2019-02-14,915.75,918.25,903.0,903.5,111538
2019-02-15,905.25,909.75,901.25,907.5,113607
2019-02-19,907.25,911.25,894.75,900.75,119260
2019-02-20,902.0,905.0,893.25,902.5,132174
2019-02-21,902.75,916.75,900.0,911.0,169207
2019-02-22,910.25,914.75,907.5,910.25,127436
2019-02-25,918.0,921.0,910.25,911.75,108509
2019-02-26,910.0,910.75,899.0,903.75,88696
2019-02-27,903.0,910.0,900.75,903.5,69356
2019-02-28,903.0,905.25,897.0,897.5,13006
2019-03-01,897.25,905.0,888.25,899.25,8373
2019-03-04,901.25,912.25,901.25,903.25,4165
2019-03-05,904.75,904.75,896.75,901.25,3339
2019-03-06,900.5,903.5,889.5,889.75,2100
2019-03-07,892.0,893.75,887.0,890.75,2606
2019-03-08,891.0,891.5,880.0,883.75,1275
2019-03-11,884.5,884.5,877.75,877.75,436
2019-03-12,880.5,885.0,880.25,884.75,237
2019-03-13,882.75,889.25,882.5,889.0,215
2019-03-14,889.5,889.5,889.5,889.5,87983
2019-03-15,899.25,911.0,898.25,909.25,97847
2019-03-18,910.0,911.5,901.75,905.75,68441
2019-03-19,905.5,909.5,900.25,904.0,78731
2019-03-20,902.75,906.5,899.25,906.0,73221
2019-03-21,906.0,912.0,903.5,910.5,79287
2019-03-22,909.75,912.0,903.0,903.75,91931
2019-03-25,904.5,908.25,901.5,906.5,62221
2019-03-26,905.5,907.5,899.5,900.75,64159
2019-03-27,900.25,900.75,886.0,887.5,108413
2019-03-28,888.0,891.75,886.5,889.5,71399
2019-03-29,888.75,892.75,883.0,884.25,96062
2019-04-01,884.0,899.0,883.75,895.5,116288
2019-04-02,895.75,901.25,892.5,900.0,78593
2019-04-03,899.25,903.0,894.75,898.75,63617
2019-04-04,898.25,907.25,897.0,906.5,112219
2019-04-05,904.5,904.75,896.25,899.0,102769
2019-04-08,899.0,903.5,898.0,898.75,113476
2019-04-09,898.25,902.25,894.75,898.75,95488
2019-04-10,898.75,903.75,897.25,902.0,110699
2019-04-11,901.25,904.0,893.5,895.25,98642
2019-04-12,895.0,898.5,893.75,895.25,82118
2019-04-15,895.0,902.0,894.75,898.75,105410
2019-04-16,898.25,899.0,886.25,888.0,115185
2019-04-17,887.75,890.5,878.5,879.0,105530
2019-04-18,878.75,882.0,876.5,880.5,77262
2019-04-22,881.5,883.25,876.25,877.0,80529
2019-04-23,877.0,878.75,860.75,862.0,168391
2019-04-24,862.0,865.25,854.5,855.25,87642
2019-04-25,854.75,862.75,853.5,859.25,124152
2019-04-26,858.5,859.75,852.5,853.75,142904
2019-04-29,854.75,859.5,847.25,847.5,81581
2019-04-30,848.0,851.0,838.5,841.25,11508
2019-05-01,841.0,843.0,831.75,839.5,9763
2019-05-02,840.0,840.5,829.75,830.5,5556
2019-05-03,830.5,832.75,828.75,829.5,3485
2019-05-06,816.5,819.75,804.5,817.5,2686
2019-05-07,815.0,821.75,815.0,817.75,2555
2019-05-08,819.25,820.25,812.75,814.25,1990
2019-05-09,810.0,810.5,795.25,800.25,680
2019-05-10,800.25,804.0,795.25,797.0,712
2019-05-13,790.25,791.0,780.5,791.0,369
2019-05-14,810.0,817.75,810.0,817.75,167862
2019-05-15,832.0,848.25,827.0,835.5,182209
2019-05-16,834.0,845.0,834.0,839.75,106299
2019-05-17,840.75,841.75,820.5,821.75,119427
2019-05-20,828.25,838.75,824.75,831.75,113522
2019-05-21,842.75,846.5,819.0,822.0,188028
2019-05-22,819.5,835.0,819.0,828.5,124467
2019-05-23,828.5,834.0,817.0,821.5,125848
2019-05-24,821.5,831.5,820.0,829.75,94258
2019-05-28,840.0,858.25,837.5,856.0,148619
2019-05-29,866.0,892.75,863.5,872.0,216536
2019-05-30,871.5,889.5,863.5,889.0,138936
2019-05-31,889.0,890.75,876.5,877.75,120397
2019-06-03,875.75,886.5,873.5,879.0,127513
2019-06-04,891.25,894.5,878.5,881.75,146836
2019-06-05,882.0,882.75,868.25,869.75,133437
2019-06-06,869.75,872.25,857.75,868.75,115535
2019-06-07,868.75,871.5,855.0,856.25,126250
2019-06-10,853.75,866.0,848.25,858.5,109009
2019-06-11,855.5,863.5,850.25,859.25,138285
2019-06-12,857.25,883.25,853.25,878.0,168960
2019-06-13,878.0,888.75,877.75,888.0,122373
2019-06-14,887.5,898.25,885.25,896.75,131228
2019-06-17,901.0,914.0,900.75,912.75,164353
2019-06-18,918.25,921.5,902.75,913.5,154004
2019-06-19,912.5,913.5,901.5,903.25,149148
2019-06-20,901.25,917.5,896.5,915.5,147071
2019-06-21,915.0,917.25,902.5,902.75,139463
2019-06-24,902.0,911.25,899.5,909.0,110371
2019-06-25,915.0,917.75,900.5,903.5,141144
2019-06-26,902.0,902.0,893.25,894.25,108709
2019-06-27,893.25,898.25,883.5,887.75,74477
2019-06-28,889.25,906.0,887.25,899.75,16083
2019-07-01,910.75,910.75,884.0,885.5,4732
2019-07-02,886.25,888.25,876.25,876.25,2636
2019-07-03,875.5,885.75,873.5,885.25,3531
2019-07-05,884.0,884.75,871.75,872.25,1991
2019-07-08,878.0,878.5,870.0,875.25,1340
2019-07-09,872.25,882.75,870.75,882.75,936
2019-07-10,884.5,893.0,880.75,893.0,651
2019-07-11,894.0,896.25,890.75,896.25,208
2019-07-12,902.25,906.75,902.25,906.75,29186
2019-07-15,915.25,918.0,900.5,901.75,26785
2019-07-16,899.75,900.0,885.0,887.75,64645
2019-07-17,887.5,894.25,881.5,882.5,32882
2019-07-18,880.0,885.75,875.5,881.25,34663
2019-07-19,881.75,905.75,879.5,901.5,53086
2019-07-22,901.5,904.25,887.5,888.25,35788
2019-07-23,888.5,892.5,881.0,885.75,25780
2019-07-24,886.0,895.0,883.75,891.0,47514
2019-07-25,891.0,896.0,881.0,882.5,42118
2019-07-26,883.5,890.0,881.5,883.25,62234
2019-07-29,882.5,890.75,881.75,885.75,74809
2019-07-30,884.75,887.0,871.5,878.75,52783
2019-07-31,876.5,882.0,862.75,864.0,10230
2019-08-01,862.75,863.75,842.75,847.0,6821
2019-08-02,849.0,853.5,845.25,850.25,4626
2019-08-05,852.25,854.0,837.25,850.25,3186
2019-08-06,848.5,853.25,847.0,847.75,2306
2019-08-07,848.25,848.75,844.25,848.75,2532
2019-08-08,851.75,865.0,851.75,865.0,2028
2019-08-09,871.75,875.25,866.0,873.75,1592
2019-08-12,871.0,871.0,860.0,861.5,324
2019-08-13,872.0,872.0,871.25,872.0,145
2019-08-14,869.5,869.5,861.0,861.0,21321
2019-08-15,866.75,872.0,857.75,858.0,13755
2019-08-16,858.25,868.0,858.25,867.25,14071
2019-08-19,862.25,865.0,852.0,854.0,14187
2019-08-20,856.25,862.0,853.0,855.75,14785
2019-08-21,855.75,864.0,854.25,860.5,10768
2019-08-22,860.5,869.5,855.25,856.0,18766
2019-08-23,855.5,859.25,842.0,843.25,35504
2019-08-26,842.0,857.25,842.0,853.75,39661
2019-08-27,851.5,852.0,843.0,846.25,51663
2019-08-28,846.25,854.75,839.5,852.75,41347
2019-08-29,852.75,860.5,852.5,856.25,42036
2019-08-30,856.25,864.75,855.0,857.0,6659
2019-09-03,855.5,856.5,848.75,856.5,2239
2019-09-04,856.5,863.75,852.5,862.5,2164
2019-09-05,863.0,863.0,846.75,849.75,1293
2019-09-06,853.5,853.5,844.75,845.0,657
2019-09-09,843.0,847.75,839.75,845.0,617
2019-09-10,847.25,859.25,845.5,859.25,465
2019-09-11,853.75,854.0,851.5,854.0,648
2019-09-12,862.75,883.0,862.75,883.0,198
2019-09-13,890.0,890.25,884.75,884.75,103085
2019-09-16,903.25,904.75,894.25,900.0,90735
2019-09-17,900.0,900.0,888.25,893.75,91238
2019-09-18,895.25,897.0,886.75,888.75,61671
2019-09-19,889.25,895.0,886.25,893.0,88652
2019-09-20,893.0,893.5,880.75,882.75,96181
2019-09-23,882.75,899.25,882.75,892.5,121013
2019-09-24,892.5,899.0,890.5,894.25,96225
2019-09-25,894.0,897.75,885.25,889.25,99066
2019-09-26,888.0,895.5,886.75,888.5,83062
2019-09-27,887.75,889.25,881.5,883.0,67140
2019-09-30,884.75,906.75,883.75,906.0,163353
2019-10-01,904.0,920.0,903.25,919.5,182135
2019-10-02,917.25,918.75,911.75,913.75,114727
2019-10-03,913.0,918.5,908.0,911.75,109300
2019-10-04,911.0,921.25,909.5,916.25,88001
2019-10-07,916.5,919.5,911.5,915.25,131284
2019-10-08,915.0,923.75,910.5,920.5,149426
2019-10-09,918.5,931.5,918.25,923.75,165142
2019-10-10,919.5,934.0,918.75,923.5,170687
2019-10-11,923.75,939.25,923.5,936.0,131889
2019-10-14,940.5,945.0,930.5,940.5,131889
2019-10-15,938.75,944.25,933.25,934.0,129605
2019-10-16,933.0,938.75,927.5,928.0,102683
2019-10-17,928.0,940.75,927.25,931.5,119451
2019-10-18,931.0,938.5,930.5,934.0,120202
2019-10-21,930.75,940.0,930.25,933.25,132043
2019-10-22,932.5,945.25,931.0,934.0,162322
2019-10-23,934.0,939.0,927.75,933.75,183773
2019-10-24,933.75,939.0,932.75,933.25,133429
2019-10-25,933.5,937.25,919.5,920.25,190315
2019-10-28,921.5,926.0,920.25,920.75,132478
2019-10-29,921.0,925.25,916.0,918.25,147901
2019-10-30,917.75,921.5,915.25,916.0,110262
2019-10-31,915.75,920.25,910.5,916.75,14167
2019-11-01,915.5,926.5,915.0,924.25,7099
2019-11-04,923.25,929.75,921.0,925.75,1287
2019-11-05,925.25,928.75,920.0,921.75,660
2019-11-06,922.25,922.25,914.25,915.0,1583
2019-11-07,916.5,927.0,915.0,925.0,793
2019-11-08,924.5,926.25,915.75,919.5,610
2019-11-11,916.5,917.25,904.25,905.0,798
2019-11-12,906.0,909.25,905.0,905.75,158
2019-11-13,906.5,909.25,902.0,902.5,342
2019-11-14,900.75,901.75,900.25,900.25,88541
2019-11-15,918.25,923.5,915.25,918.25,80816
2019-11-18,919.0,921.75,910.0,910.25,83364
2019-11-19,910.5,917.0,910.0,911.5,90805
2019-11-20,910.5,915.75,904.25,905.0,118388
2019-11-21,905.25,909.25,900.25,901.0,97029
2019-11-22,900.5,903.5,895.5,897.0,84251
2019-11-25,898.0,902.5,892.0,892.5,77560
2019-11-26,892.75,895.0,882.75,884.25,104621
2019-11-27,884.75,887.5,881.25,882.0,88224
2019-11-29,883.25,884.75,875.75,876.75,66997
2019-12-02,877.75,883.0,867.5,870.5,125372
2019-12-03,873.5,875.75,868.25,871.0,111142
2019-12-04,872.25,880.0,871.5,878.0,102632
2019-12-05,878.0,888.75,877.25,884.25,108171
2019-12-06,884.75,894.0,884.5,889.5,159565
2019-12-09,891.75,903.5,889.75,897.25,179217
2019-12-10,897.5,902.25,896.25,901.25,100653
2019-12-11,898.75,902.0,892.0,893.5,154948
2019-12-12,893.0,901.75,888.25,898.25,129658
2019-12-13,906.0,917.0,901.5,907.5,167011
2019-12-16,912.5,922.75,912.5,922.0,108734
2019-12-17,921.25,931.0,920.25,928.75,137658
2019-12-18,928.0,930.0,923.0,928.5,98044
2019-12-19,926.75,929.25,921.25,924.5,82259
2019-12-20,925.0,930.0,924.0,928.25,88295
2019-12-23,929.0,937.0,927.5,934.0,100647
2019-12-24,933.0,937.5,929.0,936.5,45245
2019-12-26,937.75,940.0,936.75,937.75,42300
2019-12-27,937.25,941.5,928.75,929.5,72394
2019-12-30,929.0,941.0,927.25,939.5,54975
2019-12-31,939.25,943.5,933.75,943.0,10926
2020-01-02,943.25,949.0,941.75,944.25,2217
2020-01-03,944.5,945.25,926.75,930.5,2272
2020-01-06,929.25,936.25,929.0,932.75,1524
2020-01-07,933.5,935.0,928.75,935.0,866
2020-01-08,936.25,940.0,935.75,938.25,576
2020-01-09,943.25,943.25,931.0,933.75,345
2020-01-10,931.5,935.5,927.5,935.0,203
2020-01-13,938.5,938.5,929.25,929.25,82
2020-01-14,929.0,934.75,928.5,928.5,84463
2020-01-15,942.0,943.25,928.25,928.75,119742
2020-01-16,929.75,930.25,922.0,924.0,101998
2020-01-17,924.5,933.5,920.0,929.75,90936
2020-01-21,930.0,931.5,915.25,916.0,119955
2020-01-22,917.0,922.0,913.25,913.75,92153
2020-01-23,914.0,914.75,904.0,909.5,98543
2020-01-24,909.25,909.25,900.75,902.0,77349
2020-01-27,899.25,900.0,888.25,897.25,107839
2020-01-28,897.5,898.0,888.5,895.0,86749
2020-01-29,896.0,903.0,890.75,893.0,77353
2020-01-30,893.5,893.75,875.5,876.25,123089
2020-01-31,880.0,882.75,872.25,872.5,88324
2020-02-03,870.75,878.75,868.75,877.0,138975
2020-02-04,876.25,887.0,873.75,879.5,102451
2020-02-05,880.0,888.0,878.0,880.0,75259
2020-02-06,880.0,886.25,876.75,881.0,110541
2020-02-07,883.25,884.75,876.25,882.0,124917
2020-02-10,883.0,889.75,879.5,884.25,145123
2020-02-11,885.75,889.0,878.0,884.75,134299
2020-02-12,885.5,893.0,881.5,892.5,163370
2020-02-13,891.0,899.75,888.5,896.25,193428
2020-02-14,896.25,899.25,890.0,893.75,130575
2020-02-18,894.75,898.5,889.25,892.25,133199
2020-02-19,892.25,898.25,885.0,897.25,142100
2020-02-20,896.5,898.0,891.25,892.75,99285
2020-02-21,892.0,902.0,887.5,890.5,139963
2020-02-24,888.0,888.5,870.75,874.25,91246
2020-02-25,875.5,880.75,873.25,879.0,56793
2020-02-26,879.5,888.25,875.5,881.0,86864
2020-02-27,880.5,887.75,866.75,886.25,67399
2020-02-28,886.25,887.25,874.5,883.5,11811
2020-03-02,883.75,895.0,883.75,890.5,4084
2020-03-03,891.25,895.5,889.25,893.0,3011
2020-03-04,898.5,900.75,897.25,898.75,657
2020-03-05,896.5,896.5,889.0,889.0,291
2020-03-06,890.75,892.0,882.0,883.25,406
2020-03-09,865.0,871.75,861.75,863.5,223
2020-03-10,874.25,879.5,871.5,873.0,380
2020-03-11,876.25,878.5,867.75,867.75,228
2020-03-12,871.25,871.25,853.75,855.0,8
2020-03-13,846.75,846.75,846.75,846.75,157825
2020-03-16,842.0,854.75,821.0,821.75,162521
2020-03-17,824.75,832.5,822.0,824.25,124052
2020-03-18,824.5,838.5,822.25,825.5,131550
2020-03-19,829.25,855.75,825.0,843.25,146051
2020-03-20,845.75,864.75,845.5,862.5,123550
2020-03-23,860.0,885.25,858.25,884.0,137562
2020-03-24,884.0,887.75,872.5,886.75,101830
2020-03-25,885.0,897.0,880.5,881.5,101240
2020-03-26,882.5,884.5,871.25,880.25,92600
2020-03-27,879.0,888.75,875.25,881.5,85866
2020-03-30,880.0,892.5,876.75,882.25,75012
2020-03-31,882.5,887.5,875.75,886.0,100917
2020-04-01,885.75,887.25,860.75,862.75,91934
2020-04-02,864.75,870.0,857.0,858.75,89450
2020-04-03,859.75,864.5,850.5,854.25,83592
2020-04-06,853.5,859.0,848.5,855.5,68720
2020-04-07,856.0,862.25,854.25,854.75,86188
2020-04-08,855.75,860.5,851.75,854.5,79057
2020-04-09,855.5,867.0,853.75,863.5,105524
2020-04-13,864.0,870.0,850.5,854.25,89265
2020-04-14,854.75,856.5,845.75,847.0,102334
2020-04-15,847.5,852.5,838.75,842.0,111556
2020-04-16,840.75,846.75,835.25,836.75,64484
2020-04-17,839.25,842.75,831.75,832.5,56944
2020-04-20,833.5,835.75,824.5,826.5,52383
2020-04-21,826.0,833.5,808.25,830.75,85886
2020-04-22,831.25,839.0,827.0,834.75,79892
2020-04-23,834.75,848.75,833.75,839.25,67541
2020-04-24,840.0,843.75,827.5,832.25,68404
2020-04-27,831.25,838.75,827.25,829.0,60072
2020-04-28,829.5,835.5,822.5,826.0,63296
2020-04-29,825.5,835.0,824.75,831.75,32364
2020-04-30,833.75,851.0,833.75,850.25,5384
2020-05-01,849.75,850.75,842.75,847.25,2586
2020-05-04,843.5,843.5,831.0,834.0,675
2020-05-05,833.25,838.25,832.5,838.25,543
2020-05-06,838.25,838.25,829.5,830.5,319
2020-05-07,834.25,845.25,831.0,841.5,456
2020-05-08,842.0,856.25,842.0,848.75,404
2020-05-11,857.0,857.0,851.5,852.25,155
2020-05-12,852.75,854.75,847.5,849.25,60
2020-05-13,841.75,842.25,836.0,836.0,40
2020-05-14,837.0,837.0,835.25,835.25,66851
2020-05-15,838.0,843.0,836.5,838.5,64517
2020-05-18,840.5,847.75,838.75,845.0,65172
2020-05-19,846.0,848.5,839.25,842.5,71624
2020-05-20,842.0,849.5,842.0,846.75,63343
2020-05-21,846.75,848.5,833.75,835.0,96034
2020-05-22,835.25,839.5,828.5,833.25,95907
2020-05-26,832.5,849.0,832.25,847.0,120908
2020-05-27,848.0,851.25,843.5,848.5,89189
2020-05-28,848.5,852.25,838.75,847.0,82411
2020-05-29,846.0,846.0,837.0,840.75,93470
2020-06-01,843.5,849.0,834.0,840.5,119172
2020-06-02,840.0,856.0,838.5,850.5,125683
2020-06-03,851.75,858.0,851.25,857.5,107887
2020-06-04,857.0,873.25,855.25,867.75,150610
2020-06-05,868.0,873.5,865.25,867.75,138816
2020-06-08,869.25,871.5,861.75,864.75,117154
2020-06-09,864.0,866.5,856.5,863.25,141206
2020-06-10,863.25,869.25,863.0,865.5,117232
2020-06-11,865.0,869.5,861.0,866.0,114073
2020-06-12,866.5,873.0,863.5,871.25,134400
2020-06-15,870.5,871.75,864.25,869.0,103929
2020-06-16,870.75,873.0,864.75,867.0,108921
2020-06-17,866.5,875.75,860.0,871.25,115263
2020-06-18,871.0,876.5,870.0,873.0,101429
2020-06-19,873.0,880.5,871.5,876.5,87950
2020-06-22,875.25,879.75,872.5,876.25,94353
2020-06-23,876.75,879.0,865.0,875.0,121219
2020-06-24,875.5,877.5,870.0,870.75,90927
2020-06-25,870.5,871.5,861.75,869.25,69955
2020-06-26,869.0,871.75,862.75,865.0,97228
2020-06-29,864.0,869.5,860.0,866.5,37709
2020-06-30,865.0,891.0,864.0,884.25,10148
2020-07-01,883.75,898.5,883.25,893.75,4084
2020-07-02,893.75,898.0,890.25,892.5,791
2020-07-06,897.5,901.5,897.0,898.5,762
2020-07-07,894.0,899.25,894.0,895.25,285
2020-07-08,891.25,898.75,891.25,894.75,371
2020-07-09,903.0,907.0,898.25,898.25,171
2020-07-10,898.5,900.75,888.75,891.5,67
2020-07-13,888.0,888.75,876.5,876.5,21
2020-07-14,882.25,882.25,882.25,882.25,30476
2020-07-15,879.25,887.5,877.5,886.25,29421
2020-07-16,887.5,896.0,886.75,893.5,29648
2020-07-17,893.25,898.75,892.75,898.0,23350
2020-07-20,898.5,905.5,897.0,903.0,27127
2020-07-21,902.5,902.5,895.0,896.5,28322
2020-07-22,896.5,901.25,892.0,899.25,26710
2020-07-23,898.75,907.0,897.5,906.25,27924
2020-07-24,906.0,910.0,901.5,904.75,32453
2020-07-27,904.0,909.25,901.5,906.5,30189
2020-07-28,903.0,903.0,893.0,896.75,45927
2020-07-29,896.75,898.0,891.5,891.5,46758
2020-07-30,891.0,893.5,884.25,891.75,18187
2020-07-31,893.5,899.25,893.5,897.5,5040
2020-08-03,898.5,903.0,893.0,897.5,1059
2020-08-04,893.5,893.5,881.0,883.75,1115
2020-08-05,884.0,884.0,880.0,882.0,609
2020-08-06,882.0,886.0,880.0,880.75,207
2020-08-07,878.0,878.75,870.25,870.25,451
2020-08-10,869.5,878.25,869.5,876.5,79
2020-08-11,878.5,879.5,878.0,878.0,275
2020-08-12,880.75,890.5,878.0,890.5,447
2020-08-13,894.75,910.5,894.75,907.25,344
2020-08-14,903.0,903.5,903.0,903.5,15669
2020-08-17,899.5,915.0,899.0,912.5,26203
2020-08-18,912.0,914.75,908.0,912.0,34101
2020-08-19,910.5,917.75,907.75,912.5,15732
2020-08-20,911.75,914.0,900.5,903.0,16782
2020-08-21,904.5,907.75,899.5,900.75,26635
2020-08-24,901.0,907.75,896.75,899.75,17315
2020-08-25,905.0,914.75,905.0,913.75,22496
2020-08-26,914.0,920.25,914.0,919.5,15086
2020-08-27,919.75,943.75,919.5,937.25,16175
2020-08-28,935.75,952.5,935.75,950.5,12103
2020-08-31,960.25,967.0,950.75,951.25,1130
2020-09-01,948.0,956.5,945.0,955.0,553
2020-09-02,951.5,962.5,947.5,962.5,360
2020-09-03,962.5,968.75,962.5,968.75,323
2020-09-04,970.0,971.0,969.5,969.5,85
2020-09-08,975.75,975.75,965.0,973.0,83
2020-09-09,974.25,979.75,974.25,979.75,62
2020-09-10,983.5,986.25,982.5,985.0,32
2020-09-11,992.0,1025.0,992.0,1005.5,63
2020-09-14,1019.25,1019.25,1019.25,1019.25,137347
2020-09-15,1001.0,1005.75,990.25,991.5,135852
2020-09-16,991.0,1013.75,985.0,1011.25,176360
2020-09-17,1011.5,1032.25,1005.0,1028.5,259968
2020-09-18,1028.0,1046.75,1027.25,1043.5,188266
2020-09-21,1041.0,1045.25,1020.5,1022.5,198261
2020-09-22,1020.25,1037.0,1013.25,1019.75,169336
2020-09-23,1020.5,1025.5,1011.0,1014.5,135269
2020-09-24,1012.5,1014.75,997.25,1000.0,175815
2020-09-25,999.0,1008.0,995.25,1002.5,115655
2020-09-28,1002.0,1007.5,991.5,996.25,117222
2020-09-29,994.0,997.75,985.75,993.0,120596
2020-09-30,992.25,1034.75,987.5,1023.5,220274
2020-10-01,1023.25,1035.0,1021.75,1023.5,141785
2020-10-02,1024.0,1028.0,1013.0,1020.75,136558
2020-10-05,1019.75,1025.5,1016.0,1021.5,112442
2020-10-06,1021.5,1053.75,1021.25,1044.0,212107
2020-10-07,1041.25,1059.75,1037.25,1051.0,236406
2020-10-08,1051.25,1069.0,1048.5,1050.0,239775
2020-10-09,1050.25,1079.75,1047.0,1065.5,264053
2020-10-12,1065.25,1073.5,1031.5,1033.75,262222
2020-10-13,1034.0,1046.0,1032.5,1044.0,171633
2020-10-14,1043.0,1059.75,1039.75,1056.25,161954
2020-10-15,1057.5,1064.25,1037.25,1062.25,158655
2020-10-16,1062.75,1070.75,1048.75,1050.0,138422
2020-10-19,1051.25,1058.25,1047.75,1054.25,117717
2020-10-20,1055.75,1065.75,1051.25,1064.0,120566
2020-10-21,1065.0,1077.0,1064.25,1072.0,127982
2020-10-22,1072.25,1085.25,1063.5,1073.75,149124
2020-10-23,1071.25,1088.5,1065.75,1083.75,173835
2020-10-26,1083.75,1089.75,1078.0,1087.75,111054
2020-10-27,1086.0,1094.0,1081.75,1082.25,111439
2020-10-28,1081.75,1081.75,1056.75,1057.25,100102
2020-10-29,1058.5,1062.25,1051.0,1051.75,63846
2020-10-30,1051.0,1062.25,1047.0,1056.5,12667
2020-11-02,1053.5,1053.5,1042.0,1050.75,3660
2020-11-03,1051.0,1068.5,1051.0,1059.0,2656
2020-11-04,1061.5,1081.5,1056.25,1079.0,1304
2020-11-05,1080.0,1111.25,1079.5,1101.75,2013
2020-11-06,1101.0,1107.5,1095.75,1098.5,1031
2020-11-09,1097.75,1113.25,1096.75,1105.0,808
2020-11-10,1106.75,1145.25,1102.25,1138.25,582
2020-11-11,1137.0,1150.25,1136.0,1143.25,489
2020-11-12,1136.25,1140.75,1132.25,1137.0,451
2020-11-13,1139.5,1145.0,1139.5,1141.5,118177
2020-11-16,1150.25,1155.25,1144.0,1153.5,93941
2020-11-17,1157.0,1178.25,1156.25,1169.75,148053
2020-11-18,1170.25,1189.75,1167.75,1175.75,165853
2020-11-19,1174.0,1181.25,1161.75,1177.5,130563
2020-11-20,1179.0,1196.75,1176.75,1181.0,149969
2020-11-23,1195.5,1200.0,1186.0,1191.5,113186
2020-11-24,1190.75,1194.0,1174.0,1191.25,126040
2020-11-25,1197.5,1198.5,1183.25,1184.0,85398
2020-11-27,1186.0,1194.0,1179.25,1191.75,49078
2020-11-30,1198.0,1199.0,1168.0,1168.5,127702
2020-12-01,1169.25,1176.0,1161.25,1162.0,109296
2020-12-02,1163.75,1164.0,1142.5,1153.0,134260
2020-12-03,1154.25,1170.75,1152.0,1168.25,93899
2020-12-04,1168.0,1172.5,1157.75,1163.0,98159
2020-12-07,1160.0,1169.0,1149.0,1158.5,165902
2020-12-08,1157.5,1160.25,1142.75,1145.75,176569
2020-12-09,1146.0,1160.75,1145.5,1158.5,121502
2020-12-10,1159.75,1178.0,1150.25,1152.75,202110
2020-12-11,1155.25,1162.75,1151.0,1160.5,129424
2020-12-14,1164.75,1173.0,1161.25,1169.5,101997
2020-12-15,1170.75,1185.75,1162.0,1184.25,128713
2020-12-16,1187.0,1195.0,1181.75,1183.75,122886
2020-12-17,1183.25,1203.0,1179.75,1201.25,125030
2020-12-18,1202.75,1224.75,1201.5,1220.0,110919
2020-12-21,1225.25,1244.0,1213.5,1243.25,129147
2020-12-22,1244.5,1252.25,1236.75,1247.25,102551
2020-12-23,1248.25,1266.75,1240.5,1258.75,93382
2020-12-24,1260.25,1274.25,1259.75,1263.5,41312
2020-12-28,1273.0,1279.5,1245.0,1255.25,56756
2020-12-29,1253.75,1298.75,1245.0,1295.5,43283
2020-12-30,1295.0,1308.25,1279.75,1303.75,24625
2020-12-31,1302.25,1321.5,1299.25,1315.25,3634
2021-01-04,1324.0,1349.75,1306.25,1316.5,2421
2021-01-05,1319.25,1373.5,1319.25,1350.0,1194
2021-01-06,1359.75,1376.25,1359.75,1365.25,880
2021-01-07,1368.0,1368.0,1347.0,1360.5,1097
2021-01-08,1366.5,1383.75,1366.0,1375.75,810
2021-01-11,1381.5,1384.5,1360.0,1374.5,365
2021-01-12,1377.25,1430.0,1367.5,1422.0,331
2021-01-13,1433.5,1438.25,1410.75,1411.0,242
2021-01-14,1413.0,1436.5,1413.0,1436.5,109224
2021-01-15,1432.25,1434.5,1413.5,1416.75,102084
2021-01-19,1419.0,1421.25,1383.25,1385.75,129335
2021-01-20,1384.5,1384.5,1352.0,1369.5,182300
2021-01-21,1369.0,1387.0,1365.5,1370.25,118977
2021-01-22,1367.0,1367.0,1305.25,1311.75,203991
2021-01-25,1308.75,1352.25,1298.0,1343.5,150390
2021-01-26,1348.25,1376.5,1333.5,1370.25,116570
2021-01-27,1376.0,1394.75,1364.5,1374.75,176959
2021-01-28,1371.75,1391.25,1345.5,1353.25,147312
2021-01-29,1353.25,1376.75,1335.5,1370.0,140139
2021-02-01,1375.0,1383.0,1349.25,1365.25,122610
2021-02-02,1366.0,1372.0,1341.5,1354.75,101229
2021-02-03,1354.5,1372.5,1342.5,1371.25,104412
2021-02-04,1374.0,1381.5,1364.5,1372.5,105595
2021-02-05,1370.75,1382.75,1365.5,1366.75,125252
2021-02-08,1368.75,1392.5,1364.75,1387.75,132805
2021-02-09,1391.0,1409.5,1377.5,1401.75,183992
2021-02-10,1404.5,1404.75,1352.25,1354.0,171264
2021-02-11,1352.75,1379.75,1337.25,1367.5,133481
2021-02-12,1368.5,1377.25,1362.0,1372.0,89711
2021-02-16,1385.75,1394.0,1373.75,1384.75,115890
2021-02-17,1386.25,1390.0,1376.25,1383.75,75855
2021-02-18,1385.0,1391.25,1370.0,1375.0,114634
2021-02-19,1376.25,1388.75,1366.5,1377.25,140822
2021-02-22,1384.75,1388.5,1371.0,1383.75,124120
2021-02-23,1383.75,1425.0,1380.75,1406.0,88637
2021-02-24,1407.25,1426.5,1406.75,1423.75,66143
2021-02-25,1423.5,1443.0,1391.75,1406.0,44673
2021-02-26,1404.0,1408.25,1380.0,1405.25,5701
2021-03-01,1415.75,1422.0,1392.0,1392.5,1258
2021-03-02,1395.0,1416.0,1383.5,1414.0,680
2021-03-03,1412.0,1417.5,1400.25,1410.75,619
2021-03-04,1418.75,1441.0,1409.5,1415.25,385
2021-03-05,1414.25,1437.25,1414.25,1434.25,171
2021-03-08,1447.0,1453.5,1436.0,1437.75,149
2021-03-09,1442.25,1443.5,1430.0,1441.25,186
2021-03-10,1441.25,1441.5,1411.25,1411.5,340
2021-03-11,1407.75,1421.75,1407.75,1415.5,180
2021-03-12,1425.0,1425.0,1395.75,1415.75,100480
2021-03-15,1409.25,1423.75,1402.0,1419.5,82218
2021-03-16,1420.0,1425.0,1412.75,1423.25,71215
2021-03-17,1424.0,1425.25,1408.0,1417.75,69409
2021-03-18,1417.25,1419.0,1390.5,1392.25,93486
2021-03-19,1391.0,1418.25,1390.0,1416.25,86775
2021-03-22,1418.75,1423.75,1405.25,1417.5,77293
2021-03-23,1418.75,1435.0,1414.25,1423.25,108200
2021-03-24,1421.75,1433.5,1418.25,1432.75,78103
2021-03-25,1430.75,1431.75,1410.5,1414.25,104662
2021-03-26,1414.0,1419.0,1399.0,1400.5,100389
2021-03-29,1400.5,1402.75,1383.0,1393.0,98533
2021-03-30,1393.0,1394.75,1364.25,1366.75,96925
2021-03-31,1368.75,1436.75,1364.75,1436.75,128593
2021-04-01,1444.0,1456.25,1398.5,1402.0,169783
2021-04-05,1410.0,1421.0,1405.25,1412.75,63975
2021-04-06,1412.75,1431.0,1412.5,1418.75,81203
2021-04-07,1420.5,1427.5,1403.75,1408.75,84843
2021-04-08,1408.75,1422.5,1404.5,1415.25,98187
2021-04-09,1416.0,1419.0,1400.75,1403.0,113734
2021-04-12,1403.25,1407.25,1379.5,1382.0,134732
2021-04-13,1385.25,1398.75,1378.0,1389.5,119433
2021-04-14,1391.5,1416.25,1389.25,1410.0,113554
2021-04-15,1410.0,1421.0,1407.5,1418.25,85081
2021-04-16,1419.0,1437.75,1418.0,1433.25,88555
2021-04-19,1439.75,1454.5,1434.75,1449.75,78228
2021-04-20,1450.5,1485.5,1450.0,1472.0,91627
2021-04-21,1475.0,1499.75,1467.5,1497.25,88608
2021-04-22,1498.75,1543.0,1498.25,1533.25,115383
2021-04-23,1534.0,1549.75,1520.0,1539.75,112190
2021-04-26,1548.75,1573.0,1540.5,1569.0,84662
2021-04-27,1572.25,1608.75,1548.0,1549.75,77706
2021-04-28,1545.25,1589.0,1524.25,1557.75,66001
2021-04-29,1549.0,1573.75,1538.0,1542.5,22542
2021-04-30,1534.0,1573.5,1527.5,1571.0,4669
2021-05-03,1579.0,1600.0,1553.5,1560.25,1617
2021-05-04,1571.0,1590.75,1571.0,1577.0,1618
2021-05-05,1591.25,1591.25,1573.75,1582.0,631
2021-05-06,1590.5,1609.0,1589.75,1605.5,588
2021-05-07,1614.5,1630.25,1602.5,1621.0,508
2021-05-10,1621.0,1627.0,1613.25,1620.0,396
2021-05-11,1614.5,1650.25,1608.25,1637.5,128
2021-05-12,1666.25,1677.25,1660.25,1660.5,172
2021-05-13,1657.0,1657.0,1598.0,1612.25,199
2021-05-14,1625.0,1625.0,1603.75,1603.75,104663
2021-05-17,1584.75,1603.25,1575.5,1587.5,84850
2021-05-18,1588.25,1604.75,1569.0,1574.25,100081
2021-05-19,1576.0,1576.25,1522.0,1538.25,125738
2021-05-20,1547.0,1553.75,1523.0,1533.25,74949
2021-05-21,1534.0,1540.75,1512.25,1526.25,87016
2021-05-24,1520.75,1525.75,1506.25,1522.75,78380
2021-05-25,1523.75,1538.25,1499.0,1511.75,98163
2021-05-26,1512.5,1525.5,1489.25,1503.5,101218
2021-05-27,1508.0,1539.25,1492.0,1537.0,87612
2021-05-28,1538.0,1555.75,1522.75,1530.5,74559
2021-06-01,1542.0,1578.5,1537.25,1548.5,97373
2021-06-02,1546.0,1567.75,1541.75,1562.5,93696
2021-06-03,1565.5,1589.0,1543.5,1549.25,91793
2021-06-04,1548.25,1587.0,1545.25,1583.75,80384
2021-06-07,1599.75,1623.5,1558.5,1560.25,145331
2021-06-08,1571.0,1597.5,1561.5,1580.0,141918
2021-06-09,1584.25,1586.75,1550.0,1562.5,117025
2021-06-10,1562.5,1576.5,1537.25,1544.0,144526
2021-06-11,1544.5,1551.25,1496.5,1508.5,155417
2021-06-14,1504.25,1504.25,1455.0,1472.25,106170
2021-06-15,1483.5,1488.25,1460.0,1465.75,103081
2021-06-16,1468.25,1475.0,1442.5,1448.5,74804
2021-06-17,1443.0,1450.0,1323.5,1329.75,121978
2021-06-18,1330.75,1408.25,1330.75,1396.0,100857
2021-06-21,1374.0,1422.5,1370.0,1415.0,64081
2021-06-22,1420.0,1427.25,1393.25,1394.5,67595
2021-06-23,1392.0,1406.75,1381.0,1385.0,65951
2021-06-24,1382.5,1385.0,1345.75,1371.25,57347
2021-06-25,1369.5,1384.75,1325.75,1329.75,97444
2021-06-28,1329.75,1365.5,1326.0,1357.0,51276
2021-06-29,1370.0,1372.5,1348.0,1359.75,20510
2021-06-30,1360.0,1454.25,1336.25,1450.0,4559
2021-07-01,1450.25,1480.0,1438.0,1446.75,2182
2021-07-02,1447.0,1465.0,1441.75,1451.75,1542
2021-07-06,1420.0,1420.0,1353.0,1363.75,586
2021-07-07,1399.0,1402.0,1366.75,1386.5,795
2021-07-08,1380.75,1398.75,1380.75,1390.25,507
2021-07-09,1387.5,1404.5,1387.5,1404.0,329
2021-07-12,1408.75,1432.5,1408.75,1432.5,105
2021-07-13,1436.0,1449.25,1434.0,1438.0,172
2021-07-14,1438.0,1475.75,1438.0,1467.75,36423
2021-07-15,1453.25,1461.0,1440.75,1447.5,30128
2021-07-16,1449.5,1473.75,1444.0,1454.75,31628
2021-07-19,1475.0,1480.0,1426.25,1428.0,24475
2021-07-20,1434.25,1452.75,1429.25,1443.5,33664
2021-07-21,1449.25,1451.5,1428.75,1439.25,21426
2021-07-22,1439.75,1440.25,1391.25,1416.25,30714
2021-07-23,1418.25,1419.75,1396.0,1401.0,23499
2021-07-26,1405.0,1415.5,1380.0,1412.75,25875
2021-07-27,1419.25,1442.75,1412.5,1418.25,22129
2021-07-28,1422.75,1435.75,1410.5,1432.0,21549
2021-07-29,1431.75,1449.75,1427.75,1434.25,17953
2021-07-30,1435.0,1441.0,1405.75,1414.75,2967
2021-08-02,1419.25,1425.5,1404.0,1418.75,1153
2021-08-03,1409.0,1412.0,1380.5,1392.25,2286
2021-08-04,1390.25,1406.5,1390.25,1403.5,2841
2021-08-05,1403.5,1415.0,1393.5,1402.5,1246
2021-08-06,1398.5,1422.25,1398.5,1422.25,957
2021-08-09,1426.0,1443.75,1418.5,1433.75,446
2021-08-10,1439.5,1460.75,1439.5,1447.5,812
2021-08-11,1448.5,1466.0,1403.0,1405.5,285
2021-08-12,1411.0,1428.75,1394.75,1401.5,37
2021-08-13,1408.75,1434.5,1408.75,1424.25,20560
2021-08-16,1373.25,1385.5,1367.75,1376.0,13440
2021-08-17,1379.5,1386.5,1365.0,1369.0,12021
2021-08-18,1370.0,1372.75,1352.75,1358.25,10179
2021-08-19,1358.0,1358.0,1316.75,1323.0,17626
2021-08-20,1324.25,1337.25,1281.5,1293.75,18268
2021-08-23,1293.0,1311.75,1290.5,1294.0,13922
2021-08-24,1301.25,1343.5,1294.25,1337.0,25598
2021-08-25,1337.0,1355.5,1329.0,1346.0,24442
2021-08-26,1345.0,1373.75,1341.5,1367.5,23771
2021-08-27,1364.25,1368.25,1324.0,1359.25,16506
2021-08-30,1357.25,1359.25,1297.0,1304.75,7248
2021-08-31,1310.0,1312.75,1293.0,1298.75,1682
2021-09-01,1291.5,1291.5,1272.5,1277.75,663
2021-09-02,1275.5,1284.0,1269.25,1279.25,354
2021-09-03,1290.5,1290.5,1283.0,1283.0,62
2021-09-07,1288.0,1292.0,1268.75,1268.75,31
2021-09-08,1270.75,1272.25,1269.5,1270.75,30
2021-09-09,1260.0,1267.25,1258.0,1258.75,175
2021-09-10,1261.25,1280.5,1259.0,1275.25,49
2021-09-13,1271.75,1272.5,1271.75,1272.5,22
2021-09-14,1283.5,1283.5,1276.5,1276.5,72169
2021-09-15,1283.5,1296.0,1276.0,1294.5,91389
2021-09-16,1296.5,1308.0,1291.25,1296.0,75853
2021-09-17,1295.5,1298.5,1278.25,1284.0,72388
2021-09-20,1285.0,1286.0,1262.0,1262.5,94112
2021-09-21,1263.0,1275.5,1257.5,1274.0,78941
2021-09-22,1274.5,1285.0,1270.25,1282.75,75666
2021-09-23,1282.5,1290.25,1275.75,1284.25,70612
2021-09-24,1283.25,1290.0,1278.25,1285.0,64911
2021-09-27,1284.0,1297.0,1282.0,1287.5,96607
2021-09-28,1286.75,1287.0,1275.0,1277.0,88017
2021-09-29,1276.25,1288.5,1272.75,1283.75,91807
2021-09-30,1282.0,1295.0,1249.0,1256.0,202394
2021-10-01,1255.0,1262.25,1242.0,1246.5,117447
2021-10-04,1242.75,1247.75,1235.0,1235.75,111356
2021-10-05,1234.25,1256.25,1231.0,1250.5,119391
2021-10-06,1250.0,1255.5,1239.25,1242.0,83888
2021-10-07,1242.0,1249.5,1233.5,1247.25,120772
2021-10-08,1246.5,1262.5,1242.0,1243.0,143586
2021-10-11,1240.5,1251.25,1227.0,1228.25,112209
2021-10-12,1226.5,1230.75,1194.75,1198.25,183780
2021-10-13,1198.5,1211.25,1184.5,1195.25,186725
2021-10-14,1196.0,1207.75,1193.5,1206.25,127035
2021-10-15,1205.75,1221.0,1202.0,1217.75,111808
2021-10-18,1218.0,1225.25,1210.0,1221.5,99058
2021-10-19,1220.5,1239.25,1216.25,1228.0,139462
2021-10-20,1227.75,1249.5,1224.75,1245.5,134395
2021-10-21,1243.25,1249.5,1222.0,1224.0,105786
2021-10-22,1224.0,1230.5,1217.0,1220.5,176315
2021-10-25,1218.75,1238.25,1216.0,1237.25,137468
2021-10-26,1236.25,1246.25,1230.0,1238.0,94349
2021-10-27,1237.25,1257.5,1227.0,1239.25,122469
2021-10-28,1238.5,1249.5,1229.5,1233.75,73201
2021-10-29,1230.25,1242.0,1227.75,1235.75,10990
2021-11-01,1236.25,1246.5,1225.0,1236.75,3899
2021-11-02,1236.5,1250.25,1234.75,1244.0,2003
2021-11-03,1242.25,1245.0,1228.5,1231.5,1263
2021-11-04,1230.5,1233.25,1205.5,1209.25,2676
2021-11-05,1210.0,1211.25,1191.0,1192.25,776
2021-11-08,1190.0,1196.0,1177.75,1178.0,596
2021-11-09,1178.0,1213.75,1171.25,1199.5,512
2021-11-10,1200.0,1209.75,1198.5,1203.5,825
2021-11-11,1204.5,1217.0,1200.0,1212.25,336
2021-11-12,1215.0,1237.75,1215.0,1234.0,104151
2021-11-15,1242.25,1259.75,1238.0,1257.25,94353
2021-11-16,1255.75,1261.5,1248.5,1251.25,80591
2021-11-17,1252.0,1289.25,1250.75,1277.0,146987
2021-11-18,1276.5,1287.25,1262.75,1265.25,103205
2021-11-19,1265.5,1277.25,1257.0,1263.25,78709
2021-11-22,1264.25,1279.5,1260.0,1274.25,70634
2021-11-23,1274.25,1279.25,1263.0,1273.0,65548
2021-11-24,1273.75,1281.0,1263.25,1266.5,72906
2021-11-26,1252.0,1254.0,1240.25,1252.75,88520
2021-11-29,1260.75,1268.5,1240.75,1241.5,82284
2021-11-30,1241.5,1244.75,1214.25,1217.25,132640
2021-12-01,1222.0,1237.0,1216.25,1228.25,105476
2021-12-02,1229.75,1249.0,1221.0,1244.25,94962
2021-12-03,1244.5,1270.0,1244.25,1267.25,94245
2021-12-06,1271.75,1274.75,1254.5,1261.5,75260
2021-12-07,1262.25,1268.5,1243.0,1250.25,171655
2021-12-08,1252.25,1264.0,1238.25,1261.0,122041
2021-12-09,1260.25,1267.0,1247.0,1264.5,102868
2021-12-10,1264.25,1276.5,1259.25,1267.75,112572
2021-12-13,1271.0,1271.0,1243.25,1244.0,116561
2021-12-14,1246.0,1267.0,1237.5,1259.5,102492
2021-12-15,1260.0,1266.5,1251.0,1262.5,91939
2021-12-16,1262.0,1280.75,1258.75,1277.25,115189
2021-12-17,1276.25,1297.5,1274.75,1285.25,122742
2021-12-20,1289.5,1296.25,1278.5,1292.25,83928
2021-12-21,1292.0,1313.5,1286.5,1308.0,81517
2021-12-22,1306.0,1333.25,1304.75,1328.75,68991
2021-12-23,1326.0,1334.0,1321.0,1332.0,60005
2021-12-27,1337.5,1363.5,1333.75,1362.5,54478
2021-12-28,1360.5,1375.75,1354.0,1359.25,40328
2021-12-29,1359.5,1364.25,1345.5,1356.5,51167
2021-12-30,1354.75,1358.0,1323.25,1327.75,16224
2021-12-31,1328.5,1337.75,1328.0,1328.75,2572
2022-01-03,1340.25,1357.0,1332.0,1344.0,3434
2022-01-04,1346.0,1380.5,1346.0,1378.75,2450
2022-01-05,1377.75,1387.75,1372.0,1384.25,1101
2022-01-06,1380.0,1382.0,1363.0,1377.25,691
2022-01-07,1373.5,1405.5,1368.0,1401.5,254
2022-01-10,1394.0,1396.0,1374.75,1374.75,73
2022-01-11,1378.0,1382.0,1365.5,1376.75,57
2022-01-12,1373.5,1391.75,1370.0,1391.25,293
2022-01-13,1368.0,1370.0,1359.25,1365.25,415
2022-01-14,1356.75,1356.75,1356.75,1356.75,86045
2022-01-18,1360.0,1368.75,1349.75,1361.25,124254
2022-01-19,1363.5,1392.5,1363.5,1391.25,107595
2022-01-20,1388.25,1429.5,1387.5,1425.75,149817
2022-01-21,1420.0,1426.0,1405.25,1414.25,104361
2022-01-24,1419.5,1423.75,1382.5,1403.0,134866
2022-01-25,1405.0,1413.75,1393.25,1407.25,107870
2022-01-26,1405.75,1443.75,1393.75,1440.0,139954
2022-01-27,1436.0,1456.5,1428.5,1448.25,143879
2022-01-28,1446.5,1479.0,1441.5,1470.0,148673
2022-01-31,1474.0,1496.75,1473.5,1490.5,111725
2022-02-01,1490.0,1539.0,1485.0,1528.5,157814
2022-02-02,1528.0,1564.0,1526.0,1545.25,175949
2022-02-03,1544.0,1560.0,1529.0,1544.25,133829
2022-02-04,1544.5,1560.25,1532.0,1553.5,116119
2022-02-07,1571.0,1589.5,1565.25,1581.75,178009
2022-02-08,1585.0,1586.5,1559.0,1569.0,176069
2022-02-09,1570.5,1599.5,1566.5,1594.75,190630
2022-02-10,1594.75,1633.0,1565.5,1574.25,255540
2022-02-11,1573.0,1594.75,1563.5,1583.0,184659
2022-02-14,1587.0,1599.5,1551.5,1570.0,125494
2022-02-15,1569.25,1577.0,1542.25,1551.25,147743
2022-02-16,1552.25,1589.75,1547.0,1587.5,100187
2022-02-17,1585.25,1606.0,1576.5,1592.0,114032
2022-02-18,1590.5,1608.5,1587.5,1601.5,107148
2022-02-22,1609.0,1641.25,1602.25,1635.0,117091
2022-02-23,1637.5,1679.5,1636.5,1675.0,98545
2022-02-24,1676.25,1765.0,1656.0,1661.5,70087
2022-02-25,1661.5,1678.5,1585.5,1590.25,26189
2022-02-28,1642.5,1660.75,1621.0,1644.25,4729
2022-03-01,1648.25,1709.0,1648.25,1705.5,1432
2022-03-02,1708.0,1708.0,1668.0,1677.5,1342
2022-03-03,1690.25,1707.5,1680.25,1680.25,1585
2022-03-04,1684.0,1700.25,1659.25,1676.25,305
2022-03-07,1696.5,1706.25,1674.25,1674.25,298
2022-03-08,1674.5,1708.0,1674.25,1704.5,243
2022-03-09,1727.75,1745.25,1684.5,1686.5,566
2022-03-10,1687.75,1716.25,1681.25,1700.0,223
2022-03-11,1706.5,1707.25,1680.75,1690.75,333
2022-03-14,1708.0,1710.0,1687.25,1687.25,73458
2022-03-15,1674.0,1674.0,1638.0,1658.75,70449
2022-03-16,1661.0,1681.25,1645.25,1649.25,65232
2022-03-17,1649.25,1677.5,1647.25,1668.5,74317
2022-03-18,1669.75,1689.0,1651.5,1668.0,67110
2022-03-21,1673.0,1710.0,1666.75,1691.0,82394
2022-03-22,1692.75,1720.75,1686.0,1696.5,80750
2022-03-23,1695.5,1736.5,1691.0,1718.75,75495
2022-03-24,1722.25,1730.0,1697.5,1700.75,72414
2022-03-25,1702.0,1714.25,1684.75,1710.25,64501
2022-03-28,1703.0,1710.0,1661.0,1664.25,76627
2022-03-29,1662.5,1673.0,1622.0,1643.0,107185
2022-03-30,1644.0,1683.75,1638.75,1664.0,67718
2022-03-31,1666.75,1680.0,1613.5,1618.25,96368
2022-04-01,1620.75,1628.5,1580.75,1582.75,102861
2022-04-04,1584.0,1606.0,1576.75,1602.25,71525
2022-04-05,1605.0,1635.25,1604.25,1631.0,66277
2022-04-06,1630.0,1643.0,1615.0,1619.5,75082
2022-04-07,1620.0,1652.75,1614.75,1645.5,114549
2022-04-08,1647.75,1689.75,1645.5,1689.0,116406
2022-04-11,1691.0,1697.5,1651.5,1655.25,113893
2022-04-12,1658.75,1682.75,1657.0,1670.25,104828
2022-04-13,1672.25,1681.25,1652.0,1676.0,117939
2022-04-14,1678.5,1692.5,1670.0,1682.25,78738
2022-04-18,1688.75,1720.5,1688.5,1714.75,83054
2022-04-19,1712.0,1730.0,1705.25,1716.5,71593
2022-04-20,1718.0,1750.0,1714.5,1746.75,89812
2022-04-21,1747.5,1752.75,1728.25,1748.25,86056
2022-04-22,1747.5,1757.5,1704.25,1716.0,85149
2022-04-25,1715.0,1723.25,1685.75,1703.5,76951
2022-04-26,1704.25,1726.25,1693.25,1705.25,59609
2022-04-27,1706.0,1735.5,1700.0,1726.5,49610
2022-04-28,1728.25,1734.0,1703.75,1706.5,26981
2022-04-29,1711.0,1727.75,1707.0,1708.25,3083
2022-05-02,1712.25,1712.25,1664.0,1674.0,1445
2022-05-03,1671.5,1688.0,1659.0,1659.0,706
2022-05-04,1659.5,1672.75,1652.5,1669.75,869
2022-05-05,1682.5,1699.5,1674.5,1678.5,843
2022-05-06,1671.0,1674.0,1654.0,1655.5,352
2022-05-09,1652.5,1652.5,1615.25,1621.0,309
2022-05-10,1626.0,1641.5,1623.5,1630.0,395
2022-05-11,1629.0,1658.0,1629.0,1650.25,319
2022-05-12,1641.5,1664.25,1635.5,1660.25,66
2022-05-13,1712.25,1723.25,1712.25,1723.25,83090
2022-05-16,1657.5,1668.0,1650.25,1656.5,63372
2022-05-17,1655.0,1684.25,1645.25,1678.0,76915
2022-05-18,1678.0,1686.75,1657.0,1662.75,86177
2022-05-19,1663.75,1697.0,1660.75,1690.5,102891
2022-05-20,1691.0,1710.75,1683.25,1705.25,90964
2022-05-23,1706.0,1720.0,1685.0,1687.0,87419
2022-05-24,1687.75,1696.75,1673.5,1693.0,78583
2022-05-25,1694.25,1697.75,1665.5,1681.0,82862
2022-05-26,1675.25,1737.0,1667.25,1726.5,144069
2022-05-27,1725.75,1744.25,1718.75,1732.25,93346
2022-05-31,1737.75,1749.25,1673.75,1683.25,147012
2022-06-01,1687.25,1706.5,1675.25,1690.25,104722
2022-06-02,1690.25,1740.75,1681.25,1729.25,111106
2022-06-03,1728.75,1730.5,1694.0,1697.75,86973
2022-06-06,1709.0,1717.75,1690.0,1699.25,82275
2022-06-07,1699.25,1732.75,1692.25,1728.25,147738
2022-06-08,1729.25,1758.0,1726.5,1740.0,138385
2022-06-09,1741.0,1784.0,1728.5,1769.0,172229
2022-06-10,1770.5,1775.5,1742.75,1745.5,140826
2022-06-13,1751.5,1757.0,1702.0,1707.5,125077
2022-06-14,1707.5,1728.25,1697.0,1698.5,100752
2022-06-15,1698.0,1705.0,1682.25,1693.75,101623
2022-06-16,1696.75,1715.5,1690.5,1709.5,70574
2022-06-17,1712.5,1724.5,1700.5,1702.0,84650
2022-06-21,1695.0,1702.0,1675.75,1681.0,100676
2022-06-22,1684.25,1685.0,1647.5,1652.75,102256
2022-06-23,1654.0,1655.5,1590.0,1593.25,128173
2022-06-24,1588.25,1620.5,1583.0,1610.75,92486
2022-06-27,1599.0,1636.25,1593.0,1630.5,69643
2022-06-28,1637.0,1668.25,1633.5,1663.75,59698
2022-06-29,1663.75,1684.25,1653.0,1674.25,35558
2022-06-30,1671.0,1702.75,1653.75,1675.0,6466
2022-07-01,1675.0,1683.25,1622.0,1626.0,5313
2022-07-05,1620.0,1624.25,1572.0,1575.25,2235
2022-07-06,1583.0,1596.25,1560.0,1580.25,2309
2022-07-07,1591.0,1620.0,1589.0,1591.25,744
2022-07-08,1602.25,1635.0,1596.25,1630.25,399
2022-07-11,1645.0,1660.0,1637.0,1641.0,384
2022-07-12,1650.0,1656.0,1592.5,1592.75,395
2022-07-13,1573.5,1634.5,1573.5,1588.25,60
2022-07-14,1659.75,1659.75,1561.75,1610.0,23094
2022-07-15,1477.5,1490.0,1456.25,1466.0,22609
2022-07-18,1478.25,1513.5,1465.5,1497.25,22423
2022-07-19,1498.5,1499.5,1456.0,1477.25,19403
2022-07-20,1476.0,1477.0,1446.0,1449.0,26111
2022-07-21,1449.5,1457.5,1413.5,1418.5,27254
2022-07-22,1420.0,1444.75,1407.75,1434.5,27240
2022-07-25,1450.0,1474.0,1433.75,1473.0,24846
2022-07-26,1481.0,1535.5,1481.0,1532.75,28936
2022-07-27,1532.0,1582.75,1531.25,1578.75,31657
2022-07-28,1581.0,1621.0,1578.75,1609.25,14499
2022-07-29,1609.25,1671.0,1609.25,1637.0,4783
2022-08-01,1650.0,1650.0,1577.75,1594.25,1378
2022-08-02,1589.0,1607.5,1565.0,1569.25,1342
2022-08-03,1569.75,1586.75,1545.75,1558.0,872
2022-08-04,1552.0,1618.0,1552.0,1615.0,396
2022-08-05,1624.75,1624.75,1598.25,1614.75,240
2022-08-08,1605.5,1629.0,1603.0,1619.5,350
2022-08-09,1632.0,1693.25,1632.0,1693.25,427
2022-08-10,1715.0,1730.75,1688.0,1688.75,239
2022-08-11,1690.0,1737.75,1690.0,1709.5,93
2022-08-12,1682.5,1696.0,1669.25,1669.25,17217
2022-08-15,1521.0,1530.75,1464.25,1494.0,13073
2022-08-16,1490.25,1494.5,1443.75,1454.25,12286
2022-08-17,1454.75,1479.0,1454.0,1475.25,8838
2022-08-18,1475.0,1499.75,1467.25,1495.5,8579
2022-08-19,1496.75,1499.25,1475.75,1488.75,5821
2022-08-22,1484.25,1534.5,1478.0,1527.0,10433
2022-08-23,1530.0,1581.0,1528.25,1566.75,13082
2022-08-24,1568.75,1596.0,1553.25,1560.75,12242
2022-08-25,1560.0,1575.75,1550.25,1552.5,9648
2022-08-26,1553.25,1614.0,1552.0,1605.25,14850
2022-08-29,1606.25,1612.25,1530.5,1534.75,11281
2022-08-30,1534.5,1538.5,1480.0,1513.0,4540
2022-08-31,1514.75,1524.5,1493.25,1507.5,578
2022-09-01,1511.25,1511.25,1469.0,1472.75,697
2022-09-02,1480.0,1518.5,1480.0,1510.5,123
2022-09-06,1493.0,1493.0,1487.5,1490.0,82
2022-09-07,1485.25,1503.75,1466.75,1466.75,54
2022-09-08,1484.25,1484.5,1470.5,1470.5,59
2022-09-09,1481.0,1489.25,1481.0,1489.25,9
2022-09-12,1480.5,1558.25,1472.5,1549.75,25
2022-09-13,1556.0,1556.0,1525.0,1534.25,170
2022-09-14,1503.75,1506.25,1503.75,1503.75,110615
2022-09-15,1456.0,1468.5,1444.0,1451.5,100629
2022-09-16,1449.0,1455.0,1433.75,1448.5,85172
2022-09-19,1446.0,1465.75,1438.25,1461.25,88514
2022-09-20,1461.75,1485.5,1450.75,1478.75,107521
2022-09-21,1476.5,1488.75,1459.5,1461.25,95500
2022-09-22,1456.5,1476.0,1448.75,1457.0,115426
2022-09-23,1455.0,1456.0,1420.5,1425.75,120138
2022-09-26,1424.5,1433.75,1408.25,1411.25,125611
2022-09-27,1411.25,1437.25,1407.0,1408.0,144461
2022-09-28,1409.0,1412.5,1390.75,1408.75,153869
2022-09-29,1408.75,1423.75,1403.25,1410.75,157471
2022-09-30,1410.5,1425.75,1363.25,1364.75,185769
2022-10-03,1364.0,1376.5,1361.25,1374.0,122444
2022-10-04,1373.75,1395.0,1371.75,1383.5,119917
2022-10-05,1382.75,1385.25,1362.5,1369.75,108763
2022-10-06,1369.5,1376.75,1350.0,1358.0,110344
2022-10-07,1358.0,1373.5,1350.75,1367.0,140543
2022-10-10,1367.0,1398.75,1366.5,1374.0,196819
2022-10-11,1373.25,1385.25,1365.25,1376.25,126082
2022-10-12,1373.0,1414.0,1367.5,1396.0,220285
2022-10-13,1394.5,1405.0,1378.75,1395.75,145762
2022-10-14,1394.0,1410.0,1382.75,1383.75,123738
2022-10-17,1381.5,1395.0,1376.25,1385.25,116449
2022-10-18,1383.0,1390.0,1364.25,1372.0,143267
2022-10-19,1371.75,1378.5,1357.0,1372.5,105181
2022-10-20,1371.0,1396.5,1370.25,1391.5,130958
2022-10-21,1390.25,1398.5,1375.5,1395.5,116214
2022-10-24,1393.0,1393.0,1368.25,1372.0,118812
2022-10-25,1372.0,1386.5,1366.0,1382.0,98749
2022-10-26,1381.5,1397.75,1378.75,1381.75,107710
2022-10-27,1381.25,1394.75,1378.25,1382.25,79221
2022-10-28,1382.0,1390.75,1370.0,1387.75,66790
2022-10-31,1400.0,1411.25,1385.5,1407.0,10073
2022-11-01,1405.5,1436.5,1403.75,1435.75,5327
2022-11-02,1434.5,1445.0,1421.25,1440.0,2357
2022-11-03,1435.5,1440.0,1416.5,1426.75,989
2022-11-04,1424.25,1453.75,1424.25,1451.5,473
2022-11-07,1445.0,1457.5,1439.0,1440.0,1472
2022-11-08,1440.75,1446.0,1436.0,1444.0,1250
2022-11-09,1444.5,1460.75,1435.5,1459.75,820
2022-11-10,1464.0,1465.0,1430.25,1430.5,510
2022-11-11,1439.0,1463.75,1439.0,1455.5,236
2022-11-14,1460.0,1460.0,1435.75,1441.75,78858
2022-11-15,1440.0,1464.75,1432.5,1457.25,99988
2022-11-16,1454.75,1455.0,1423.25,1429.25,96622
2022-11-17,1430.0,1431.75,1406.75,1417.0,88314
2022-11-18,1419.0,1430.75,1412.25,1428.25,63078
2022-11-21,1427.25,1438.0,1417.25,1436.75,69911
2022-11-22,1436.0,1443.5,1428.25,1429.75,69272
2022-11-23,1431.5,1441.0,1422.25,1436.0,67115
2022-11-25,1436.75,1448.0,1431.0,1436.25,41566
2022-11-28,1428.25,1461.75,1424.0,1457.25,102364
2022-11-29,1454.75,1468.5,1449.0,1459.5,91119
2022-11-30,1457.25,1478.5,1457.25,1469.5,93201
2022-12-01,1466.0,1469.75,1425.25,1429.75,134068
2022-12-02,1432.0,1443.0,1425.5,1438.5,91648
2022-12-05,1440.5,1451.0,1435.25,1437.75,82713
2022-12-06,1437.5,1472.5,1437.0,1455.0,126974
2022-12-07,1456.0,1478.0,1455.75,1472.0,145108
2022-12-08,1471.0,1492.25,1468.0,1486.25,141915
2022-12-09,1484.25,1492.75,1477.75,1483.75,96091
2022-12-12,1483.5,1483.5,1457.75,1460.5,125861
2022-12-13,1461.25,1487.75,1460.75,1479.75,145783
2022-12-14,1479.5,1487.0,1468.0,1482.25,112117
2022-12-15,1481.0,1486.0,1468.0,1473.5,97511
2022-12-16,1473.5,1486.0,1465.5,1480.0,69325
2022-12-19,1470.0,1476.0,1460.0,1460.75,101717
2022-12-20,1461.75,1486.75,1460.25,1478.5,111696
2022-12-21,1477.0,1489.0,1475.25,1481.0,84786
2022-12-22,1480.0,1484.0,1463.5,1467.75,75905
2022-12-23,1468.75,1484.0,1466.25,1479.0,52836
2022-12-27,1490.0,1516.75,1478.25,1482.25,61925
2022-12-28,1483.5,1509.75,1482.75,1506.5,42705
2022-12-29,1504.75,1516.25,1501.25,1508.75,27307
2022-12-30,1508.0,1532.25,1507.75,1519.25,7092
2023-01-03,1519.25,1523.25,1485.0,1487.25,2951
2023-01-04,1491.75,1496.25,1477.25,1478.25,2200
2023-01-05,1481.25,1481.25,1462.0,1466.75,1169
2023-01-06,1471.75,1503.25,1471.75,1501.5,2024
2023-01-09,1506.0,1513.0,1502.0,1503.5,446
2023-01-10,1501.5,1518.5,1501.5,1510.0,350
2023-01-11,1515.25,1520.5,1510.0,1515.0,617
2023-01-12,1511.5,1541.75,1511.5,1529.5,491
2023-01-13,1525.0,1538.25,1525.0,1538.25,104971
2023-01-17,1518.75,1541.0,1512.5,1539.75,118314
2023-01-18,1537.0,1548.5,1511.25,1524.5,133372
2023-01-19,1523.5,1528.5,1509.0,1514.75,124401
2023-01-20,1514.25,1521.75,1504.0,1506.5,98916
2023-01-23,1500.0,1503.0,1479.75,1490.25,134889
2023-01-24,1491.5,1506.5,1487.0,1488.5,129464
2023-01-25,1488.25,1504.75,1478.25,1502.5,119104
2023-01-26,1506.5,1526.25,1500.0,1523.5,123245
2023-01-27,1521.75,1527.0,1506.5,1509.5,101755
2023-01-30,1516.25,1538.0,1516.25,1535.25,123619
2023-01-31,1533.5,1543.75,1524.5,1538.0,126434
2023-02-01,1537.5,1542.75,1510.75,1520.25,129978
2023-02-02,1522.75,1537.75,1522.5,1534.25,99742
2023-02-03,1533.5,1539.75,1524.75,1532.0,101436
2023-02-06,1532.0,1535.5,1516.75,1521.25,131712
2023-02-07,1521.0,1530.5,1511.0,1515.25,164240
2023-02-08,1516.0,1527.75,1505.75,1519.75,177793
2023-02-09,1518.5,1533.75,1512.0,1519.25,189473
2023-02-10,1518.0,1543.25,1515.5,1542.5,173799
2023-02-13,1542.0,1555.5,1537.0,1542.75,162409
2023-02-14,1542.0,1544.75,1532.75,1537.5,115529
2023-02-15,1536.5,1537.0,1516.5,1525.75,132117
2023-02-16,1525.25,1532.25,1520.5,1526.5,115376
2023-02-17,1526.0,1533.25,1524.25,1527.25,93637
2023-02-21,1536.5,1549.0,1535.0,1548.75,115702
2023-02-22,1546.75,1554.0,1538.0,1539.5,90517
2023-02-23,1539.75,1545.25,1532.75,1534.25,85546
2023-02-24,1536.25,1544.25,1526.0,1529.0,71895
2023-02-27,1529.5,1533.5,1515.25,1518.25,43689
2023-02-28,1518.25,1518.25,1489.5,1490.5,9027
2023-03-01,1491.5,1509.5,1491.5,1504.25,2793
2023-03-02,1504.5,1526.5,1501.5,1519.75,2029
2023-03-03,1519.5,1537.0,1519.25,1530.5,1607
2023-03-06,1528.75,1550.0,1523.75,1541.0,1130
2023-03-07,1538.0,1538.0,1523.75,1525.25,645
2023-03-08,1525.25,1539.0,1524.5,1526.75,272
2023-03-09,1529.5,1535.5,1516.0,1520.0,224
2023-03-10,1515.0,1521.75,1511.0,1513.0,467
2023-03-13,1521.75,1524.75,1500.0,1500.0,139
2023-03-14,1501.0,1502.5,1499.75,1499.75,108201
2023-03-15,1494.0,1500.0,1480.0,1489.25,115247
2023-03-16,1489.25,1498.0,1478.0,1491.5,107038
2023-03-17,1492.5,1498.0,1470.0,1476.5,119474
2023-03-20,1473.0,1487.75,1462.0,1486.0,122780
2023-03-21,1483.75,1497.0,1465.0,1467.0,101494
2023-03-22,1467.75,1472.0,1443.25,1448.5,141743
2023-03-23,1450.0,1454.25,1415.25,1419.5,157574
2023-03-24,1419.5,1432.0,1405.0,1428.25,143036
2023-03-27,1428.75,1445.5,1423.25,1442.25,98099
2023-03-28,1441.5,1469.75,1439.75,1467.75,122627
2023-03-29,1466.0,1479.75,1462.5,1477.25,105996
2023-03-30,1476.5,1483.5,1471.0,1474.5,110079
2023-03-31,1473.25,1513.75,1468.0,1505.5,167862
2023-04-03,1510.0,1527.75,1509.75,1522.0,121608
2023-04-04,1520.0,1523.75,1505.5,1517.5,112285
2023-04-05,1517.5,1527.0,1506.5,1511.0,124119
2023-04-10,1493.25,1499.75,1482.5,1487.25,105039
2023-04-11,1487.75,1507.5,1486.25,1497.25,156745
2023-04-12,1497.5,1510.5,1491.0,1504.25,132897
2023-04-13,1504.25,1522.25,1500.5,1501.0,132337
2023-04-14,1502.0,1503.75,1490.0,1500.5,118382
2023-04-17,1500.5,1519.0,1496.25,1517.0,85451
2023-04-18,1515.75,1531.5,1511.0,1519.25,99155
2023-04-19,1517.25,1521.5,1506.0,1506.5,95853
2023-04-20,1505.0,1506.0,1488.25,1497.5,95685
2023-04-21,1497.0,1500.0,1480.0,1483.5,89795
2023-04-24,1483.5,1500.0,1463.25,1465.25,87803
2023-04-25,1463.5,1471.25,1437.75,1445.25,62592
2023-04-26,1445.25,1456.5,1434.0,1436.0,51187
2023-04-27,1435.0,1443.0,1420.75,1426.75,22194
2023-04-28,1432.75,1449.0,1425.0,1444.25,3373
2023-05-01,1444.5,1455.25,1441.0,1454.75,601
2023-05-02,1460.0,1467.0,1437.5,1439.5,634
2023-05-03,1435.0,1449.0,1422.0,1448.0,733
2023-05-04,1448.0,1454.0,1438.75,1448.5,424
2023-05-05,1452.0,1470.0,1452.0,1469.0,242
2023-05-08,1477.0,1477.0,1464.5,1468.75,267
2023-05-09,1467.75,1467.75,1448.75,1451.75,327
2023-05-10,1459.75,1459.75,1436.0,1436.5,106
2023-05-11,1437.75,1446.0,1420.0,1443.25,137
2023-05-12,1435.0,1435.0,1435.0,1435.0,124961
2023-05-15,1388.75,1411.5,1386.25,1400.75,111854
2023-05-16,1400.0,1401.75,1358.75,1364.0,149242
2023-05-17,1365.0,1365.75,1332.75,1337.0,145517
2023-05-18,1336.5,1348.0,1323.25,1333.25,124325
2023-05-19,1333.25,1345.0,1304.75,1307.25,135856
2023-05-22,1308.25,1344.25,1304.75,1341.25,143213
2023-05-23,1341.0,1341.25,1315.5,1322.5,111359
2023-05-24,1322.5,1337.75,1316.0,1324.5,95312
2023-05-25,1324.25,1333.5,1305.0,1324.0,131878
2023-05-26,1323.75,1343.5,1322.0,1337.25,104197
2023-05-30,1337.25,1337.25,1294.25,1296.5,128256
2023-05-31,1298.0,1302.75,1270.75,1299.75,137386
2023-06-01,1299.75,1335.25,1299.25,1329.5,132076
2023-06-02,1329.0,1355.25,1322.0,1352.5,120303
2023-06-05,1353.25,1361.5,1343.5,1350.0,98182
2023-06-06,1352.0,1364.0,1340.25,1353.25,129813
2023-06-07,1353.25,1370.75,1350.0,1360.75,143477
2023-06-08,1358.0,1371.75,1352.0,1363.25,152587
2023-06-09,1360.5,1388.0,1356.25,1386.5,142158
2023-06-12,1390.0,1392.75,1368.5,1372.75,122300
2023-06-13,1373.25,1415.5,1371.75,1399.25,161567
2023-06-14,1398.75,1399.0,1380.0,1388.25,124157
2023-06-15,1389.75,1432.0,1387.5,1428.25,144129
2023-06-16,1426.0,1468.25,1426.0,1466.5,158732
2023-06-20,1472.75,1489.25,1459.75,1477.25,126378
2023-06-21,1489.0,1521.25,1479.0,1514.75,105944
2023-06-22,1513.25,1519.5,1468.5,1500.5,100736
2023-06-23,1500.0,1501.5,1470.25,1494.5,83289
2023-06-26,1486.25,1525.0,1477.75,1521.0,51073
2023-06-27,1523.0,1524.75,1490.0,1495.0,50206
2023-06-28,1486.75,1499.75,1435.75,1451.0,34817
2023-06-29,1447.75,1485.5,1445.25,1483.0,23201
2023-06-30,1482.0,1568.0,1480.25,1557.25,5228
2023-07-03,1557.25,1616.5,1556.0,1562.0,1870
2023-07-05,1562.25,1589.0,1544.0,1547.25,1034
2023-07-06,1538.25,1544.0,1519.25,1525.75,507
2023-07-07,1523.5,1523.5,1480.0,1485.5,417
2023-07-10,1484.0,1524.75,1484.0,1508.0,94
2023-07-11,1515.75,1533.5,1515.75,1520.5,209
2023-07-12,1545.5,1545.5,1477.0,1488.5,132
2023-07-13,1489.0,1518.0,1489.0,1518.0,72
2023-07-14,1507.0,1511.5,1495.75,1495.75,27708
2023-07-17,1490.75,1497.0,1477.75,1484.0,25571
2023-07-18,1476.5,1501.0,1474.25,1492.0,26908
2023-07-19,1492.0,1518.25,1485.0,1491.5,33338
2023-07-20,1489.0,1501.5,1480.75,1495.0,28198
2023-07-21,1491.75,1504.0,1485.0,1501.0,28372
2023-07-24,1507.5,1537.0,1500.0,1523.25,29203
2023-07-25,1521.75,1527.25,1502.75,1515.5,25259
2023-07-26,1513.75,1558.0,1506.0,1546.25,30605
2023-07-27,1549.0,1580.75,1529.25,1532.0,25445
2023-07-28,1530.5,1531.5,1483.5,1486.75,13888
2023-07-31,1486.5,1486.5,1430.25,1445.75,2352
2023-08-01,1446.5,1465.0,1433.75,1446.75,2092
2023-08-02,1447.25,1447.25,1420.25,1429.75,744
2023-08-03,1431.0,1445.0,1424.75,1428.75,1505
2023-08-04,1446.0,1446.0,1434.0,1444.0,323
2023-08-07,1430.0,1430.0,1405.0,1414.5,212
2023-08-08,1400.25,1431.25,1395.0,1430.0,382
2023-08-09,1436.0,1438.0,1430.75,1431.5,104
2023-08-10,1431.75,1438.5,1410.0,1412.0,82
2023-08-11,1353.25,1409.0,1353.25,1401.25,25
2023-08-14,1422.0,1422.0,1391.0,1391.0,7906
2023-08-15,1344.25,1348.75,1319.5,1323.25,15884
2023-08-16,1323.75,1344.25,1321.25,1334.75,9256
2023-08-17,1337.0,1347.75,1332.5,1336.75,12549
2023-08-18,1338.0,1365.5,1337.75,1362.75,11335
2023-08-21,1369.0,1386.75,1364.5,1370.0,13759
2023-08-22,1369.5,1381.0,1341.75,1351.5,8855
2023-08-23,1350.25,1362.25,1333.75,1359.5,16285
2023-08-24,1359.5,1370.75,1352.0,1365.75,8107
2023-08-25,1364.0,1382.0,1361.25,1381.0,14320
2023-08-28,1388.25,1400.75,1383.75,1395.25,10112
2023-08-29,1382.75,1394.0,1380.5,1382.0,9140
2023-08-30,1378.5,1391.75,1366.75,1381.25,9727
2023-08-31,1381.0,1381.0,1360.0,1360.0,853
2023-09-01,1362.0,1374.0,1355.0,1356.25,422
2023-09-05,1359.5,1359.5,1348.0,1349.0,85
2023-09-06,1365.5,1365.5,1359.5,1360.25,102
2023-09-07,1349.5,1350.0,1345.0,1345.0,310
2023-09-08,1339.0,1349.5,1339.0,1349.5,198
2023-09-11,1352.5,1352.5,1352.0,1352.5,36
2023-09-12,1348.75,1348.75,1331.75,1331.75,274
2023-09-13,1325.5,1336.0,1325.5,1336.0,201
2023-09-14,1343.75,1343.75,1343.75,1343.75,138778
2023-09-15,1360.5,1367.75,1338.25,1340.25,114647
2023-09-18,1340.0,1344.5,1315.5,1316.75,137195
2023-09-19,1315.0,1319.75,1308.0,1315.5,138842
2023-09-20,1315.25,1322.75,1310.25,1320.0,112121
2023-09-21,1319.75,1322.0,1293.0,1293.75,140563
2023-09-22,1294.0,1303.0,1292.5,1296.25,121669
2023-09-25,1295.25,1300.0,1284.5,1297.75,101011
2023-09-26,1299.25,1307.75,1289.0,1302.75,135125
2023-09-27,1302.75,1317.0,1297.5,1303.25,146484
2023-09-28,1303.0,1307.0,1287.0,1300.5,151183
2023-09-29,1300.5,1305.5,1272.5,1275.0,169945
2023-10-02,1272.5,1279.5,1265.75,1277.0,156106
2023-10-03,1276.5,1278.75,1256.75,1272.75,191994
2023-10-04,1272.0,1285.0,1268.75,1273.0,126709
2023-10-05,1271.75,1283.75,1262.0,1280.75,143482
2023-10-06,1279.5,1287.25,1263.5,1266.0,156382
2023-10-09,1267.0,1277.5,1258.25,1264.25,162794
2023-10-10,1263.0,1273.25,1254.25,1271.5,161646
2023-10-11,1271.5,1274.25,1251.0,1252.5,185252
2023-10-12,1252.5,1299.75,1250.5,1290.0,235474
2023-10-13,1286.75,1298.5,1273.5,1280.25,139748
2023-10-16,1280.0,1289.0,1279.5,1286.25,111494
2023-10-17,1286.0,1303.5,1285.5,1296.75,135410
2023-10-18,1297.0,1313.0,1293.25,1311.0,163209
2023-10-19,1311.0,1317.75,1300.25,1315.5,182300
2023-10-20,1315.0,1318.5,1301.0,1302.25,143729
2023-10-23,1302.0,1304.0,1286.0,1286.75,119491
2023-10-24,1287.0,1297.75,1280.5,1295.25,125254
2023-10-25,1293.0,1301.25,1278.0,1288.25,111043
2023-10-26,1287.5,1297.75,1277.5,1279.5,105810
2023-10-27,1279.25,1303.5,1277.75,1297.25,108290
2023-10-30,1297.0,1308.75,1281.0,1282.75,77497
2023-10-31,1283.0,1300.0,1276.0,1287.0,7814
2023-11-01,1290.0,1296.75,1283.25,1291.25,2816
2023-11-02,1290.25,1306.25,1290.25,1304.0,1729
2023-11-03,1303.5,1330.0,1302.25,1327.5,2203
2023-11-06,1327.5,1345.25,1327.5,1340.5,1020
2023-11-07,1339.5,1366.0,1336.5,1348.75,2165
2023-11-08,1352.0,1368.75,1348.0,1349.0,217
2023-11-09,1351.0,1353.5,1326.5,1327.75,92
2023-11-10,1328.0,1335.0,1325.25,1333.5,163
2023-11-13,1335.0,1369.0,1333.75,1368.0,284
2023-11-14,1372.0,1372.0,1358.5,1368.75,121756
2023-11-15,1389.0,1398.5,1379.5,1385.0,112125
2023-11-16,1385.0,1387.75,1353.75,1360.25,139084
2023-11-17,1360.0,1361.5,1336.75,1340.25,125658
2023-11-20,1339.25,1368.0,1327.0,1367.25,126688
2023-11-21,1365.5,1389.25,1364.0,1377.25,131504
2023-11-22,1377.0,1378.5,1354.25,1356.5,123978
2023-11-24,1354.5,1355.0,1329.5,1330.75,79518
2023-11-27,1329.5,1339.0,1323.5,1329.75,108127
2023-11-28,1330.25,1350.0,1329.5,1346.5,122211
2023-11-29,1346.5,1352.0,1337.0,1347.0,110829
2023-11-30,1347.0,1351.5,1339.25,1342.75,106352
2023-12-01,1342.0,1343.5,1323.5,1325.0,133231
2023-12-04,1322.5,1329.25,1303.5,1306.25,145541
2023-12-05,1307.25,1315.25,1294.0,1305.5,127531
2023-12-06,1309.25,1313.5,1293.75,1295.5,114902
2023-12-07,1296.0,1318.25,1292.0,1311.75,142340
2023-12-08,1312.5,1330.75,1299.0,1304.0,143886
2023-12-11,1309.5,1338.5,1307.0,1336.0,156810
2023-12-12,1337.25,1344.0,1320.5,1323.75,151132
2023-12-13,1323.0,1323.5,1302.5,1307.5,134421
2023-12-14,1311.0,1319.25,1304.0,1314.0,92835
2023-12-15,1317.0,1320.5,1304.0,1315.75,104871
2023-12-18,1318.0,1328.0,1307.0,1327.0,105952
2023-12-19,1326.5,1328.75,1309.5,1312.5,136922
2023-12-20,1312.5,1321.75,1305.5,1308.25,101196
2023-12-21,1309.5,1310.0,1295.0,1297.25,71637
2023-12-22,1296.75,1308.0,1294.0,1299.75,52365
2023-12-26,1299.75,1314.5,1296.0,1313.25,34317
2023-12-27,1310.5,1318.75,1303.0,1316.75,37407
2023-12-28,1315.75,1324.25,1303.0,1305.25,23869
2023-12-29,1304.75,1311.75,1292.25,1293.5,6682
2024-01-02,1289.5,1289.5,1266.0,1274.0,2675
2024-01-03,1271.5,1275.25,1268.0,1269.5,2363
2024-01-04,1274.25,1274.25,1260.25,1262.0,353
2024-01-05,1261.25,1261.25,1249.75,1249.75,1000
2024-01-08,1252.75,1252.75,1233.25,1239.5,255
2024-01-09,1238.5,1243.0,1228.75,1241.5,158
2024-01-10,1241.5,1241.5,1228.75,1228.75,307
2024-01-11,1234.0,1235.5,1231.25,1231.25,220
2024-01-12,1239.75,1240.25,1205.75,1205.75,237245
2024-01-16,1227.0,1237.75,1220.75,1227.25,140122
2024-01-17,1227.25,1231.0,1205.0,1205.75,138322
2024-01-18,1206.0,1216.0,1201.0,1213.5,112771
2024-01-19,1213.0,1227.0,1210.75,1213.25,96455
2024-01-22,1216.75,1225.75,1209.5,1224.25,94437
2024-01-23,1224.25,1240.5,1221.5,1239.5,107718
2024-01-24,1239.0,1246.0,1235.25,1240.25,130579
2024-01-25,1240.0,1247.5,1215.5,1223.0,138526
2024-01-26,1223.5,1230.75,1208.5,1209.25,112232
2024-01-29,1210.75,1212.5,1191.5,1194.25,160776
2024-01-30,1193.75,1221.25,1187.75,1218.75,133600
2024-01-31,1218.75,1223.0,1206.75,1222.25,131031
2024-02-01,1221.25,1221.75,1199.5,1203.25,117651
2024-02-02,1203.25,1208.25,1186.75,1188.5,101687
2024-02-05,1190.0,1198.5,1179.5,1196.25,133159
2024-02-06,1196.0,1205.5,1193.75,1199.5,104104
2024-02-07,1199.0,1202.0,1179.25,1189.0,137235
2024-02-08,1187.0,1204.75,1180.5,1193.5,165204
2024-02-09,1195.0,1198.0,1181.5,1183.5,120117
2024-02-12,1183.75,1196.75,1182.5,1193.0,114463
2024-02-13,1191.75,1197.5,1183.0,1186.25,132884
2024-02-14,1186.25,1190.0,1168.25,1170.5,128628
2024-02-15,1168.0,1174.75,1160.25,1162.25,135571
2024-02-16,1163.75,1173.75,1162.25,1172.25,99941
2024-02-20,1177.75,1188.5,1174.0,1179.0,145020
2024-02-21,1179.0,1179.25,1157.5,1160.75,113652
2024-02-22,1161.0,1167.25,1146.75,1147.75,136672
2024-02-23,1148.0,1154.0,1130.25,1133.0,125088
2024-02-26,1137.0,1142.25,1124.75,1136.0,98731
2024-02-27,1136.0,1152.25,1128.75,1131.25,79533
2024-02-28,1132.25,1144.5,1124.75,1134.0,37481
2024-02-29,1132.0,1136.0,1115.0,1128.25,4459
2024-03-01,1128.25,1143.5,1126.75,1143.0,763
2024-03-04,1152.0,1158.0,1145.0,1147.0,404
2024-03-05,1147.0,1147.0,1138.75,1140.75,1080
2024-03-06,1138.5,1140.25,1132.25,1140.25,287
2024-03-07,1155.0,1157.0,1151.0,1157.0,443
2024-03-08,1157.0,1170.5,1145.5,1170.5,199
2024-03-11,1170.0,1170.75,1165.0,1165.0,42
2024-03-12,1167.0,1182.0,1167.0,1182.0,73
2024-03-13,1178.25,1182.75,1173.75,1181.75,24
2024-03-14,1182.0,1198.5,1180.75,1180.75,164064
2024-03-15,1194.5,1200.0,1183.5,1198.25,117888
2024-03-18,1198.5,1206.0,1186.75,1187.75,97550
2024-03-19,1188.0,1192.25,1181.0,1185.5,103620
2024-03-20,1185.5,1211.75,1183.5,1209.5,161255
2024-03-21,1209.0,1226.75,1204.0,1212.0,150049
2024-03-22,1211.0,1211.25,1189.25,1192.5,121895
2024-03-25,1194.0,1210.0,1188.5,1209.25,106767
2024-03-26,1207.5,1208.0,1197.75,1199.0,119009
2024-03-27,1196.75,1198.0,1189.5,1192.5,104399
2024-03-28,1191.75,1199.5,1177.0,1191.5,160360
2024-04-01,1196.25,1201.75,1181.5,1185.75,104397
2024-04-02,1185.5,1199.75,1171.0,1174.0,173481
2024-04-03,1175.5,1186.75,1168.5,1182.25,160346
2024-04-04,1182.25,1186.75,1170.25,1180.0,119935
2024-04-05,1178.0,1190.75,1173.0,1185.0,162613
2024-04-08,1187.75,1193.25,1180.5,1181.5,159389
2024-04-09,1181.5,1184.25,1172.0,1174.5,167029
2024-04-10,1174.75,1180.75,1163.0,1164.75,156535
2024-04-11,1163.75,1166.25,1151.0,1159.25,163734
2024-04-12,1158.5,1179.75,1154.0,1174.0,160130
2024-04-15,1173.25,1176.0,1155.5,1158.25,134465
2024-04-16,1157.25,1163.0,1143.25,1145.0,148376
2024-04-17,1145.0,1155.25,1141.75,1149.5,104230
2024-04-18,1149.0,1149.75,1133.0,1134.25,109349
2024-04-19,1134.0,1153.0,1131.75,1150.5,124590
2024-04-22,1147.75,1167.0,1144.5,1161.0,107395
2024-04-23,1161.0,1169.0,1158.0,1167.5,112266
2024-04-24,1166.5,1177.5,1164.0,1166.0,92302
2024-04-25,1164.75,1166.5,1150.5,1162.75,106684
2024-04-26,1162.25,1164.0,1155.0,1159.5,78879
2024-04-29,1158.5,1171.75,1157.0,1160.75,58269
2024-04-30,1158.75,1163.0,1141.0,1145.5,5743
2024-05-01,1145.0,1156.25,1141.0,1155.75,3404
2024-05-02,1155.75,1200.0,1155.75,1190.0,2408
2024-05-03,1193.0,1202.0,1193.0,1201.75,711
2024-05-06,1197.0,1236.5,1197.0,1234.75,486
2024-05-07,1234.5,1240.5,1230.0,1232.25,51
2024-05-08,1233.5,1233.5,1211.25,1212.75,87
2024-05-09,1216.5,1218.0,1192.5,1192.75,66
2024-05-10,1196.75,1205.0,1195.0,1205.0,82
2024-05-13,1205.5,1205.5,1205.5,1205.5,6
2024-05-14,1199.0,1199.0,1199.0,1199.0,115517
2024-05-15,1215.0,1232.25,1209.5,1213.5,124938
2024-05-16,1214.0,1219.75,1210.0,1216.25,99241
2024-05-17,1216.5,1231.25,1215.25,1228.0,133101
2024-05-20,1227.25,1250.75,1224.0,1248.0,171388
2024-05-21,1246.5,1249.25,1230.0,1236.25,126275
2024-05-22,1235.0,1249.75,1233.25,1246.25,125072
2024-05-23,1245.75,1258.25,1236.0,1239.25,136099
2024-05-24,1239.0,1251.0,1236.0,1248.0,107257
2024-05-28,1250.25,1254.75,1226.25,1229.5,140138
2024-05-29,1229.0,1231.25,1212.5,1214.0,123723
2024-05-30,1213.0,1220.0,1207.25,1209.75,107751
2024-05-31,1209.75,1223.75,1202.75,1205.0,106393
2024-06-03,1204.25,1205.5,1182.5,1184.5,119994
2024-06-04,1184.0,1189.5,1176.0,1179.0,145530
2024-06-05,1180.25,1191.75,1175.25,1177.25,154196
2024-06-06,1176.5,1204.5,1176.0,1200.0,162161
2024-06-07,1200.5,1202.5,1174.25,1179.25,175688
2024-06-10,1179.25,1190.75,1175.5,1188.25,139377
2024-06-11,1188.25,1193.0,1177.0,1178.0,160774
2024-06-12,1177.25,1186.5,1171.0,1177.25,161099
2024-06-13,1177.0,1191.25,1171.0,1189.5,149824
2024-06-14,1188.75,1189.0,1178.0,1179.75,132144
2024-06-17,1179.0,1179.0,1157.5,1157.75,138815
2024-06-18,1158.25,1175.75,1156.5,1174.0,148950
2024-06-20,1173.0,1175.75,1155.0,1155.25,146080
2024-06-21,1156.0,1168.75,1156.0,1160.5,111374
2024-06-24,1160.5,1179.5,1156.25,1175.25,88889
2024-06-25,1175.0,1180.0,1157.75,1163.25,83116
2024-06-26,1163.0,1177.5,1160.0,1162.75,67870
2024-06-27,1161.5,1169.5,1150.75,1152.25,32512
2024-06-28,1152.0,1167.0,1146.25,1150.5,4183
2024-07-01,1148.25,1161.75,1148.25,1159.5,1313
2024-07-02,1159.25,1175.0,1159.25,1165.0,1375
2024-07-03,1162.25,1180.25,1162.0,1176.5,924
2024-07-05,1172.25,1191.5,1172.25,1188.5,812
2024-07-08,1181.75,1181.75,1167.25,1174.25,985
2024-07-09,1177.0,1185.0,1160.0,1161.5,839
2024-07-10,1165.25,1165.25,1135.75,1141.25,698
2024-07-11,1145.0,1145.0,1137.0,1142.75,108
2024-07-12,1134.5,1134.5,1134.5,1134.5,41399
2024-07-15,1100.0,1101.0,1075.75,1078.0,35655
2024-07-16,1076.75,1096.5,1076.75,1090.5,37408
2024-07-17,1090.0,1102.5,1090.0,1097.25,41677
2024-07-18,1097.5,1101.0,1089.0,1098.5,35569
2024-07-19,1098.0,1107.75,1095.0,1097.25,25658
2024-07-22,1100.5,1119.75,1100.5,1117.75,40798
2024-07-23,1116.5,1129.0,1111.0,1117.5,51623
2024-07-24,1115.25,1123.25,1104.5,1111.0,34547
2024-07-25,1111.0,1120.5,1103.5,1116.0,38157
2024-07-26,1113.25,1117.25,1071.5,1077.5,61437
2024-07-29,1073.75,1073.75,1030.75,1054.75,37618
2024-07-30,1054.75,1059.0,1023.75,1027.25,16709
2024-07-31,1027.25,1048.5,1020.5,1028.5,2651
2024-08-01,1030.0,1034.0,1019.5,1022.0,1384
2024-08-02,1022.0,1031.5,1019.0,1029.25,633
2024-08-05,1040.0,1045.0,1021.5,1044.25,64
2024-08-06,1033.0,1038.25,1028.5,1028.5,694
2024-08-07,1020.75,1023.25,1017.25,1020.25,195
2024-08-08,1023.25,1023.25,1009.75,1009.75,172
2024-08-09,1018.0,1028.0,1014.5,1028.0,24
2024-08-12,1020.5,1038.25,1012.0,1012.0,12
2024-08-13,1003.0,1003.0,989.0,989.0,19
2024-08-14,989.5,989.75,979.75,979.75,15972
2024-08-15,951.75,961.0,950.5,951.5,15039
2024-08-16,950.5,952.5,936.25,938.75,17420
2024-08-19,938.0,957.5,938.0,956.25,15833
2024-08-20,955.25,966.25,950.75,957.25,13630
2024-08-21,957.0,966.0,955.5,963.0,12788
2024-08-22,962.0,963.0,940.0,941.25,17660
2024-08-23,941.75,954.0,941.25,952.0,16814
2024-08-26,943.5,961.25,939.25,959.75,18427
2024-08-27,959.0,971.75,957.0,967.5,13636
2024-08-28,968.25,969.5,953.5,958.5,10273
2024-08-29,957.25,975.0,957.0,973.75,10556
2024-08-30,974.5,987.5,971.5,982.0,2055
2024-09-03,978.75,1007.5,978.75,997.0,518
2024-09-04,987.5,1006.0,987.5,1006.0,382
2024-09-05,999.5,1008.25,999.5,1008.25,309
2024-09-06,1008.0,1008.0,989.25,989.25,122
2024-09-09,1000.25,1000.25,1000.0,1000.0,122
2024-09-10,980.25,981.75,977.5,977.5,59
2024-09-11,978.25,979.75,978.25,979.75,25
2024-09-12,987.5,991.5,987.5,991.5,4
2024-09-13,986.75,986.75,986.75,986.75,120065
2024-09-16,1005.0,1012.0,999.0,1004.5,79098
2024-09-17,1003.75,1011.0,1002.0,1006.0,80303
2024-09-18,1007.0,1022.0,1006.25,1014.0,147447
2024-09-19,1015.0,1018.25,1006.75,1013.25,116585
2024-09-20,1012.5,1019.0,1001.25,1012.0,128091
2024-09-23,1012.0,1041.75,1012.0,1039.25,220319
2024-09-24,1037.0,1058.25,1032.75,1042.25,206134
2024-09-25,1042.0,1054.5,1031.25,1053.25,175631
2024-09-26,1051.75,1064.75,1039.75,1041.0,191090
2024-09-27,1039.75,1069.5,1034.25,1065.75,237043
2024-09-30,1060.25,1069.75,1052.0,1057.0,167653
2024-10-01,1055.75,1065.5,1045.0,1057.25,165015
2024-10-02,1055.0,1063.75,1042.5,1056.0,158797
2024-10-03,1053.75,1056.25,1041.75,1046.0,126126
2024-10-04,1045.0,1055.25,1036.25,1037.75,136658
2024-10-07,1033.5,1039.0,1026.5,1034.0,170260
2024-10-08,1032.5,1039.5,1011.5,1016.25,215735
2024-10-09,1015.0,1027.25,1011.5,1020.25,185293
2024-10-10,1019.75,1025.5,1011.75,1014.75,158953
2024-10-11,1014.5,1023.75,1004.0,1005.5,213825
2024-10-14,1002.0,1008.5,995.5,996.0,165943
2024-10-15,995.0,996.0,981.0,991.0,239187
2024-10-16,991.0,1001.5,978.25,980.0,247535
2024-10-17,978.75,991.25,968.25,988.75,236377
2024-10-18,989.5,995.5,969.25,970.0,229536
2024-10-21,970.0,983.75,969.0,981.0,184725
2024-10-22,980.5,997.0,976.75,991.75,185249
2024-10-23,992.0,999.75,985.0,997.5,157963
2024-10-24,997.5,1012.25,994.25,996.25,190684
2024-10-25,996.25,996.25,984.0,987.75,143812
2024-10-28,984.0,985.5,973.5,974.0,109011
2024-10-29,974.75,980.5,965.0,965.25,82001
2024-10-30,965.0,979.0,963.75,976.5,57700
2024-10-31,977.5,985.5,975.5,982.5,7820
2024-11-01,984.25,997.25,978.25,982.5,3051
2024-11-04,990.0,995.0,982.5,987.25,1524
2024-11-05,992.25,996.75,991.0,993.75,629
2024-11-06,991.75,997.5,973.0,994.5,391
2024-11-07,997.0,1015.5,989.75,1015.5,545
2024-11-08,1015.0,1030.0,1006.0,1016.75,427
2024-11-11,1020.75,1025.75,1011.0,1011.75,212
2024-11-12,1011.75,1011.75,998.75,1003.5,209
2024-11-13,1001.25,1004.25,999.0,1004.25,86
2024-11-14,990.25,990.25,985.75,985.75,152378
2024-11-15,988.0,1005.25,987.25,998.5,140153
2024-11-18,1002.5,1011.5,989.5,1009.75,107221
2024-11-19,1009.75,1012.75,995.25,998.5,114559
2024-11-20,998.5,1001.5,985.25,990.5,110520
2024-11-21,991.0,998.75,976.25,977.75,145233
2024-11-22,980.75,985.25,975.25,983.5,113875
2024-11-25,987.5,993.25,983.0,985.75,100522
2024-11-26,980.0,991.25,976.75,983.5,131739
2024-11-27,984.0,994.25,983.25,988.75,134095
2024-11-29,993.25,998.0,982.75,989.5,77392
2024-12-02,989.5,990.5,977.5,985.25,124010
2024-12-03,985.0,999.0,983.5,991.75,135065
2024-12-04,991.5,992.0,980.5,983.75,113543
2024-12-05,983.5,994.75,982.25,993.75,109222
2024-12-06,993.0,997.5,987.75,993.75,150604
2024-12-09,992.25,1003.5,985.75,990.0,155123
2024-12-10,990.0,1000.0,988.5,994.75,162231
2024-12-11,994.0,1001.0,988.0,995.5,177510
2024-12-12,995.0,998.25,988.5,995.75,178084
2024-12-13,994.25,995.0,986.0,988.25,97052
2024-12-16,987.5,993.5,981.0,982.0,126195
2024-12-17,982.5,986.25,970.5,976.75,170736
2024-12-18,976.75,977.5,950.25,951.75,171410
2024-12-19,950.25,964.75,945.25,963.0,170407
2024-12-20,962.5,977.5,960.0,974.5,110119
2024-12-23,974.5,979.25,968.0,969.5,73622
2024-12-24,968.25,975.75,966.0,975.25,28802
2024-12-26,979.0,989.75,975.0,988.0,70637
2024-12-27,986.5,989.25,979.25,980.0,56059
2024-12-30,983.5,994.75,974.75,982.0,39468
2024-12-31,980.5,999.5,980.0,998.25,5238
2025-01-02,996.5,1004.0,990.75,999.5,1299
2025-01-03,1002.25,1002.25,978.75,981.0,912
2025-01-06,982.75,997.5,982.75,992.5,598
2025-01-07,991.0,993.25,982.5,992.25,265
2025-01-08,994.0,994.0,985.75,987.5,308
2025-01-09,982.75,992.25,980.5,992.25,168
2025-01-10,992.0,1018.5,992.0,1013.5,435
2025-01-13,1022.0,1044.0,1021.5,1041.5,202
2025-01-14,1043.0,1049.0,1035.0,1043.0,220603
2025-01-15,1046.0,1054.0,1039.75,1042.75,139448
2025-01-16,1042.0,1042.75,1018.5,1019.0,162099
2025-01-17,1019.0,1039.0,1019.0,1034.0,189419
2025-01-21,1045.0,1068.0,1039.0,1067.25,215089
2025-01-22,1066.0,1073.5,1051.75,1056.0,214743
2025-01-23,1055.0,1076.25,1047.75,1065.5,148819
2025-01-24,1051.0,1063.0,1046.75,1055.75,177241
2025-01-27,1050.0,1051.0,1040.0,1045.0,127356
2025-01-28,1042.75,1050.75,1041.0,1045.0,129003
2025-01-29,1045.0,1061.75,1044.5,1060.5,128051
2025-01-30,1060.0,1060.5,1042.0,1044.0,135406
2025-01-31,1042.75,1052.0,1034.0,1042.0,154522
2025-02-03,1032.0,1060.25,1031.75,1058.25,164396
2025-02-04,1057.5,1077.25,1048.25,1075.0,182908
2025-02-05,1073.5,1079.75,1053.0,1057.0,166300
2025-02-06,1057.25,1066.5,1049.75,1060.5,129164
2025-02-07,1060.5,1063.75,1047.5,1049.5,154226
2025-02-10,1046.5,1052.25,1043.0,1049.5,128319
2025-02-11,1049.0,1057.0,1041.5,1043.5,149758
2025-02-12,1043.5,1047.0,1024.5,1027.75,171577
2025-02-13,1028.5,1032.5,1024.0,1030.0,147392
2025-02-14,1030.0,1046.75,1029.5,1036.0,120772
2025-02-18,1033.0,1041.75,1026.0,1038.5,123334
2025-02-19,1037.0,1047.75,1029.25,1031.75,133961
2025-02-20,1032.25,1046.0,1031.75,1045.5,112590
2025-02-21,1043.75,1049.25,1036.5,1039.5,115932
2025-02-24,1038.25,1043.0,1027.0,1029.0,101531
2025-02-25,1029.0,1035.0,1019.5,1031.25,117588
2025-02-26,1030.0,1032.75,1021.25,1024.5,74754
2025-02-27,1024.0,1034.0,1021.0,1022.75,37040
2025-02-28,1023.25,1031.5,1011.0,1011.5,1982
2025-03-03,1012.0,1014.5,995.25,998.25,2052
2025-03-04,995.25,1000.25,978.0,984.0,928
2025-03-05,991.0,998.75,983.25,997.75,276
2025-03-06,999.0,1019.25,999.0,1014.0,416
2025-03-07,1011.0,1015.0,1010.0,1010.25,112
2025-03-10,1013.0,1013.0,999.75,999.75,89
2025-03-11,998.0,1006.25,997.0,997.75,66
2025-03-12,997.5,997.5,982.75,987.5,39
2025-03-13,999.25,999.25,996.75,996.75,33
2025-03-14,999.25,999.25,999.25,999.25,101125
2025-03-17,1016.25,1021.75,1010.25,1015.5,80925
2025-03-18,1015.0,1021.75,1011.25,1012.75,100675
2025-03-19,1012.0,1016.0,1006.5,1008.25,124450
2025-03-20,1009.0,1014.5,1004.0,1013.0,117385
2025-03-21,1013.5,1016.75,1004.25,1009.75,101376
2025-03-24,1010.0,1011.5,1003.25,1007.25,88648
2025-03-25,1007.0,1007.75,998.25,1001.75,99523
2025-03-26,1002.75,1008.75,997.5,1001.0,103851
2025-03-27,1001.0,1017.75,999.75,1016.75,111192
2025-03-28,1015.0,1023.5,1009.0,1023.0,120885
2025-03-31,1023.0,1031.5,1013.25,1014.75,160036
2025-04-01,1014.75,1034.75,1010.5,1034.25,167012
2025-04-02,1032.0,1033.0,1024.5,1029.5,129992
2025-04-03,1011.0,1020.25,1005.25,1011.5,169499
2025-04-04,1011.0,1012.75,970.25,977.0,269757
2025-04-07,971.75,993.5,969.5,983.0,272593
2025-04-08,983.25,1002.25,982.5,992.75,216115
2025-04-09,989.0,1015.5,987.5,1012.75,205523
2025-04-10,1015.25,1029.5,1010.75,1029.0,192962
2025-04-11,1026.5,1044.5,1021.75,1042.75,191945
2025-04-14,1040.75,1049.5,1036.75,1041.75,117322
2025-04-15,1040.5,1041.25,1030.75,1036.0,126985
2025-04-16,1035.25,1045.75,1028.0,1038.75,113594
2025-04-17,1038.0,1045.25,1032.0,1036.5,88269
2025-04-21,1039.75,1043.75,1029.0,1029.5,56324
2025-04-22,1030.75,1039.5,1030.0,1035.0,78848
2025-04-23,1037.5,1046.0,1034.25,1040.25,105262
2025-04-24,1042.0,1055.0,1039.0,1053.0,95258
2025-04-25,1053.0,1058.0,1046.75,1049.75,80595
2025-04-28,1049.5,1054.0,1041.5,1052.0,69123
2025-04-29,1051.5,1052.75,1034.75,1041.0,38351
2025-04-30,1040.5,1042.5,1028.25,1034.75,3242
2025-05-01,1034.5,1043.0,1027.0,1040.25,2080
2025-05-02,1039.5,1051.5,1039.5,1048.75,1388
2025-05-05,1044.5,1046.5,1037.0,1038.0,682
2025-05-06,1038.0,1038.0,1030.0,1034.75,282
2025-05-07,1038.0,1045.0,1030.0,1030.5,204
2025-05-08,1030.0,1039.0,1029.0,1036.75,61
2025-05-09,1036.5,1048.0,1036.5,1044.0,53
2025-05-12,1046.0,1066.0,1046.0,1066.0,75
2025-05-13,1069.0,1071.0,1067.25,1067.25,31
2025-05-14,1075.0,1075.0,1048.25,1067.0,124910
2025-05-15,1073.0,1073.25,1046.0,1051.25,172955
2025-05-16,1052.5,1059.75,1047.25,1050.0,114733
2025-05-19,1050.25,1056.0,1045.75,1050.75,78345
2025-05-20,1050.75,1056.75,1046.25,1053.0,92812
2025-05-21,1052.75,1067.5,1052.75,1062.75,129770
2025-05-22,1057.0,1070.75,1051.0,1067.5,114369
2025-05-23,1071.0,1073.25,1055.5,1060.25,105119
2025-05-27,1061.25,1067.75,1059.0,1062.5,85012
2025-05-28,1061.75,1064.25,1047.5,1048.5,94732
2025-05-29,1055.5,1055.75,1040.0,1051.75,121364
2025-05-30,1049.0,1050.5,1040.25,1041.75,103024
2025-06-02,1042.25,1042.75,1032.5,1033.5,110582
2025-06-03,1034.5,1044.0,1032.75,1040.75,103958
2025-06-04,1040.5,1053.0,1037.75,1045.0,136377
2025-06-06,1050.75,1060.5,1047.0,1057.25,130387
2025-06-09,1057.5,1061.75,1053.5,1056.0,120715
2025-06-10,1057.25,1063.75,1055.75,1057.75,139464
2025-06-11,1057.75,1062.75,1049.25,1050.5,159137
2025-06-12,1049.0,1056.25,1038.5,1042.25,228330
2025-06-13,1042.25,1071.0,1040.75,1069.75,211601
2025-06-16,1069.5,1079.25,1064.25,1069.75,159294
2025-06-17,1069.75,1075.25,1063.75,1074.0,132731
2025-06-20,1074.0,1080.5,1067.0,1068.0,104762
2025-06-23,1072.5,1073.75,1056.0,1058.75,105102
2025-06-24,1055.0,1062.25,1046.25,1046.75,98635
2025-06-25,1047.25,1054.75,1023.5,1025.25,114571
2025-06-26,1027.25,1030.5,1017.25,1022.75,61878
2025-06-27,1023.25,1034.25,1020.0,1027.75,26684
2025-06-30,1030.0,1039.25,1018.25,1024.25,5015
2025-07-01,1022.0,1026.5,1012.25,1024.75,1119
2025-07-02,1027.25,1050.75,1027.25,1050.5,863
2025-07-07,1040.75,1051.0,1030.25,1031.75,1227
2025-07-08,1038.75,1040.5,1024.25,1024.25,239
2025-07-09,1023.5,1023.5,1012.25,1012.25,18
2025-07-10,1005.25,1013.0,1004.5,1012.5,48
2025-07-11,1012.5,1015.5,1004.0,1004.0,22
2025-07-14,1002.0,1002.0,997.0,997.0,41417
2025-07-15,997.25,1002.5,993.0,995.0,31994
2025-07-16,996.25,1014.5,996.0,1013.5,33432
2025-07-17,1012.5,1022.5,1009.5,1021.5,36536
2025-07-18,1021.25,1037.25,1020.25,1027.75,46931
2025-07-21,1024.0,1028.5,1011.5,1015.0,36572
2025-07-22,1016.0,1017.5,1005.0,1010.25,57095
2025-07-23,1010.5,1019.25,1004.75,1005.75,56306
2025-07-24,1005.0,1010.75,999.0,1004.25,68411
2025-07-25,1004.75,1008.25,996.5,998.75,50674
2025-07-28,995.0,996.25,986.75,988.75,59017
2025-07-29,987.75,990.75,976.75,981.75,51072
2025-07-30,982.0,984.0,967.5,967.75,26906
2025-07-31,970.25,972.5,960.75,961.75,2159
2025-08-01,962.0,965.25,961.75,961.75,446
2025-08-04,969.5,970.25,968.25,969.0,484
2025-08-05,969.0,970.25,968.0,969.0,306
2025-08-06,973.75,977.5,961.5,961.5,142
2025-08-07,966.0,971.75,966.0,971.75,22
2025-08-08,968.5,975.75,966.75,966.75,206
2025-08-11,988.0,991.75,988.0,989.5,26
2025-08-12,978.5,1011.75,975.0,1011.75,157
2025-08-13,1013.5,1025.5,1013.5,1023.5,59
2025-08-14,1008.5,1008.5,1008.5,1008.5,27617
2025-08-15,1008.5,1023.0,1005.75,1022.25,19843
2025-08-18,1021.5,1027.0,1014.25,1020.75,17318
2025-08-19,1021.5,1025.25,1009.75,1013.0,18605
2025-08-20,1013.0,1019.25,1011.0,1015.0,14436
2025-08-21,1015.0,1035.25,1011.5,1034.5,35172
2025-08-22,1032.75,1040.5,1030.5,1036.5,23422
2025-08-25,1036.0,1039.5,1023.5,1025.5,30733
2025-08-26,1025.0,1034.5,1019.5,1028.75,23442
2025-08-27,1028.25,1033.25,1024.0,1027.25,18842
2025-08-28,1027.75,1030.75,1019.5,1028.25,19385
2025-09-02,1035.0,1035.0,1019.5,1025.75,1134
2025-09-03,1019.25,1019.75,1015.5,1016.0,583
2025-09-04,1012.0,1012.0,1007.5,1012.0,409
2025-09-05,1015.0,1015.0,1006.5,1006.5,127
2025-09-08,1007.5,1013.5,1005.5,1013.5,65
2025-09-09,1011.5,1011.5,1011.5,1011.5,18
2025-09-10,1007.75,1009.75,1005.5,1005.5,20
2025-09-11,1015.25,1015.25,1015.25,1015.25,17
2025-09-12,1025.75,1025.75,1025.75,1025.75,185166
2025-09-15,1043.0,1051.25,1039.75,1042.75,119751
2025-09-16,1043.0,1052.5,1041.75,1049.75,109074
2025-09-17,1049.25,1052.75,1042.0,1043.75,106461
2025-09-18,1043.75,1044.5,1035.25,1037.5,99218
2025-09-19,1038.5,1047.75,1024.0,1025.5,184812
2025-09-22,1024.25,1025.0,1006.25,1011.0,188011
2025-09-23,1010.75,1015.5,1005.0,1012.0,147291
2025-09-24,1011.25,1020.25,1005.75,1009.0,155373
2025-09-25,1008.5,1017.0,1006.5,1012.25,132635
2025-09-26,1012.0,1015.75,1008.75,1013.75,103466
2025-09-29,1011.75,1013.75,1006.0,1010.5,103672
2025-09-30,1009.25,1009.25,1000.5,1001.75,160384
2025-10-01,1000.25,1020.0,993.75,1013.0,207983
2025-10-02,1013.0,1025.5,1008.25,1023.75,169691
2025-10-03,1021.0,1028.75,1016.5,1018.0,137811
2025-10-06,1015.25,1023.25,1014.0,1017.75,117346
2025-10-07,1017.0,1025.5,1016.0,1022.0,153295
2025-10-08,1021.25,1030.0,1020.0,1029.5,199782
2025-10-09,1029.0,1030.0,1020.75,1022.25,212396
2025-10-10,1021.5,1024.75,1002.5,1006.75,239699
2025-10-13,1006.0,1013.0,1003.0,1007.75,239699
2025-10-14,1007.0,1009.75,1001.0,1006.5,143602
2025-10-15,1006.5,1011.75,1002.0,1006.5,147308
2025-10-16,1006.25,1019.75,1006.0,1010.75,145818
2025-10-17,1010.75,1021.5,1010.5,1019.5,163412
2025-10-20,1020.0,1033.75,1019.75,1031.75,183111
2025-10-21,1031.75,1038.0,1027.75,1030.75,173746
2025-10-22,1030.0,1038.0,1027.5,1034.75,206187
2025-10-23,1034.75,1045.0,1033.5,1044.75,145526
2025-10-24,1044.25,1045.5,1040.75,1041.75,154262
2025-10-27,1052.5,1072.75,1052.25,1067.25,178679
2025-10-28,1066.5,1091.5,1065.25,1078.25,136145
2025-10-29,1075.75,1084.75,1068.5,1080.25,83363
2025-10-30,1077.5,1101.0,1057.0,1091.25,54356
2025-10-31,1089.25,1100.0,1085.25,1099.75,7984
2025-11-04,1116.5,1119.0,1100.75,1108.25,1309
2025-11-05,1106.25,1120.25,1106.25,1119.75,1495
2025-11-06,1115.0,1115.0,1090.0,1091.75,662
2025-11-07,1093.5,1102.5,1093.25,1101.75,350
2025-11-10,1106.25,1116.0,1106.25,1116.0,635
2025-11-11,1110.5,1115.0,1106.0,1113.25,196
2025-11-12,1120.75,1120.75,1110.0,1120.5,99
2025-11-13,1120.25,1135.75,1115.5,1132.0,148
2025-11-14,1133.0,1138.75,1112.75,1112.75,217050
2025-11-17,1120.0,1160.25,1114.25,1157.25,233035
2025-11-18,1155.5,1169.5,1147.75,1153.5,186560
2025-11-19,1152.25,1152.5,1135.0,1136.25,118644
2025-11-20,1135.5,1142.75,1121.5,1122.5,128502
2025-11-21,1122.5,1127.5,1113.25,1125.0,123067
2025-11-24,1128.25,1131.0,1116.25,1123.25,109625
2025-11-25,1121.75,1128.75,1117.25,1124.75,115334
2025-11-26,1125.5,1135.25,1122.75,1131.5,104778
2025-11-28,1131.75,1138.75,1129.75,1137.75,38009
2025-12-01,1140.0,1142.25,1127.0,1128.0,117117
2025-12-02,1126.5,1135.75,1123.25,1124.75,134455
2025-12-03,1125.25,1130.75,1115.5,1115.75,127538
2025-12-04,1117.0,1124.5,1114.0,1119.5,134989
2025-12-05,1119.25,1121.0,1104.5,1105.25,140332
2025-12-08,1105.0,1107.5,1092.25,1093.75,170570
2025-12-09,1093.75,1094.75,1084.5,1087.25,185665
2025-12-10,1087.5,1093.25,1081.5,1091.25,148748
2025-12-11,1091.0,1096.0,1086.25,1093.5,149794
2025-12-12,1093.0,1094.5,1075.75,1076.75,131283
2025-12-15,1074.5,1080.0,1067.0,1071.75,184066
2025-12-16,1072.0,1076.25,1059.5,1062.75,138914
2025-12-17,1063.5,1067.5,1053.5,1058.25,130593
2025-12-18,1058.25,1061.25,1051.0,1052.25,115444
2025-12-19,1052.25,1054.0,1047.0,1049.25,101057
2025-12-22,1048.5,1056.0,1048.5,1053.25,102352
2025-12-23,1053.5,1057.75,1049.75,1051.5,98420
2025-12-24,1051.25,1064.75,1050.75,1063.25,48593
2025-12-26,1067.0,1069.25,1057.0,1058.75,43839
2025-12-29,1060.5,1063.5,1049.0,1049.5,61737
2025-12-30,1049.5,1053.5,1044.0,1046.25,38187
2025-12-31,1045.0,1046.75,1030.0,1030.5,5656
2026-01-02,1030.0,1030.0,1022.0,1029.5,1541
2026-01-05,1036.75,1048.0,1035.75,1047.25,1159
2026-01-06,1048.25,1053.0,1042.0,1042.0,527
2026-01-07,1044.75,1055.0,1044.75,1052.75,233
2026-01-08,1050.25,1053.0,1047.0,1047.0,183
2026-01-09,1047.5,1053.0,1047.5,1048.5,73
2026-01-12,1053.75,1056.5,1033.0,1033.0,101
2026-01-13,1029.25,1029.75,1023.25,1023.25,83
2026-01-14,1027.25,1033.25,1027.25,1030.5,120636
2026-01-15,1043.5,1058.25,1041.5,1053.0,145382
2026-01-16,1053.0,1059.0,1047.75,1057.75,106931
2026-01-20,1053.0,1061.75,1052.0,1053.0,113531
2026-01-21,1053.25,1069.25,1053.0,1064.5,135831
2026-01-22,1064.5,1072.5,1060.5,1064.0,137094
2026-01-23,1063.5,1071.5,1061.25,1067.75,92591
2026-01-26,1067.75,1076.25,1059.75,1061.75,97874
2026-01-27,1060.25,1069.5,1058.5,1067.25,97874
2026-01-28,1067.25,1084.75,1067.0,1076.25,108665
